ProductName,image,link,price,maxretailprice,stars,GlobalRatings,5 star ratings,4 star ratings,3 star ratings,2 star ratings,1 star ratings,reviewsLink,packageSize,Item Form,Skin Type,Brand,Scent,Material Feature,Material Type Free,Age Range (Description),Number of Items,Net Quantity,Special Feature,Is Discontinued By Manufacturer,Product Dimensions,Date First Available,Manufacturer,ASIN,Item model number,Country of Origin,Item Weight,Item Dimensions LxWxH,Generic Name,Packer,Importer,Included Components,Use for,Package Dimensions,Item part number,Colour,Item Package Quantity,Product Benefits,Special Ingredients,Recommended Uses For Product
Simple Kind To Skin Moisturising Facial Wash 150 ml,https://m.media-amazon.com/images/I/513jqgK0caL._AC_UL320_.jpg,https://amazon.in/sspa/click?ie=UTF8&spc=MTozODMxMDA3NzA4ODE2MzMzOjE2ODAwNjkyMTk6c3BfYXRmOjIwMDU0NzI1NDU0ODk4OjowOjo&url=%2FSimple-Moist-Foam-Face-Wash%2Fdp%2FB00V4R0ET0%2Fref%3Dsr_1_1_sspa%3Fcrid%3D2YSQ7WN74RIQY%26keywords%3Dface%2Bwash%26qid%3D1680069219%26sprefix%3Dface%2Bwash%252Caps%252C245%26sr%3D8-1-spons%26sp_csd%3Dd2lkZ2V0TmFtZT1zcF9hdGY%26psc%3D1,250,385,4.2,"3,463",54%,25%,10%,4%,6%,https://amazon.in/Simple-Moist-Foam-Face-Wash/product-reviews/B00V4R0ET0/ref=cm_cr_dp_d_show_all_btm?ie=UTF8&reviewerType=all_reviews,Not available,Foam,All,Simple,Unscented,"Dermatologically Tested,Non-comedogenic,Vegan,Non-comedogenic Tested","No Alcohol,No Parabens,No Soap,Soap Free",Adult,1,150.0 millilitre,"Hypoallerge, Cruelty Free, Vegan",No,5 x 5 x 15.7 cm; 170 Grams,26-Jun-18,"AERO PHARMA, AERO PHARMA (SILVASSA), PREETI INDL. ESTATE, SURVEY No. 127/1 , AMLI, SILVASSA 396 230",B00V4R0ET0,100669473,India,170 g,50 x 50 x 157 Millimeters,Kind To Skin Moisturising Facial Wash,Not available,Not available,Not available,Not available,Not available,Not available,Not available,Not available,Not available,Not available,Not available
"Neutrogena Oil Free Acne Wash For Acne Prone Skin With Salicylic Acid, 175ml",https://m.media-amazon.com/images/I/515l3roH2LL._AC_UL320_.jpg,https://amazon.in/sspa/click?ie=UTF8&spc=MTozODMxMDA3NzA4ODE2MzMzOjE2ODAwNjkyMTk6c3BfYXRmOjIwMTMyMDEyNTM4NDk4OjowOjo&url=%2FNeutrogena-Free-Acne-Face-175ml%2Fdp%2FB006LXDMCS%2Fref%3Dsr_1_2_sspa%3Fcrid%3D2YSQ7WN74RIQY%26keywords%3Dface%2Bwash%26qid%3D1680069219%26sprefix%3Dface%2Bwash%252Caps%252C245%26sr%3D8-2-spons%26sp_csd%3Dd2lkZ2V0TmFtZT1zcF9hdGY%26psc%3D1,593,675,4.2,"8,301",56%,23%,11%,4%,6%,https://amazon.in/Neutrogena-Free-Acne-Face-175ml/product-reviews/B006LXDMCS/ref=cm_cr_dp_d_show_all_btm?ie=UTF8&reviewerType=all_reviews,175ml,Gel,Oily,Neutrogena,Pink grapefruit ,"Dermatologist Tested, Non Comedogenic","Alcohol Free,Oil Free,Oil-free",Adult,1,175.0 millilitre,Natural Ingredients,No,6.3 x 3.5 x 16 cm; 227.27 Grams,12-Mar-13,"Johnson & Johnson KOREA LTD, JOHNSON & JOHNSON KOREA LTD, 61, daesin-ro 164 beon-gil, Heungdeok-gu,Cheongju-si, Chungcheongbuk-do, Korea, 1800-228-111",B006LXDMCS,26205810,Not available,227 g,6.3 x 3.5 x 16 Centimeters,Acne Wash,"JOHNSON & JOHNSON KOREA LTD, 61, daesin-ro 164 beon-gil, Heungdeok-gu,Cheongju-si, Chungcheongbuk-do, Korea, 1800-228-111","Johnson & Johnson Pvt Ltd, L B S Marg Mulund West, Mumbai 400080, 1800-228-111",Acne Wash,Not available,Not available,Not available,Not available,Not available,Not available,Not available,Not available
"St. Ives Watermelon Hydrating Face Wash for Deeply Clean Hydrated Skin, 190g",https://m.media-amazon.com/images/I/51LHxkChUdL._AC_UL320_.jpg,https://amazon.in/sspa/click?ie=UTF8&spc=MTozODMxMDA3NzA4ODE2MzMzOjE2ODAwNjkyMTk6c3BfYXRmOjIwMTMyNTc4Nzc2NTk4OjowOjo&url=%2FIves-Watermelon-Hydrating-Deeply-Hydrated%2Fdp%2FB0B1TGZZLC%2Fref%3Dsr_1_3_sspa%3Fcrid%3D2YSQ7WN74RIQY%26keywords%3Dface%2Bwash%26qid%3D1680069219%26sprefix%3Dface%2Bwash%252Caps%252C245%26sr%3D8-3-spons%26sp_csd%3Dd2lkZ2V0TmFtZT1zcF9hdGY%26psc%3D1,241,360,4.3,248,62%,21%,9%,5%,4%,https://amazon.in/Ives-Watermelon-Hydrating-Deeply-Hydrated/product-reviews/B0B1TGZZLC/ref=cm_cr_dp_d_show_all_btm?ie=UTF8&reviewerType=all_reviews,Not available,Gel,All,St. Ives,Watermelon,Not available,Paraben Free,Adult,1,12.0 millilitre,"Hydrating, Non Comedogenic",Not available,4.5 x 4.5 x 18.5 cm; 190 Grams,20-May-22,"Hindustan Unilever Limited, Hindustan Unilever Ltd, Unilever House, B D Sawant Marg, Chakala Andheri East - 400099",B0B1TGZZLC,SFTW1N0,India,190 g,45 x 45 x 185 Millimeters,Facewash,Not available,"Hindustan Unilever Ltd, Unilever House, B D Sawant Marg, Chakala Andheri East - 400099",Not available,"Skin, Face",Not available,Not available,Not available,Not available,Not available,Not available,Not available
"Ozone D-Tan Face Wash 100ml| Enriched with Licorice, Cucumber, Aloe vera | Ideal For All Skin Types Tan Removal, Sun-Damage & Uneven Skin Tone | Detan Face Wash for Tan Removal | For Men & Women",https://m.media-amazon.com/images/I/61uokmS8HqL._AC_UL320_.jpg,https://amazon.in/sspa/click?ie=UTF8&spc=MTozODMxMDA3NzA4ODE2MzMzOjE2ODAwNjkyMTk6c3BfYXRmOjIwMTA2OTkxOTI0NDk4OjowOjo&url=%2FOzone-Tan-Face-Wash-100%2Fdp%2FB095P9CH4S%2Fref%3Dsr_1_4_sspa%3Fcrid%3D2YSQ7WN74RIQY%26keywords%3Dface%2Bwash%26qid%3D1680069219%26sprefix%3Dface%2Bwash%252Caps%252C245%26sr%3D8-4-spons%26sp_csd%3Dd2lkZ2V0TmFtZT1zcF9hdGY%26psc%3D1,174,275,3.9,103,50%,20%,12%,7%,11%,https://amazon.in/Ozone-Tan-Face-Wash-100/product-reviews/B095P9CH4S/ref=cm_cr_dp_d_show_all_btm?ie=UTF8&reviewerType=all_reviews,Not available,Gel,All,OZONE,Aloe Vera,Cruelty Free,Paraben Free,Adult,1,100.0 millilitre,Organic,Not available,Not available,20-May-21,"Ozone Pharmaceuticals Ltd, Ozone Pharmaceuticals Ltd, New Delhi, 01145549000",B095P9CH4S,Not available,India,120 g,Not available,Face Wash,"Ozone Pharmaceuticals Ltd, New Delhi, 0114554900",Not available,Not available,Not available,16.8 x 5.9 x 4 cm; 120 Grams,F15325133_MTO,Not available,Not available,Not available,Not available,Not available
"Cetaphil Face Wash Gentle Skin Cleanser for Dry to Normal, Sensitive Skin, 125 ml Hydrating Face Wash with Niacinamide, Vitamin B5",https://m.media-amazon.com/images/I/71t9JRry+3L._AC_UL320_.jpg,https://amazon.in/Cetaphil-Gentle-Skin-Cleanser-125ml/dp/B01CCGW4OE/ref=sr_1_5?crid=2YSQ7WN74RIQY&keywords=face+wash&qid=1680069219&sprefix=face+wash%2Caps%2C245&sr=8-5,283,305,4.3,"20,267",60%,24%,9%,3%,4%,https://amazon.in/Cetaphil-Gentle-Skin-Cleanser-125ml/product-reviews/B01CCGW4OE/ref=cm_cr_dp_d_show_all_btm?ie=UTF8&reviewerType=all_reviews,Not available,Cream,"Sensitive, Dry, Normal",Cetaphil,Unscented,"Won't Clog Pores, Fragrance Free, PH balanced, Hypoallergenic, Dermatologist Tested","Soap Free, Sulphate Free, Paraben Free",18 and above,1,125.0 gram,"Won't Clog Pores, PH balanced, Hypoallergenic, Unscented, Dermatologist tested",No,11 x 6.6 x 3.5 cm; 125 Grams,29-Feb-16,"Encube Ethicals Pvt. Ltd.Plot No C 1, Madkaim Industrial Estate, Post Mardol, Ponda, Goa 403408, Encube Ethicals Pvt. Ltd.Plot No C 1, Madkaim Industrial Estate, Post Mardol, Ponda, Goa 403408",B01CCGW4OE,8.90353E+12,India,125 g,11 x 6.6 x 3.5 Centimeters,Cleanser for sensitive skin,"Galderma India Pvt. Ltd, Lotus Corporate Park, D Wing, Unit 801 & 802, Off Western Express Highway, Goregaon (East), Mumbai 400 063, India","Galderma India Pvt. Ltd., Lotus Corporate Park, D Wing, Unit 801 & 802, Off Western Express Highway, Goregaon (Eas T), Mumbai 400 063, India",Not available,Not available,Not available,Not available,Not available,Not available,Not available,Not available,Not available
"Himalaya Purifying Neem Face Wash, 400 Ml",https://m.media-amazon.com/images/I/51tXjE2WQQL._AC_UL320_.jpg,https://amazon.in/Himalaya-Purifying-Neem-Face-Wash/dp/B07XS46Q73/ref=sr_1_6?crid=2YSQ7WN74RIQY&keywords=face+wash&qid=1680069219&sprefix=face+wash%2Caps%2C245&sr=8-6,311,425,4.4,"84,673",60%,26%,9%,2%,3%,https://amazon.in/Himalaya-Purifying-Neem-Face-Wash/product-reviews/B07XS46Q73/ref=cm_cr_dp_d_show_all_btm?ie=UTF8&reviewerType=all_reviews,Not available,Foam,Normal,Himalaya,Neem,Antibacterial,Soap Free,Adult,1,400.0 millilitre,Unscented,Not available,14 x 8 x 17 cm; 440 Grams,11-Sep-19,"Himalaya, The Himalaya Drug Company, Makali, Bengalure, 562162; 1-800-208-1930",B07XS46Q73,7004295,India,440 g,14 x 8 x 17 Centimeters,Neem face wash,"The Himalaya Drug Company, Makali, Bengalure, 562162; 1-800-208-1930",Not available,face Wash 1 unit 400ml,Not available,Not available,Not available,Not available,Not available,Not available,Not available,Not available
Biotique Papaya Deep Cleanse Face Wash For Visibly Glowing Skin All Skin Types 2x100ml,https://m.media-amazon.com/images/I/712mzN6txEL._AC_UL320_.jpg,https://amazon.in/Biotique-Visible-Ageless-Papaya-Scrub/dp/B07DPRHCH5/ref=sr_1_7?crid=2YSQ7WN74RIQY&keywords=face+wash&qid=1680069219&sprefix=face+wash%2Caps%2C245&sr=8-7,182,250,4.1,"15,316",51%,26%,12%,4%,6%,https://amazon.in/Biotique-Visible-Ageless-Papaya-Scrub/product-reviews/B07DPRHCH5/ref=cm_cr_dp_d_show_all_btm?ie=UTF8&reviewerType=all_reviews,Not available,Gel,Normal,Biotique,Papaya,Organic,Not available,Adult,1,200.0 millilitre,Organic,No,5 x 5 x 16 cm; 220 Grams,12-Jun-18,Biotique,B07DPRHCH5,RETMLCOM00076,India,220 g,50 x 50 x 160 Millimeters,Papaya Exfoliating Face Wash,Not available,Not available,Not available,Not available,Not available,Not available,Transparent,Not available,Not available,Not available,Not available
"Minimalist 2% Salicylic Acid Face Wash For Oily Skin | Sulphate Free, Anti Acne Face Cleanser With Lha & Zinc For Acne Or Pimples | Men & Women 100 Ml",https://m.media-amazon.com/images/I/51qpGr-1qzL._AC_UL320_.jpg,https://amazon.in/Minimalist-Salicylic-Sulphate-Cleanser-Pimples/dp/B096PJMGPL/ref=sr_1_8?crid=2YSQ7WN74RIQY&keywords=face+wash&qid=1680069219&sprefix=face+wash%2Caps%2C245&sr=8-8,284,299,4.1,"6,866",53%,24%,12%,4%,6%,https://amazon.in/Minimalist-Salicylic-Sulphate-Cleanser-Pimples/product-reviews/B096PJMGPL/ref=cm_cr_dp_d_show_all_btm?ie=UTF8&reviewerType=all_reviews,Not available,Liquid,"Oily, Combination",Minimalist,Unscented,Non Comedogenic,"Silicone Free, Paraffin Free",15+,1,100.0 millilitre,Dermatologically Tested,Not available,5 x 5 x 11 cm; 160 Grams,05-Jun-21,Uprising Science Pvt Ltd,B096PJMGPL,MNSAC,India,160 g,50 x 50 x 110 Millimeters,Face Wash Face Cleanser,Not available,Not available,Not available,Not available,Not available,Not available,Not available,Not available,Not available,Not available,Not available
"Himalaya Herbals Purifying Neem Face Wash, 200ml",https://m.media-amazon.com/images/I/51Svkx9-N6L._AC_UL320_.jpg,https://amazon.in/Himalaya-Neem-Face-Wash-200ml/dp/B006G83ZXO/ref=sr_1_9?crid=2YSQ7WN74RIQY&keywords=face+wash&qid=1680069219&sprefix=face+wash%2Caps%2C245&sr=8-9,187,199,4.4,"84,673",60%,26%,9%,2%,3%,https://amazon.in/Himalaya-Neem-Face-Wash-200ml/product-reviews/B006G83ZXO/ref=cm_cr_dp_d_show_all_btm?ie=UTF8&reviewerType=all_reviews,Not available,Not available,Not available,Not available,Not available,Not available,Not available,Not available,Not available,200.0 millilitre,Not available,No,7.3 x 5 x 17 cm; 200 Grams,01-Jan-17,"Himalaya, The Himalaya Drug Company, Makali, Bengalure, 562162; 1-800-208-1930",B006G83ZXO,7000861,India,200 g,7.3 x 5 x 17 Centimeters,Neem face wash,"The Himalaya Drug Company, Makali, Bengalure, 562162; 1-800-208-1930",Not available,face Wash 1 unit 200ML,Not available,Not available,Not available,Not available,Not available,Not available,Not available,Not available
Mamaearth Ubtan Natural Face Wash for All Skin Type with Turmeric & Saffron for Tan removal and Skin brightning 100 ml - SLS & Paraben Free,https://m.media-amazon.com/images/I/51hwUO-kAqL._AC_UL320_.jpg,https://amazon.in/Mamaearth-Natural-Turmeric-Saffron-brightning/dp/B07FPV716J/ref=sr_1_10?crid=2YSQ7WN74RIQY&keywords=face+wash&qid=1680069219&sprefix=face+wash%2Caps%2C245&sr=8-10,240,259,4.1,"42,141",52%,25%,11%,4%,7%,https://amazon.in/Mamaearth-Natural-Turmeric-Saffron-brightning/product-reviews/B07FPV716J/ref=cm_cr_dp_d_show_all_btm?ie=UTF8&reviewerType=all_reviews,Not available,Cream,All,Mamaearth,Turmeric,"Biodegradable, Cruelty Free, Dermatologist Tested","Free Of Sulfates,Paraben Free,Toxin Free",Adult,1,100.0 millilitre,Not available,No,16.1 x 5.8 x 3.2 cm; 0.11 Grams,18-Jul-18,"Honasa Consumer Pvt Ltd, Kapco International Ltd",B07FPV716J,8.90609E+12,India,0.11 g,16.1 x 5.8 x 3.2 Centimeters,FACE WASH,Kapco International Ltd,Not available,Not available,Not available,Not available,Not available,YELLOW,Not available,Not available,Not available,Not available
"Biotique Fruit Brightning Face Wash, 200ml",https://m.media-amazon.com/images/I/51ym8rbYGrL._AC_UL320_.jpg,https://amazon.in/Biotique-White-Advanced-Fairness-Transparent/dp/B07QF7LNVD/ref=sr_1_11?crid=2YSQ7WN74RIQY&keywords=face+wash&qid=1680069219&sprefix=face+wash%2Caps%2C245&sr=8-11,175,240,4.1,"36,835",52%,26%,12%,4%,6%,https://amazon.in/Biotique-White-Advanced-Fairness-Transparent/product-reviews/B07QF7LNVD/ref=cm_cr_dp_d_show_all_btm?ie=UTF8&reviewerType=all_reviews,Not available,Gel,Normal,Biotique,"Pineapple, Lemon","Not Tested On Animals,Organic,Cruelty Free",Alcohol Free; Paraben Free,Adult,1,200.0 millilitre,"Alcohol Free, Paraben, Cruelty Free",No,5 x 5 x 17.5 cm; 240 Grams,04-Apr-19,Biotique,B07QF7LNVD,NEWRETFMCG005,India,240 g,50 x 50 x 175 Millimeters,White Advanced Fairness Face Wash,Not available,Not available,Not available,Not available,Not available,Not available,Not available,Not available,Not available,Not available,Not available
"Everyuth Naturals Anti Acne, Anti Marks Tulsi Turmeric Face Wash, 150gm, Tube",https://m.media-amazon.com/images/I/71sMOICxp8L._AC_UL320_.jpg,https://amazon.in/Everyuth-Naturals-Tulsi-Turmeric-150ml/dp/B01CTVULGA/ref=sr_1_12?crid=2YSQ7WN74RIQY&keywords=face+wash&qid=1680069219&sprefix=face+wash%2Caps%2C245&sr=8-12,93,185,4,525,48%,24%,14%,5%,8%,https://amazon.in/Everyuth-Naturals-Tulsi-Turmeric-150ml/product-reviews/B01CTVULGA/ref=cm_cr_dp_d_show_all_btm?ie=UTF8&reviewerType=all_reviews,Facewash,Tube,All,Everyuth,Turmeric,Antibacterial,Soap Free,Adult,1,150.0 gram,Acne Preservative Free,No,5 x 5 x 16.7 cm; 150 Grams,11-Mar-16,"Zydus Wellness, Zydus Wellness, Plot no.26,27,28,30,37, Mamring power house, Mamring block,namthang elakha,, Namachi, South Sikkim, Sikkim, 737132; Email: customercare@zyduswellness.com",B01CTVULGA,8.90155E+12,India,150 g,50 x 50 x 167 Millimeters,Not available,"Zydus Wellness, Plot no.26,27,28,30,37, Mamring power house, Mamring block,namthang elakha,, Namachi, South Sikkim, Sikkim, 737132; Email: customercare@zyduswellness.com",Not available,Facewash tube,Not available,Not available,Not available,Not available,Not available,Not available,Not available,Not available
"Clean & Clear Foaming Face Wash For Oily Skin, 150ml",https://m.media-amazon.com/images/I/51lqWQWKuiL._AC_UL320_.jpg,https://amazon.in/Clean-Clear-Foaming-Face-Wash/dp/B00CI3HDMU/ref=sr_1_13?crid=2YSQ7WN74RIQY&keywords=face+wash&qid=1680069219&sprefix=face+wash%2Caps%2C245&sr=8-13,150,195,4.4,"10,517",60%,26%,9%,3%,3%,https://amazon.in/Clean-Clear-Foaming-Face-Wash/product-reviews/B00CI3HDMU/ref=cm_cr_dp_d_show_all_btm?ie=UTF8&reviewerType=all_reviews,Not available,Foam,Normal,Clean & Clear,Not available,Not available,Oil Free,Adult,1,150.0 millilitre,Oil Free,No,5.5 x 2 x 14.5 cm; 150 Grams,24-Apr-13,"Johnson & Johnson Pvt LTD, Johnson & Johnson Pvt LTD, VOP Bhatoli Kalan, Tehsil Baddi, Dist. Solan, Baddi HP, 1800-228-111",B00CI3HDMU,33503890,India,150 g,5.5 x 2 x 14.5 Centimeters,Facial Wash,"Johnson & Johnson Pvt LTD, VOP Bhatoli Kalan, Tehsil Baddi, Dist. Solan, Baddi HP, 1800-228-111",Not available,Facial Wash,Face,Not available,Not available,Not available,1,Not available,Not available,Not available
"Cetaphil Oily Skin Cleanser , Daily Face Wash for Oily, Acne prone Skin , Gentle Foaming, 125ml",https://m.media-amazon.com/images/I/718NOimjcaL._AC_UL320_.jpg,https://amazon.in/Cetaphil-Cleanser-Oily-Skin-125ml/dp/B01CCGW732/ref=sr_1_14?crid=2YSQ7WN74RIQY&keywords=face+wash&qid=1680069219&sprefix=face+wash%2Caps%2C245&sr=8-14,440,545,4.3,"6,402",60%,23%,9%,3%,5%,https://amazon.in/Cetaphil-Cleanser-Oily-Skin-125ml/product-reviews/B01CCGW732/ref=cm_cr_dp_d_show_all_btm?ie=UTF8&reviewerType=all_reviews,Not available,Liquid,Oily,Cetaphil,Unscented,Dermatologist Tested,Sodium Laureth Sulfate (SLES) Free,18 and above,1,125 count,Hypoallergenic,No,11.4 x 6.2 x 2.6 cm; 75 Grams,29-Feb-16,"Nestlé Skin Health India Pvt. Ltd.(Formerly known as Galderma India Pvt. Ltd.), Encube Ethicals Pvt. Ltd.Plot No C 1, Madkaim Industrial Estate,,Post Mardol, Ponda, Goa 403406",B01CCGW732,Cetaphil_3,India,75 g,11.4 x 6.2 x 2.6 Centimeters,Face cleanser,"Encube Ethicals Pvt. Ltd.Plot No C 1, Madkaim Industrial Estate,,Post Mardol, Ponda, Goa 403404",Not available,Not available,Not available,Not available,Not available,Not available,Not available,Not available,Not available,Not available
"Plum Green Tea Pore Cleansing Face Wash | Acne Face Wash | Oily Skin | Bright, Clear Skin | 100% Vegan | Soap-Free | Face Wash for Women & Men | 120ml",https://m.media-amazon.com/images/I/51aIyNt4ypL._AC_UL320_.jpg,https://amazon.in/Plum-Green-Cleansing-Bright-Soap-Free/dp/B08PQDXMFP/ref=sr_1_15?crid=2YSQ7WN74RIQY&keywords=face+wash&qid=1680069219&sprefix=face+wash%2Caps%2C245&sr=8-15,255,360,4.3,"12,803",56%,26%,10%,3%,4%,https://amazon.in/Plum-Green-Cleansing-Bright-Soap-Free/product-reviews/B08PQDXMFP/ref=cm_cr_dp_d_show_all_btm?ie=UTF8&reviewerType=all_reviews,Not available,Gel,"All, Oily, Combination",Plum,"Plum,Green Tea","Cruelty Free, Vegan",Cruelty Free,Adult,1,120.0 millilitre,"Not Tested On Animals, Oily, acne-prone skin, Natural Ingredients",No,3 x 3 x 7 cm; 120 Grams,04-Dec-20,"Sprivil Healthcare Private Limited, Sprivil Healthcare Private Limited L1/4, Additional MIDC, Satara (MH) 415004",B08PQDXMFP,PLGT0120FWA0538,India,120 g,30 x 30 x 70 Millimeters,"Green Tea Pore Cleansing Face Wash | Acne Face Wash For Women | Oily Skin | Bright, Clear Skin | 100% Vegan | Soap-Free | 120ml",Pureplay Skin Sciences,Pureplay Skin Sciences,Not available,Not available,Not available,Not available,Not available,Not available,Not available,Not available,Not available
Pond'S Bright Beauty Spot-Less Fairness & Germ Removal Facewash 200 G,https://m.media-amazon.com/images/I/41s5wVGxWnL._AC_UL320_.jpg,https://amazon.in/Ponds-Bright-Beauty-Spot-less-Vitamins/dp/B08NYD1GGK/ref=sr_1_16?crid=2YSQ7WN74RIQY&keywords=face+wash&qid=1680069219&sprefix=face+wash%2Caps%2C245&sr=8-16,263,355,4.4,"7,302",60%,25%,9%,2%,3%,https://amazon.in/Ponds-Bright-Beauty-Spot-less-Vitamins/product-reviews/B08NYD1GGK/ref=cm_cr_dp_d_show_all_btm?ie=UTF8&reviewerType=all_reviews,Face wash 200 ml,Not available,Not available,Not available,Not available,Not available,Not available,Not available,Not available,200.0 gram,Not available,Not available,5 x 5 x 16 cm; 200 Grams,04-Dec-20,"L.B.C.P.Pvt Ltd, LBCP Unit II, Haridwar 249403, Uttarakhand TOLL FREE : 1800-10-22-221 PO BOX 14760, MUMBAI 400 099 LEVER.CARE@UNILEVER.COM",B08NYD1GGK,12971,India,200 g,50 x 50 x 160 Millimeters,White Beauty Spot-less Fairness & Germ Removal Face Wash,Not available,Not available,Face Wash,Not available,Not available,Not available,Not available,Not available,Not available,Not available,Not available
"Garnier Men, Face Wash, Brightening & Anti-Pollution, TurboBright Double Action, 150 g",https://m.media-amazon.com/images/I/51YOFiC3zvL._AC_UL320_.jpg,https://amazon.in/Garnier-Bright-Double-Charcoal-Facewash/dp/B08PQLBM2M/ref=sr_1_17?crid=2YSQ7WN74RIQY&keywords=face+wash&qid=1680069219&sprefix=face+wash%2Caps%2C245&sr=8-17,263,325,4.3,"34,031",58%,26%,9%,3%,4%,https://amazon.in/Garnier-Bright-Double-Charcoal-Facewash/product-reviews/B08PQLBM2M/ref=cm_cr_dp_d_show_all_btm?ie=UTF8&reviewerType=all_reviews,Not available,Cream,All,Garnier,Unscented,Antibacterial,Alcohol Free,Adult,1,150 millilitre,Organic,Not available,5 x 7.8 x 15.9 cm; 150 Grams,04-Dec-20,"Loreal India Pvt. Ltd., L’Oréal India Pvt. Ltd., Chakan, Pune - 410 501. M. Lic. No.: M PD/C-44 N) Pritam International Pvt. Ltd., K. No. 138, Raipur Industrial Area, Roorkee 247 667, Uttarakhand. M. Lic. No.: M-10/C/UA/2013",B08PQLBM2M,SYMDF150,India,150 g,50 x 78 x 159 Millimeters,Men Power White Double Action Charcoal Face Wash,"L’Oréal India Pvt. Ltd., Chakan, Pune - 410 501. M. Lic. No.: M PD/C-44 N) Pritam International Pvt. Ltd., K. No. 138, Raipur Industrial Area, Roorkee 247 667, Uttarakhand. M. Lic. No.: M-10/C/UA/2013",Loreal India Pvt. Ltd.,Face Wash,Not available,Not available,Not available,Not available,Not available,Not available,Not available,Not available
Mamaearth Vitamin C Face Wash with Vitamin C and Turmeric for Skin Illumination - 100ml,https://m.media-amazon.com/images/I/51TRUq9GxDL._AC_UL320_.jpg,https://amazon.in/Mamaearth-Vitamin-Face-Turmeric-Illumination/dp/B089W938BR/ref=sr_1_18?crid=2YSQ7WN74RIQY&keywords=face+wash&qid=1680069219&sprefix=face+wash%2Caps%2C245&sr=8-18,259,259,4,"22,128",49%,26%,13%,5%,8%,https://amazon.in/Mamaearth-Vitamin-Face-Turmeric-Illumination/product-reviews/B089W938BR/ref=cm_cr_dp_d_show_all_btm?ie=UTF8&reviewerType=all_reviews,Not available,Cream,Combination,Mamaearth,Turmeric,Dermatologist Tested,Paraben Free,Adult,1,100 millilitre,Vitamin C,No,30.2 x 8.2 x 3.2 cm; 100 Grams,08-Jun-20,"Mamaearth, Kapco International Ltd",B089W938BR,8.90609E+12,India,100 g,30.2 x 8.2 x 3.2 Centimeters,Facewash,Kapco International Ltd,Not available,Not available,Not available,Not available,Not available,Not available,Not available,Not available,Not available,Not available
"Himalaya Herbals Purifying Neem Face Wash, 150ml",https://m.media-amazon.com/images/I/71iB238C14L._AC_UL320_.jpg,https://amazon.in/Himalaya-Herbals-Purifying-Neem-150ml/dp/B010Z0LH8I/ref=sr_1_19?crid=2YSQ7WN74RIQY&keywords=face+wash&qid=1680069219&sprefix=face+wash%2Caps%2C245&sr=8-19,142,170,4.4,"8,018",61%,25%,9%,2%,3%,https://amazon.in/Himalaya-Herbals-Purifying-Neem-150ml/product-reviews/B010Z0LH8I/ref=cm_cr_dp_d_show_all_btm?ie=UTF8&reviewerType=all_reviews,As shown in the picture,Gel,Acne Prone,Himalaya,Neem,Organic,Soap-free,Adult,1,150.0 millilitre,Organic,No,4.45 x 7.62 x 15.24 cm; 100 Grams,16-Jan-13,"Himalaya, The Himalaya Drug Company, Makali, Bengalure, 562162; 1-800-208-1930",B010Z0LH8I,2004_X,India,100 g,44 x 76 x 152 Millimeters,Neem face wash,"The Himalaya Drug Company, Makali, Bengalure, 562162; 1-800-208-1930","The Himalaya Drug Company At: (20) No. 182, Village Gurumajra, Kishanpura, Tehsil Nalagarh- 174101, Dist. Salan (H.P.)",Face Wash 1 unit 150ML,Not available,Not available,Not available,Not available,Not available,Not available,Not available,Not available
"Garnier Skin Naturals, Facewash, Cleansing and Brightening, Bright Complete, 150 g",https://m.media-amazon.com/images/I/51b6jWLQBlL._AC_UL320_.jpg,https://amazon.in/Garnier-Bright-Complete-VITAMIN-Facewash/dp/B094RQ7BQ8/ref=sr_1_20?crid=2YSQ7WN74RIQY&keywords=face+wash&qid=1680069219&sprefix=face+wash%2Caps%2C245&sr=8-20,211,279,4.3,"3,007",58%,25%,9%,3%,6%,https://amazon.in/Garnier-Bright-Complete-VITAMIN-Facewash/product-reviews/B094RQ7BQ8/ref=cm_cr_dp_d_show_all_btm?ie=UTF8&reviewerType=all_reviews,Not available,"Cream, Serum",All,Garnier,Lemon,Dermatologist Tested,Gluten Free,Adult,1,150.0 gram,Organic,Not available,5 x 7.8 x 15.9 cm; 150 Grams,12-May-21,"Garnier, Pritam International Pvt Ltd., K. No. 138, Raipur Industrial Area, Roorkee, Uttarakhand - 247667",B094RQ7BQ8,SYWLM045,India,150 g,50 x 78 x 159 Millimeters,Skin Care,"Pritam International Pvt Ltd., K. No. 138, Raipur Industrial Area, Roorkee, Uttarakhand - 247667","Loreal India Pvt. Ltd. A-Wing, 8th Floor, Marathon Futurex, NM Joshi Marg, Lower Parel, Mumbai, Maharashtra 400013",Face wash,Not available,Not available,Not available,Not available,Not available,Not available,Not available,Not available
"St. Ives Tea Tree Pimple Clear Face Wash for Deep Cleansing, 190g",https://m.media-amazon.com/images/I/51ER67E9m5L._AC_UL320_.jpg,https://amazon.in/sspa/click?ie=UTF8&spc=MTozODMxMDA3NzA4ODE2MzMzOjE2ODAwNjkyMTk6c3BfbXRmOjIwMTMyNTc4Nzc2NDk4OjowOjo&url=%2FIves-Tree-Pimple-Clear-Cleansing%2Fdp%2FB0B1T5Q78L%2Fref%3Dsr_1_21_sspa%3Fcrid%3D2YSQ7WN74RIQY%26keywords%3Dface%2Bwash%26qid%3D1680069219%26sprefix%3Dface%2Bwash%252Caps%252C245%26sr%3D8-21-spons%26sp_csd%3Dd2lkZ2V0TmFtZT1zcF9tdGY%26psc%3D1,216,360,4.5,261,70%,19%,8%,2%,1%,https://amazon.in/Ives-Tree-Pimple-Clear-Cleansing/product-reviews/B0B1T5Q78L/ref=cm_cr_dp_d_show_all_btm?ie=UTF8&reviewerType=all_reviews,Not available,Gel,All,St. Ives,Tea Tree,Not available,"Alcohol Free,Paraben Free,Soap Free",Adult,1,12.0 millilitre,"Paraben Free, Non Comedogenic",Not available,4.5 x 4.5 x 18.5 cm; 190 Grams,20-May-22,"Hindustan Unilever Limited, Hindustan Unilever Ltd, Unilever House, B D Sawant Marg, Chakala Andheri East - 400099",B0B1T5Q78L,SFTQ1N0,India,190 g,45 x 45 x 185 Millimeters,Facewash,Not available,"Hindustan Unilever Ltd, Unilever House, B D Sawant Marg, Chakala Andheri East - 400099",Not available,Face,Not available,Not available,Not available,Not available,Not available,Not available,Not available
"Neutrogena Deep Clean Foaming Cleanser For Normal To Oily Skin, 100g",https://m.media-amazon.com/images/I/41CWzyMvPSL._AC_UL320_.jpg,https://amazon.in/sspa/click?ie=UTF8&spc=MTozODMxMDA3NzA4ODE2MzMzOjE2ODAwNjkyMTk6c3BfbXRmOjIwMTMwMDc2NzM1Mjk4OjowOjo&url=%2FNeutrogena-Deep-Clean-Foaming-Cleanser%2Fdp%2FB006LXDPOI%2Fref%3Dsr_1_22_sspa%3Fcrid%3D2YSQ7WN74RIQY%26keywords%3Dface%2Bwash%26qid%3D1680069219%26sprefix%3Dface%2Bwash%252Caps%252C245%26sr%3D8-22-spons%26sp_csd%3Dd2lkZ2V0TmFtZT1zcF9tdGY%26psc%3D1,272,320,4.3,"5,761",57%,25%,10%,3%,4%,https://amazon.in/Neutrogena-Deep-Clean-Foaming-Cleanser/product-reviews/B006LXDPOI/ref=cm_cr_dp_d_show_all_btm?ie=UTF8&reviewerType=all_reviews,Pack of 1,Foam,Oily,Neutrogena,Unscented,Dermatologist Tested,Oil Free,Adult,1,100.0 gram,Natural Ingredients,No,6.3 x 4 x 15.4 cm; 100 Grams,01-Jan-17,"JOHNSON & JOHNSON THAILAND LTD, JOHNSON & JOHNSON THAILAND LTD, 106 Moo, 4Latkrabang Industrial Estate, Chalongkrug Road, Lamplatew latkrabang , Bangkok 10520, Thailand ,1800-228-111",B006LXDPOI,26813815,Thailand,100 g,6.3 x 4 x 15.4 Centimeters,Foam Cleanser,"JOHNSON & JOHNSON THAILAND LTD, 106 Moo, 4Latkrabang Industrial Estate, Chalongkrug Road, Lamplatew latkrabang , Bangkok 10520, Thailand ,1800-228-111","Johnson & Johnson Pvt Ltd, L B S Marg Mulund West, Mumbai 400080, 1800-228-111",Foam Cleanser,Not available,Not available,Not available,Not available,Not available,Not available,Not available,Not available
mCaffeine Deep Cleansing Coffee Face Wash for Oil Control | De Tan Face Wash for Men & Women | Daily Use Anti Pollution Face Wash For Summers | 100ml,https://m.media-amazon.com/images/I/51WBvBby7bL._AC_UL320_.jpg,https://amazon.in/sspa/click?ie=UTF8&spc=MTozODMxMDA3NzA4ODE2MzMzOjE2ODAwNjkyMTk6c3BfbXRmOjIwMDc5Nzk1OTcxOTk4OjowOjo&url=%2FMCaffeine-Coffee-Cleanser-Normal-Paraben%2Fdp%2FB07K4CLWQR%2Fref%3Dsr_1_23_sspa%3Fcrid%3D2YSQ7WN74RIQY%26keywords%3Dface%2Bwash%26qid%3D1680069219%26sprefix%3Dface%2Bwash%252Caps%252C245%26sr%3D8-23-spons%26sp_csd%3Dd2lkZ2V0TmFtZT1zcF9tdGY%26psc%3D1,299,349,4.2,"8,106",55%,22%,12%,4%,6%,https://amazon.in/MCaffeine-Coffee-Cleanser-Normal-Paraben/product-reviews/B07K4CLWQR/ref=cm_cr_dp_d_show_all_btm?ie=UTF8&reviewerType=all_reviews,Not available,Gel,"All, Oily, Normal",mcaffeine,Coffee Face Wash,Cruelty Free,Paraben Free,Adult,1,100 millilitre,Not available,No,6 x 4.5 x 16.5 cm; 100 Grams,01-Nov-18,Not available,B07K4CLWQR,MCaf41,India,100 g,6 x 4.5 x 16.5 Centimeters,Face Wash,Not available,Not available,Not available,Not available,Not available,Not available,Brown,Not available,Not available,Not available,Not available
"Nivea Men Face Wash, Dark Spot Reduction, For Clean & Clear Skin With 10X Vitamin C Effect, 50 G",https://m.media-amazon.com/images/I/51K1TTmQqHL._AC_UL320_.jpg,https://amazon.in/sspa/click?ie=UTF8&spc=MTozODMxMDA3NzA4ODE2MzMzOjE2ODAwNjkyMTk6c3BfbXRmOjIwMTEwNDQyODExMjk4OjowOjo&url=%2FNivea-Dark-Spot-Reduction-Facewash%2Fdp%2FB009NQROLU%2Fref%3Dsr_1_24_sspa%3Fcrid%3D2YSQ7WN74RIQY%26keywords%3Dface%2Bwash%26qid%3D1680069219%26sprefix%3Dface%2Bwash%252Caps%252C245%26sr%3D8-24-spons%26sp_csd%3Dd2lkZ2V0TmFtZT1zcF9tdGY%26psc%3D1,94,110,4.1,"1,158",49%,27%,14%,5%,5%,https://amazon.in/Nivea-Dark-Spot-Reduction-Facewash/product-reviews/B009NQROLU/ref=cm_cr_dp_d_show_all_btm?ie=UTF8&reviewerType=all_reviews,Not available,Gel,All,Nivea,Aloe Vera,Not available,Not available,Adult,1,1 count,Not available,No,5.8 x 3.5 x 11.8 cm; 50 Grams,02-Sep-13,"Beiersdorf Manufacturing Gujarat, NIVEA INDIA PVT LTD, SM-9/1, SANAND II,IND. ESTATE,VILL.BOL,SANAND,AHMEDABAD; Phone: 022 6248 7999",B009NQROLU,8.8835E+11,India,50 g,5.8 x 3.5 x 11.8 Centimeters,Not available,"Nivea India Pvt. Ltd., 4th Floor, A Wing, Art Guild House, Phoenix Market City, Kurla West, Mumbai, Maharashtra 400070; Phone: 022 6248 7999",Not available,Men Face wash,Face,Not available,Not available,Not available,1,Tightening,Not available,Not available
Biotique Honey Gel Soothe & Nourish Foaming Face Wash For All Skin Types 150 Ml,https://m.media-amazon.com/images/I/51gevKGPbWL._AC_UL320_.jpg,https://amazon.in/Biotique-Honey-Refreshing-Foaming-150ml/dp/B00KCLZ6VU/ref=sr_1_25?crid=2YSQ7WN74RIQY&keywords=face+wash&qid=1680069219&sprefix=face+wash%2Caps%2C245&sr=8-25,138,190,4.2,"30,045",52%,27%,12%,4%,5%,https://amazon.in/Biotique-Honey-Refreshing-Foaming-150ml/product-reviews/B00KCLZ6VU/ref=cm_cr_dp_d_show_all_btm?ie=UTF8&reviewerType=all_reviews,Not available,Gel,All,Biotique,Honey,Not available,Soap Free,Adult,1,150.0 millilitre,Hydrating,No,10 x 5 x 10 cm; 160 Grams,15-May-14,Biotique,B00KCLZ6VU,8.90601E+12,India,160 g,10 x 5 x 10 Centimeters,Not available,Not available,"Bio Veda Action Research Company, Khasra No 439/42 Mauja Rampur Ghat, Tehsil-Paonta Sahib, Dist-Sirmour, Pin 173025 (H.P), India",Not available,Not available,Not available,Not available,Not available,1,Not available,Not available,Not available
"Himalaya Moistur Aloe Vera Face Wash, 200ml",https://m.media-amazon.com/images/I/61UkDhwYuuL._AC_UL320_.jpg,https://amazon.in/Himalaya-Moisturizing-Aloe-Vera-200ml/dp/B074M3Z6Q5/ref=sr_1_26?crid=2YSQ7WN74RIQY&keywords=face+wash&qid=1680069219&sprefix=face+wash%2Caps%2C245&sr=8-26,183,235,4.1,"21,099",50%,25%,13%,5%,7%,https://amazon.in/Himalaya-Moisturizing-Aloe-Vera-200ml/product-reviews/B074M3Z6Q5/ref=cm_cr_dp_d_show_all_btm?ie=UTF8&reviewerType=all_reviews,Not available,Gel,Combination,Himalaya,"Cucumber,Aloe Vera",Natural,Soap-free,Adult,1,200.0 millilitre,Scented,No,7.3 x 5 x 17 cm; 310 Grams,06-Aug-17,"Himalaya, The Himalaya Drug Company, Makali, Bengalure, 562162; 1-800-208-1930",B074M3Z6Q5,7002677,India,310 g,7.3 x 5 x 17 Centimeters,Face wash,"The Himalaya Drug Company, Makali, Bengalure, 562162; 1-800-208-1930",Not available,face Wash 1 unit 200ml,Not available,Not available,Not available,Not available,Not available,Not available,Not available,Not available
"Lotus Herbals WhiteGlow 3-In-1 Deep Cleansing Skin Whitening Facial Foam, face wash, for all skin types , 100g",https://m.media-amazon.com/images/I/61KRUG15BhL._AC_UL320_.jpg,https://amazon.in/Lotus-Herbals-Whiteglow-Cleansing-Whitening/dp/B00EU4YX82/ref=sr_1_27?crid=2YSQ7WN74RIQY&keywords=face+wash&qid=1680069219&sprefix=face+wash%2Caps%2C245&sr=8-27,195,225,4.2,"13,272",54%,26%,12%,3%,5%,https://amazon.in/Lotus-Herbals-Whiteglow-Cleansing-Whitening/product-reviews/B00EU4YX82/ref=cm_cr_dp_d_show_all_btm?ie=UTF8&reviewerType=all_reviews,Not available,Foam,All,Lotus Herbals,Aloe Vera,Not available,Not available,Adult,1,100.0 gram,Milk,No,5 x 2.75 x 15 cm; 100 Grams,01-Jan-17,"Lotus Herbals Color Cosmetics, Lotus Herbals Color Cosmetics, 80-B & 80-C, Jharmajri, Baddi, Distt. Solan-173205(H.P.) ; 1800-1200-36231",B00EU4YX82,8.0636E+11,India,100 g,50 x 27 x 150 Millimeters,Face Wash,"Lotus Herbals Color Cosmetics, 80-B & 80-C, Jharmajri, Baddi, Distt. Solan-173205(H.P.) ; 1800-1200-36231",Not available,Face Wash,Not available,Not available,Not available,Not available,1,Not available,Aloe Vera,Not available
WOW Skin Science Brightening Vitamin C Face Wash | All Skin Types | Glowing Bright Skin | Refreshing | Paraben & Sulphates Free | Face Wash for Women & Men | 100 ml,https://m.media-amazon.com/images/I/51u3BipAoQL._AC_UL320_.jpg,https://amazon.in/WOW-Brightening-Vitamin-Face-Wash/dp/B07SZ243VZ/ref=sr_1_28?crid=2YSQ7WN74RIQY&keywords=face+wash&qid=1680069219&sprefix=face+wash%2Caps%2C245&sr=8-28,218,249,4,"39,920",50%,24%,13%,5%,8%,https://amazon.in/WOW-Brightening-Vitamin-Face-Wash/product-reviews/B07SZ243VZ/ref=cm_cr_dp_d_show_all_btm?ie=UTF8&reviewerType=all_reviews,Not available,Liquid,All,WOW Skin Science,Lemon,Dermatologist Tested,"No Parabens,Silicones",Adult,1,1.00 count,Vitamin C,Not available,4 x 3 x 15 cm; 100 Grams,11-Jun-19,"WOW Skin Science, Kapco International Limited",B07SZ243VZ,WOW_FW_VC1,India,100 g,40 x 30 x 150 Millimeters,Face Wash,Kapco International Limited,Not available,Face Wash,Not available,Not available,Not available,Not available,Not available,Not available,Not available,Not available
"Himalaya Oil Clear Lemon Face Wash, 200ml",https://m.media-amazon.com/images/I/51KxhVUaN9L._AC_UL320_.jpg,https://amazon.in/Himalaya-Clear-Lemon-Face-200ml/dp/B01D64QN2U/ref=sr_1_29?crid=2YSQ7WN74RIQY&keywords=face+wash&qid=1680069219&sprefix=face+wash%2Caps%2C245&sr=8-29,180,210,4.2,"7,012",52%,27%,12%,4%,5%,https://amazon.in/Himalaya-Clear-Lemon-Face-200ml/product-reviews/B01D64QN2U/ref=cm_cr_dp_d_show_all_btm?ie=UTF8&reviewerType=all_reviews,Not available,Liquid,Oily,Himalaya,Lemon,Antibacterial,Soap Free,Adult,1,200.0 millilitre,Not available,No,7.3 x 5 x 17 cm; 230 Grams,20-Aug-16,"Himalaya, The Himalaya Drug Company, Makali, Bengalure, 562162; 1-800-208-1930",B01D64QN2U,8.90114E+12,India,230 g,7.3 x 5 x 17 Centimeters,Face wash,"The Himalaya Drug Company, Makali, Bengalure, 562162; 1-800-208-1930",Not available,Face Wash 1 unit 200ML,Not available,Not available,Not available,Not available,Not available,Not available,Lemon,Not available
"Clean & Clear Foaming Facewash for Oily Skin, Brown, 240ml",https://m.media-amazon.com/images/I/51cJ-IDx5PL._AC_UL320_.jpg,https://amazon.in/Clean-Clear-Foaming-Facewash-Brown/dp/B08QF21VD9/ref=sr_1_30?crid=2YSQ7WN74RIQY&keywords=face+wash&qid=1680069219&sprefix=face+wash%2Caps%2C245&sr=8-30,205,300,4.4,"6,546",63%,24%,8%,2%,3%,https://amazon.in/Clean-Clear-Foaming-Facewash-Brown/product-reviews/B08QF21VD9/ref=cm_cr_dp_d_show_all_btm?ie=UTF8&reviewerType=all_reviews,Not available,Not available,Not available,Not available,Not available,Not available,Not available,Not available,Not available,240.0 millilitre,Not available,Not available,7 x 4 x 16 cm; 280 Grams,11-Dec-20,"Johnson & Johnson Pvt Ltd, 1800-228-111",B08QF21VD9,79618092,India,280 g,7 x 4 x 16 Centimeters,Foaming Facewash,"Johnson & Johnson Pvt Ltd at V Plot No 143, Panchal Udyog Nagar, Bhimpore, Nani Daman-396210, India",Not available,Foaming Face Wash,Not available,Not available,Not available,Not available,Not available,Not available,Not available,Not available
"Dot & Key CICA Face Wash for Acne Prone Skin, 2% Salicylic Acid Face Wash with Green Tea | For Oily & Sensitive Skin | Sulphate Free Face Wash for Men & Women | Blemish Clearing Face Wash | 100ml",https://m.media-amazon.com/images/I/51UJk3+dcSL._AC_UL320_.jpg,https://amazon.in/Salicylic-Sensitive-Sulphate-Blemish-Clearing/dp/B0BCJZ289Q/ref=sr_1_31?crid=2YSQ7WN74RIQY&keywords=face+wash&qid=1680069219&sprefix=face+wash%2Caps%2C245&sr=8-31,220,295,4.2,681,55%,23%,11%,5%,6%,https://amazon.in/Salicylic-Sensitive-Sulphate-Blemish-Clearing/product-reviews/B0BCJZ289Q/ref=cm_cr_dp_d_show_all_btm?ie=UTF8&reviewerType=all_reviews,Not available,Gel,"Oily, Acne Prone",DOT & KEY,Synthetic-Fragrance Free,Cruelty Free,Paraben Free,Adult,1,100.0 millilitre,"Oil Free, Non Comedogenic",Not available,Not available,31-Aug-22,"RSH Global Pvt. Ltd, RSH Global Pvt. Ltd 159 Mahamayatala, Garia Main Road Ph No.: 8697725279 Kolkata - 700113",B0BCJZ289Q,Not available,India,110 g,Not available,Not available,"Dot & Key Wellness Private Limited, 7/1 Kulia Tangra 2nd Lane, Kolkata: 700015 Customer Care: 9007011112 | customercare@dotandkey.com",Not available,Not available,Not available,15 x 6 x 4.1 cm; 110 Grams,CL1038M,Not available,Not available,Not available,Not available,Not available
"Garnier Men, Anti-Pimple Face Wash, Repairs Skin & Balances Oils, AcnoFight, 100 g",https://m.media-amazon.com/images/I/51bDRF35L9L._AC_UL320_.jpg,https://amazon.in/Garnier-Acno-Fight-Face-Wash/dp/B007921JYI/ref=sr_1_32?crid=2YSQ7WN74RIQY&keywords=face+wash&qid=1680069219&sprefix=face+wash%2Caps%2C245&sr=8-32,175,225,4.4,"22,429",60%,25%,9%,2%,3%,https://amazon.in/Garnier-Acno-Fight-Face-Wash/product-reviews/B007921JYI/ref=cm_cr_dp_d_show_all_btm?ie=UTF8&reviewerType=all_reviews,Not available,Paste,All,Garnier,Mint,Natural,Not available,Adult,1,100 gram,Not available,No,15.24 x 5.59 x 3.81 cm; 100 Grams,04-Nov-13,"Garnier, Pritam International Pvt Ltd., K. No. 138, Raipur Industrial Area, Roorkee, Uttarakhand - 247667, Phone: 022 2498 3000",B007921JYI,SYMAF100-10,India,100 g,15.2 x 5.6 x 3.8 Centimeters,Facewash,"L’Oreal India Private Limited, A-Wing, 8th Floor, Marathon Futurex,N.M Joshi Marg, Lower Parel, Mumbai- 400013, Phone: 022 2498 3000","L'Oreal India Pvt. Ltd., A-Wing, 8th Floor, Marathon Futurex, N.M. Joshi Marg, Lower Parel, Mumbai-400013",Facewash,Not available,Not available,Not available,Clear,Not available,Not available,Anti Pimple,Not available
The Derma Co 1% Salicylic Acid Gel Face Wash With Salicylic Acid & Witch Hazel For Active Acne - 100 Ml(Dermaco),https://m.media-amazon.com/images/I/610deWf+gXL._AC_UL320_.jpg,https://amazon.in/Derma-Co-Salicylic-Witch-Active/dp/B095J52W7P/ref=sr_1_33?crid=2YSQ7WN74RIQY&keywords=face+wash&qid=1680069219&sprefix=face+wash%2Caps%2C245&sr=8-33,277,299,4,"3,008",51%,23%,13%,5%,8%,https://amazon.in/Derma-Co-Salicylic-Witch-Active/product-reviews/B095J52W7P/ref=cm_cr_dp_d_show_all_btm?ie=UTF8&reviewerType=all_reviews,Not available,Gel,Acne Prone,The Derma Co,Unscented,Not available,Paraben Free,Adult,1,1.00 count,Not available,Not available,Not available,20-May-21,Alaina Healthcare Pvt Ltd,B095J52W7P,Not available,India,130 g,Not available,Not available,Not available,Not available,Not available,Face,16.1 x 5 x 4.9 cm; 130 Grams,TDC_SalicylicAcid_FW,Not available,Not available,Not available,Not available,Face
VLCC Mulberry and Rose Fairness Face Wash Reduces Blemishes and Provides Fairer Complexion (300ml) (Each 150ml),https://m.media-amazon.com/images/I/71sATu-hSlL._AC_UL320_.jpg,https://amazon.in/VLCC-Mulberry-Rose-Facewash-150ml/dp/B010D4VN4E/ref=sr_1_34?crid=2YSQ7WN74RIQY&keywords=face+wash&qid=1680069219&sprefix=face+wash%2Caps%2C245&sr=8-34,190,190,4,"4,115",48%,25%,15%,5%,6%,https://amazon.in/VLCC-Mulberry-Rose-Facewash-150ml/product-reviews/B010D4VN4E/ref=cm_cr_dp_d_show_all_btm?ie=UTF8&reviewerType=all_reviews,Rose Facewash,face wash,Normal,VLCC,Rose,Mulberry,Not available,Not available,1,300.0 millilitre,Not available,No,16.2 x 13.2 x 13.2 cm; 273 Grams,25-Jun-15,"VLCC, VLCC Personal Care Ltd., Plot No. 11 & 12, Sec. 6A,Sidcul, IIE Haridwar 249403, Uttarakhand, India; +91124-4011369",B010D4VN4E,C0005,India,273 g,16.2 x 13.2 x 13.2 Centimeters,Vlcc Mulberry & Rose Fairness Facewash (Buy 1 Get 1) (Each 150ml),"VLCC Personal Care Ltd., Plot No. 11 & 12, Sec. 6A,Sidcul, IIE Haridwar 249403, Uttarakhand, India; +91124-4011369",Not available,VLCC Mulberry and Rose Facewash 150ml B1G1,Not available,Not available,Not available,Pink,Not available,Not available,Rose Water,Not available
VLCC Turmeric & Berberis Face Wash + Anti Tan Skin Lightening Face Wash (Buy 1 Get 1 Free),https://m.media-amazon.com/images/I/71C5v-WKrIL._AC_UL320_.jpg,https://amazon.in/VLCC-Turmeric-Berberis-Lightening-150ml/dp/B07WVL5TND/ref=sr_1_35?crid=2YSQ7WN74RIQY&keywords=face+wash&qid=1680069219&sprefix=face+wash%2Caps%2C245&sr=8-35,190,190,4.1,"4,372",48%,28%,15%,5%,5%,https://amazon.in/VLCC-Turmeric-Berberis-Lightening-150ml/product-reviews/B07WVL5TND/ref=cm_cr_dp_d_show_all_btm?ie=UTF8&reviewerType=all_reviews,#NAME?,Gel,Normal,VLCC,Not available,Not available,Oil Free,Not available,1,300.0 millilitre,"Oil Free, Antiseptic",No,13.2 x 13.2 x 16.2 cm; 0.38 Grams,19-Aug-19,"VLCC Personal Care Ltd., VLCC Personal Care Ltd., Plot No. 11 & 12, Sec. 6A,Sidcul, IIE Haridwar 249403, Uttarakhand, India; +91124-4011369",B07WVL5TND,F0307-004,India,0.38 g,13.2 x 13.2 x 16.2 Centimeters,Vlcc Turmeric & Berberis Face Wash + Anti Tan Skin Lightening Face Wash (Buy 1 Get 1) (Each 150ml),"VLCC Personal Care Ltd., Plot No. 11 & 12, Sec. 6A,Sidcul, IIE Haridwar 249403, Uttarakhand, India; +91124-4011369",Not available,VLCC Turmeric & Berberis Face Wash + Anti Tan Skin Lightening Face Wash (Buy 1 Get 1) (Each 150ml),Face,Not available,Not available,Not available,1,Nourishing,Not available,Not available
Astaberry Indulge Vitamin C Foaming Face Wash for Skin illuminate 150ml - Brightens & Lightens | Smooths Skin Tone | Control Excess Oil | Reduces Pigmentation & Blemishes,https://m.media-amazon.com/images/I/717SOOMIuIL._AC_UL320_.jpg,https://amazon.in/Astaberry-Indulge-Vitamin-Foaming-150ml/dp/B09PDJQDSS/ref=sr_1_36?crid=2YSQ7WN74RIQY&keywords=face+wash&qid=1680069219&sprefix=face+wash%2Caps%2C245&sr=8-36,349,399,4.8,226,85%,14%,1%,Not available,Not available,https://amazon.in/Astaberry-Indulge-Vitamin-Foaming-150ml/product-reviews/B09PDJQDSS/ref=cm_cr_dp_d_show_all_btm?ie=UTF8&reviewerType=all_reviews,Not available,Foam,All,ASTABERRY,Orange,Paraben Free,"Alcohol Free, Chemical Free, Paraben Free","Adult, Unisex",1,150.0 millilitre,Not Tested On Animals,Not available,6.7 x 5 x 20.5 cm; 200 Grams,29-Dec-21,"Ivia Beaute Pvt. Ltd., Ivia Beaute Pvt. Ltd.",B09PDJQDSS,ABVC02,India,200 g,6.7 x 5 x 20.5 Centimeters,Foaming Face Wash,Not available,Not available,Not available,Not available,Not available,Not available,Not available,Not available,Not available,Not available,Not available
"Dot & Key Watermelon Super Glow Gel Face Wash with Vitamin C & Cucumber | Face Wash for Glowing Skin, Pigmentation and Dark Spot Reduction Normal, Combination & Oily Skin | 100ml",https://m.media-amazon.com/images/I/51Mo6q3rd6L._AC_UL320_.jpg,https://amazon.in/Key-Watermelon-Vitamin-Pigmentation-Reduction-Combination/dp/B0B71Y3MYG/ref=sr_1_37?crid=2YSQ7WN74RIQY&keywords=face+wash&qid=1680069219&sprefix=face+wash%2Caps%2C245&sr=8-37,221,295,4.2,320,56%,24%,10%,4%,7%,https://amazon.in/Key-Watermelon-Vitamin-Pigmentation-Reduction-Combination/product-reviews/B0B71Y3MYG/ref=cm_cr_dp_d_show_all_btm?ie=UTF8&reviewerType=all_reviews,Not available,Gel,All,DOT & KEY,Watermelon,Cruelty Free,"Sulphate Free, GMO Free, Alcohol Free, Paraben Free",Adult,1,100.0 millilitre,Sulfates Free,Not available,Not available,19-Jul-22,Not available,B0B71Y3MYG,Not available,India,110 g,Not available,Not available,"DOT & KEY WELLNESS PRIVATE LIMITED 3RD FLOOR, 2/7, VASUNDHARA BUILDING, SARAT BOSE ROAD, KOLKATA, Kolkata, West Bengal, 700020 Customer Care: 9007011112 | customercare@dotandkey.com",Not available,Not available,Not available,14.9 x 5.8 x 4.1 cm; 110 Grams,CL1038M,Not available,Not available,Not available,Not available,Not available
"Organic Harvest Brightening Foaming Face Wash for All Skin | Benefits of Kakadu Plum & Acai Berry | Cleanser for Women & Men Daily Use| Facewash for Glowing Skin, 100% American Certified Organic-100gm",https://m.media-amazon.com/images/I/51soiVT1SVL._AC_UL320_.jpg,https://amazon.in/Organic-Harvest-Brightening-Certified-Organic-100gm/dp/B0BMGNHNG5/ref=sr_1_38?crid=2YSQ7WN74RIQY&keywords=face+wash&qid=1680069219&sprefix=face+wash%2Caps%2C245&sr=8-38,306,399,4.7,276,83%,9%,3%,2%,3%,https://amazon.in/Organic-Harvest-Brightening-Certified-Organic-100gm/product-reviews/B0BMGNHNG5/ref=cm_cr_dp_d_show_all_btm?ie=UTF8&reviewerType=all_reviews,Not available,Foam,All,Organic Harvest,Brightening Foaming Face Wash,Organic,Paraben Free,Adult,1,100.0 gram,"Not Tested On Animals, Travel Size, Organic",No,6 x 6 x 16 cm; 100 Grams,15-Nov-22,"Organic Harvest, Syscom Organic World Private Ltd., AM Enterprises : Khasra No. 63-64, Unchaa Parwanoo, Dist- Solan, HP-173220, Cont : 9719287287",B0BMGNHNG5,8.90614E+12,India,100 g,6 x 6 x 16 Centimeters,Foaming Face Wash,"Syscom Organic World Private Ltd., AM Enterprises : Khasra No. 63-64, Unchaa Parwanoo, Dist- Solan, HP-173220, Cont : 9719287287","Syscom Organic World Private Ltd., AM Enterprises : Khasra No. 63-64, Unchaa Parwanoo, Dist- Solan, HP-173220, Cont : 9719287287",Foaming Face wash,Not available,Not available,Not available,Not available,Not available,Not available,Not available,Not available
Organic Harvest 6-in-1 Brightening Face Wash: Kakadu Plum & Acai Berry | Daily Use Face Wash for Men & Women | Daily Use Face Wash | 100% American certified organic | Sulphate & Paraben-free 100gm,https://m.media-amazon.com/images/I/616FuKwLBUL._AC_UL320_.jpg,https://amazon.in/Organic-Harvest-Face-Wash-100ml/dp/B07GXJWSWM/ref=sr_1_39?crid=2YSQ7WN74RIQY&keywords=face+wash&qid=1680069219&sprefix=face+wash%2Caps%2C245&sr=8-39,174,249,4.2,"1,978",57%,23%,10%,4%,6%,https://amazon.in/Organic-Harvest-Face-Wash-100ml/product-reviews/B07GXJWSWM/ref=cm_cr_dp_d_show_all_btm?ie=UTF8&reviewerType=all_reviews,Not available,Gel Mousse,"All, Oily, Combination, Sensitive, Normal",Organic Harvest,1. 6-in-1 Face wash,Organic,"Sulphate Free, Paraben Free",Adult,1,100.0 gram,Vegan,No,4 x 6.5 x 17.5 cm; 120 Grams,29-Aug-18,"Organic Harvest, AM Enterprises : Khasra No. 63-64, Unchaa Parwanoo, Dist- Solan, HP-173220, Cont : 9719287287",B07GXJWSWM,8.90608E+12,India,120 g,40 x 65 x 175 Millimeters,Face Care,"AM Enterprises : Khasra No. 63-64, Unchaa Parwanoo, Dist- Solan, HP-173220, Cont : 9719287287",Not available,1 Face Wash,Not available,Not available,Not available,Not available,Not available,Not available,Not available,Not available
Jovees Herbal Papaya Face Wash For Women/Men | Brightning and Glowing Skin I Removes Pigmentation and Dark Spots | 100% Natural Papaya Fruit Enzymes | For All Skin Types | Paraben and Alcohol Free | 120ML (Pack Of 1),https://m.media-amazon.com/images/I/71z8-vEZlvL._AC_UL320_.jpg,https://amazon.in/Jovees-Face-Wash-Papaya-120ml/dp/B016PZ3T1K/ref=sr_1_40?crid=2YSQ7WN74RIQY&keywords=face+wash&qid=1680069219&sprefix=face+wash%2Caps%2C245&sr=8-40,156,195,4.2,"1,184",55%,26%,9%,3%,6%,https://amazon.in/Jovees-Face-Wash-Papaya-120ml/product-reviews/B016PZ3T1K/ref=cm_cr_dp_d_show_all_btm?ie=UTF8&reviewerType=all_reviews,Not available,Liquid,Combination,JOVEES,Papaya,Not available,Not available,Not available,1,120.0 millilitre,Alcohol Free,No,4 x 5.9 x 14.7 cm; 120 Grams,16-Oct-15,"Jovees Herbal Care India Ltd, Jovees Herbal",B016PZ3T1K,8.90601E+12,India,120 g,40 x 59 x 147 Millimeters,gel,"Jovees Herbal Care India Ltd A-63, Sector 64 Noida 201301 Uttar Pradesh",Jovees Herbal,bottle,Not available,Not available,Not available,Off White,1,Not available,Papaya Extract,Not available
"UrbanBotanics® Tea Tree, Basil & Purifying Neem Face Wash For Women & Men - Paraben Free - SLES Free - For Normal, Oily & Acne Prone Skin, 100ml",https://m.media-amazon.com/images/I/61w49E7M1IL._AC_UL320_.jpg,https://amazon.in/UrbanBotanics%C2%AE-Tree-Neem-Basil-Women/dp/B07ZWJSWXC/ref=sr_1_41?crid=2YSQ7WN74RIQY&keywords=face+wash&qid=1680069219&sprefix=face+wash%2Caps%2C245&sr=8-41,99,249,4,"3,233",46%,28%,15%,6%,6%,https://amazon.in/UrbanBotanics%C2%AE-Tree-Neem-Basil-Women/product-reviews/B07ZWJSWXC/ref=cm_cr_dp_d_show_all_btm?ie=UTF8&reviewerType=all_reviews,Not available,Gel,"All, Oily, Combination, Dry, Normal",UrbanBotanics,Neem,Cruelty Free,Alcohol Free Paraben Free Sles Free SLS Free,Adult,1,100 millilitre,Not Tested On Animals,No,18.5 x 8 x 4.5 cm; 100 Grams,31-Oct-19,"UBPL, UBPL",B07ZWJSWXC,UBFWTNB,India,100 g,18.5 x 8 x 4.5 Centimeters,UBNTBFW100ml,"IBPL, maharashtra",Not available,Not available,Not available,Not available,Not available,Not available,Not available,Not available,Not available,Not available
"POND'S Pure Detox Face Wash 100 g, Daily Exfoliating & Brightening Cleanser, Deep Cleans Oily Skin - With Activated Charcoal for Fresh, Glowing Skin",https://m.media-amazon.com/images/I/51L5bu0xu9L._AC_UL320_.jpg,https://amazon.in/Ponds-Pollution-Activated-Charcoal-Facewash/dp/B006TTQI20/ref=sr_1_42_mod_primary_new?crid=2YSQ7WN74RIQY&keywords=face+wash&qid=1680069219&sbo=RZvfv%2F%2FHxDF%2BO5021pAnSA%3D%3D&sprefix=face+wash%2Caps%2C245&sr=8-42,161215,220₹220,4.3,"11,181",57%,26%,11%,3%,4%,https://amazon.in/Ponds-Pollution-Activated-Charcoal-Facewash/product-reviews/B006TTQI20/ref=cm_cr_dp_d_show_all_btm?ie=UTF8&reviewerType=all_reviews,Not available,Gel,Normal,POND'S,Activated Charcoal,Not available,Not available,Adult,1,100.0 gram,Exfoliating,No,15.2 x 3.8 x 5.1 cm; 100 Grams,01-Jan-17,HUL,B006TTQI20,12637,India,100 g,15.2 x 3.8 x 5.1 Centimeters,Not available,Not available,Not available,Not available,Not available,Not available,Not available,Blushed Nudes Palette,1,Not available,Not available,Not available
"Nivea Dark Spot Reduction Face Wash, 100ml (Pack of 3)",https://m.media-amazon.com/images/I/6144327llvL._AC_UL320_.jpg,https://amazon.in/Nivea-Dark-Spot-Reduction-100ml/dp/B07P8Y7P3X/ref=sr_1_43_mod_primary_new?crid=2YSQ7WN74RIQY&keywords=face+wash&qid=1680069219&sbo=RZvfv%2F%2FHxDF%2BO5021pAnSA%3D%3D&sprefix=face+wash%2Caps%2C245&sr=8-43,499650,675₹675,4.3,"4,946",60%,24%,9%,2%,4%,https://amazon.in/Nivea-Dark-Spot-Reduction-100ml/product-reviews/B07P8Y7P3X/ref=cm_cr_dp_d_show_all_btm?ie=UTF8&reviewerType=all_reviews,Pack of 3,Cream,Normal,Nivea,Fresh,Not available,Not available,Adult,3,300.0 millilitre,Not Tested On Animals,Not available,12.7 x 7.7 x 12.7 cm; 360 Grams,27-Feb-19,"NIVEA INDIA PVT LTD, NIVEA INDIA PVT LTD, SM-9/1, SANAND II,IND. ESTATE,VILL.BOL,SANAND,AHMEDABAD",B07P8Y7P3X,NIV26,India,360 g,12.7 x 7.7 x 12.7 Centimeters,"Dark Spot Reduction Face Wash, 100ml (Pack of 3)","Prime Retails, Plot no. 7, Jindal Colony, Samalka Extn, New Delhi-59 Ph-9971769499","NIVEA INDIA PVT LTD, SM-9/1, SANAND II,IND. ESTATE,VILL.BOL,SANAND,AHMEDABAD",Nivea Dark Spot Reduction Face Wash 100 ml (Pack of 3),Face,Not available,Not available,Not available,1,Not available,Not available,Not available
"Himalaya Natural Glow Kesar Face Wash, 150ml",https://m.media-amazon.com/images/I/51CXZHh+UxL._AC_UL320_.jpg,https://amazon.in/Himalaya-Fairness-Kesar-Face-150ml/dp/B00NARTS1C/ref=sr_1_44?crid=2YSQ7WN74RIQY&keywords=face+wash&qid=1680069219&sprefix=face+wash%2Caps%2C245&sr=8-44,148,175,4.2,"6,641",56%,26%,11%,3%,4%,https://amazon.in/Himalaya-Fairness-Kesar-Face-150ml/product-reviews/B00NARTS1C/ref=cm_cr_dp_d_show_all_btm?ie=UTF8&reviewerType=all_reviews,Not available,Face wash,All,Himalaya,Fresh,Natural,Artificial Colour Free,Adult,1,150.0 millilitre,Nourishing,No,8 x 4.6 x 16.2 cm; 220 Grams,01-Jan-17,"Himalaya, The Himalaya Drug Company, Makali, Bengalure, 562162; 1-800-208-1930",B00NARTS1C,7001459,India,220 g,8 x 4.6 x 16.2 Centimeters,"Face wash,","The Himalaya Drug Company, Makali, Bengalure, 562162; 1-800-208-1930",Not available,Face Wash 1 unit 150ML,Not available,Not available,Not available,Not available,Not available,Not available,Not available,Not available
"Himalaya Herbals Purifying Neem Face Wash, 100ml",https://m.media-amazon.com/images/I/51V1zNFpLFL._AC_UL320_.jpg,https://amazon.in/Himalaya-Herbals-Purifying-Neem-100ml/dp/B002Q5JE2C/ref=sr_1_45_mod_primary_new?crid=2YSQ7WN74RIQY&keywords=face+wash&qid=1680069219&sbo=RZvfv%2F%2FHxDF%2BO5021pAnSA%3D%3D&sprefix=face+wash%2Caps%2C245&sr=8-45,150126,150,4.4,"1,990",60%,26%,9%,3%,3%,https://amazon.in/Himalaya-Herbals-Purifying-Neem-100ml/product-reviews/B002Q5JE2C/ref=cm_cr_dp_d_show_all_btm?ie=UTF8&reviewerType=all_reviews,Not available,Gel,Combination,Himalaya,Neem,Not available,Soap-free,Adult,1,100.0 millilitre,"Antiseptic, Soothing",No,6.3 x 3.6 x 16.7 cm; 100 Grams,02-Sep-13,"Himalaya, The Himalaya Drug Company, Makali, Bengalure, 562162; 1-800-208-1930",B002Q5JE2C,7000863,India,100 g,6.3 x 3.6 x 16.7 Centimeters,Purifying Neem Face Wash + Purifying Neem Facial Wipes 10's (Free),"The Himalaya Drug Company, Makali, Bengalure, 562162; 1-800-208-1930",Not available,Face Wash 1 unit 100ml,Not available,Not available,Not available,Green,Not available,Not available,Not available,Not available
"Ustraa Power Face Wash Energize and De-Tan - 200g - Dermatologically Tested, No Sulphates, No Parabens, No Silicone, No Mineral Oil",https://m.media-amazon.com/images/I/51BlVVhqlFL._AC_UL320_.jpg,https://amazon.in/Ustraa-Power-Face-Wash-Energize/dp/B09V2LS2MT/ref=sr_1_46?crid=2YSQ7WN74RIQY&keywords=face+wash&qid=1680069219&sprefix=face+wash%2Caps%2C245&sr=8-46,316,450,3.9,337,51%,20%,13%,5%,11%,https://amazon.in/Ustraa-Power-Face-Wash-Energize/product-reviews/B09V2LS2MT/ref=cm_cr_dp_d_show_all_btm?ie=UTF8&reviewerType=all_reviews,Not available,Gel,All,Ustraa,Fresh,Dermatologist Tested,"Sodium Laureth Sulfate (SLES) Free, Silicone Free, Mineral Oil Free, Paraben Free",Adult,1,200.0 millilitre,Not available,Not available,8 x 4 x 20 cm; 210 Grams,08-Mar-22,"M.G. Shahani and Co. Delhi Pvt. Ltd., M.G. Shahani & Co. (Delhi) Ltd., 30 Pharma City, Selaqui Industrial Area, Dehradun, Uttarakhand - 248197",B09V2LS2MT,8.90422E+12,India,210 g,8 x 4 x 20 Centimeters,Face Wash,"Happily Unmarried Marketing Pvt Ltd, A-48, FIEE Complex, Okhla Phase 2, New Delhi 110020",Not available,Not available,Face,Not available,Not available,Not available,Not available,Not available,Not available,Not available
"L'Oreal Paris Glycolic Bright Daily Foaming Face Cleanser, 100ml | Glycolic Acid Face Wash for Dull Skin | Daily Glowing Facial Cleanser",https://m.media-amazon.com/images/I/51OJbTaK3JL._AC_UL320_.jpg,https://amazon.in/Paris-Glycolic-Foaming-Cleanser-Glowing/dp/B09ST9TN64/ref=sr_1_47?crid=2YSQ7WN74RIQY&keywords=face+wash&qid=1680069219&sprefix=face+wash%2Caps%2C245&sr=8-47,247,329,4.1,246,54%,24%,9%,5%,8%,https://amazon.in/Paris-Glycolic-Foaming-Cleanser-Glowing/product-reviews/B09ST9TN64/ref=cm_cr_dp_d_show_all_btm?ie=UTF8&reviewerType=all_reviews,100 ml (Pack of 1),Mousse,All,L'Oreal Paris,Aloe Vera,Not available,Not available,Adult,1,100.0 millilitre,Not available,Not available,16.51 x 5 x 4 cm; 110 Grams,15-Aug-22,"PT. YASULOR INDONESIA KAWASAN INDUSTRI JABABEKA 1, Indonesia, PT. YASULOR INDONESIA KAWASAN INDUSTRI JABABEKA 1,JALAN JABABEKA IV, BLOK V NO. 10-33 & 44-63, PASIR GOMBONG, CIKARANG UTARA, BEKASI, 17530, JAWA BARAT-Indonesia",B09ST9TN64,GLBCL100,Indonesia,110 g,16.5 x 5 x 4 Centimeters,Face Wash,"PT. YASULOR INDONESIA KAWASAN INDUSTRI JABABEKA 1,JALAN JABABEKA IV, BLOK V NO. 10-33 & 44-63, PASIR GOMBONG, CIKARANG UTARA, BEKASI, 17530, JAWA BARAT-Indonesia","L'Oréal India Pvt. Ltd. A-Wing, 8th Floor, Marathon Futurex, NM Joshi Marg, Lower Parel, Mumbai, Maharashtra 400013",Not available,Face,Not available,Not available,Clear,Not available,"Dark Spot Removal, Brightening, Blemishes Treatment, Detoxifying",Not available,Not available
Aroma Magic Face Wash 100 ml (Lavender),https://m.media-amazon.com/images/I/41WkeTmtlHL._AC_UL320_.jpg,https://amazon.in/Aroma-Magic-Lavender-Face-100ml/dp/B00DRE00D8/ref=sr_1_48?crid=2YSQ7WN74RIQY&keywords=face+wash&qid=1680069219&sprefix=face+wash%2Caps%2C245&sr=8-48,142,190,4.1,"4,303",49%,27%,13%,4%,7%,https://amazon.in/Aroma-Magic-Lavender-Face-100ml/product-reviews/B00DRE00D8/ref=cm_cr_dp_d_show_all_btm?ie=UTF8&reviewerType=all_reviews,Not available,Gel,Dry,Aroma Magic,Lavender,Natural,"Soap Free, Alcohol Free, Paraben Free",Adult,1,100.0 millilitre,Aromatherapy,No,4.5 x 4.5 x 15 cm; 120 Grams,02-Sep-13,"Blossom Kochhar Beauty Products Pvt. Ltd., Blossom Kochhar Beauty Products Pvt Ltd. Plot No. 334, Sector-3, IMT, Bawal, Haryana-123501, India Country of Origin - India customer care ++919870282778",B00DRE00D8,CF100085,India,120 g,45 x 45 x 150 Millimeters,Face Wash,"Blossom Kochhar Beauty Products Pvt Ltd. Plot No. 334, Sector-3, IMT, Bawal, Haryana-123501, India Country of Origin - India customer care ++919870282778",Not available,1 Face Washes,Not available,Not available,Not available,Not available,Not available,Not available,Not available,Not available
"POND'S Bright Beauty Spot-less Glow Face Wash With Vitamins, Removes Dead Skin Cells & Dark Spots, Double Brightness Action, All Skin Types, 100g",https://m.media-amazon.com/images/I/41s5wVGxWnL._AC_UL320_.jpg,https://amazon.in/PONDS-Beauty-Spotless-Lightening-Facial/dp/B006LXCLI4/ref=sr_1_49?crid=2YSQ7WN74RIQY&keywords=face+wash&qid=1680069219&sprefix=face+wash%2Caps%2C245&sr=8-49,140,175,4.2,"1,837",51%,30%,11%,3%,4%,https://amazon.in/PONDS-Beauty-Spotless-Lightening-Facial/product-reviews/B006LXCLI4/ref=cm_cr_dp_d_show_all_btm?ie=UTF8&reviewerType=all_reviews,Not available,Foam,Normal,POND'S,Not available,Dermatologist Tested,Oil Free,Adult,1,100.0 gram,Not available,No,3.6 x 6.8 x 15.6 cm; 100 Grams,01-Jan-17,HUL,B006LXCLI4,12330,India,100 g,36 x 68 x 156 Millimeters,PETROLEUM JELLY,DELHI,Not available,Not available,Not available,Not available,Not available,Sunset peach,1,Not available,Not available,Not available
"Aroma Magic Neem And Tea Tree Face Wash, 100ml",https://m.media-amazon.com/images/I/51-TLa-V3-L._AC_UL320_.jpg,https://amazon.in/Aroma-Magic-Neem-Tree-100ml/dp/B00DRE2S0G/ref=sr_1_50?crid=2YSQ7WN74RIQY&keywords=face+wash&qid=1680069219&sprefix=face+wash%2Caps%2C245&sr=8-50,127,170,4,"32,081",48%,27%,13%,5%,7%,https://amazon.in/Aroma-Magic-Neem-Tree-100ml/product-reviews/B00DRE2S0G/ref=cm_cr_dp_d_show_all_btm?ie=UTF8&reviewerType=all_reviews,Not available,Gel,Oily,Aroma Magic,Neem,Cruelty Free,"Alcohol Free, Paraben Free",Adult,1,100.00 millilitre,"Not Tested On Animals, Unscented",No,5.3 x 4.2 x 15.8 cm; 120 Grams,02-Sep-13,"Blossom Kochhar Beauty Products Pvt. Ltd., Blossom Kochhar Beauty Products Pvt. Ltd. 90-A, Khasra No. 68, Shiv Ganga Indl.Est. , Tehsil- Bhagwanpur, Haridwar, Uttarakhand-247661 (India) Helpline: 9811642820",B00DRE2S0G,8.90409E+12,India,120 g,5.3 x 4.2 x 15.8 Centimeters,Face Washes,"Blossom Kochhar Beauty Products Pvt. Ltd. 90-A, Khasra No. 68, Shiv Ganga Indl.Est. , Tehsil- Bhagwanpur, Haridwar, Uttarakhand-247661 (India) Helpline: 9811642820","Blossom Kochhar Beauty Products Pvt. Ltd. 90-A, Khasra No. 68, Shiv Ganga Indl.Est. , Tehsil- Bhagwanpur, Haridwar, Uttarakhand-247661 (India) Helpline: 9811642820",1 Face Washes,Not available,Not available,Not available,Not available,Not available,Not available,Not available,Not available
"Himalaya Tan Removal Orange Face Wash, 100ml",https://m.media-amazon.com/images/I/51bH+KviXJL._AC_UL320_.jpg,https://amazon.in/Himalaya-Removal-Orange-Face-100ml/dp/B072QLJZ1B/ref=sr_1_51?crid=2YSQ7WN74RIQY&keywords=face+wash&qid=1680069219&sprefix=face+wash%2Caps%2C245&sr=8-51,137,149,4.2,"3,869",55%,25%,12%,4%,5%,https://amazon.in/Himalaya-Removal-Orange-Face-100ml/product-reviews/B072QLJZ1B/ref=cm_cr_dp_d_show_all_btm?ie=UTF8&reviewerType=all_reviews,Not available,Gel,Dry,Himalaya,Honey,Not available,Not available,Adult|Youth,1,100.0 millilitre,Not available,No,6.3 x 3.6 x 16.7 cm; 100 Grams,08-Jun-17,"Himalaya, The Himalaya Drug Company, Makali, Bengalure, 562162; 1-800-208-1930",B072QLJZ1B,7002889,India,100 g,6.3 x 3.6 x 16.7 Centimeters,Face wash,"The Himalaya Drug Company, Makali, Bengalure, 562162; 1-800-208-1930",Not available,Face Wash 1 unit 100ML,Face,Not available,Not available,Orange,Not available,"Moisturizing,Skin",Not available,Not available
"Muuchstac Ocean Face Wash for Men, Fights Acne & Pimple, Skin Whitening & Brightening, All Skin Types, No SLS, Silicone and Paraben, 100 ML",https://m.media-amazon.com/images/I/616xSQTPH+L._AC_UL320_.jpg,https://amazon.in/Muuchstac-Face-Wash-100-Ml/dp/B07KB1Y75J/ref=sr_1_52?crid=2YSQ7WN74RIQY&keywords=face+wash&qid=1680069219&sprefix=face+wash%2Caps%2C245&sr=8-52,261,299,3.9,"8,534",48%,23%,13%,5%,10%,https://amazon.in/Muuchstac-Face-Wash-100-Ml/product-reviews/B07KB1Y75J/ref=cm_cr_dp_d_show_all_btm?ie=UTF8&reviewerType=all_reviews,Not available,Liquid,"All, Oily",Muuchstac,All Spice,Biodegradable,"Sulphate Free, Mineral Oil Free, Paraffin Free",Adult,Not available,100 millilitre,Not Tested On Animals,No,17.5 x 4 x 4 cm; 125 Grams,07-Nov-18,"Universal Cosmetics, Universal Cosmetics, Silvasa",B07KB1Y75J,Not available,India,125 g,17.5 x 4 x 4 Centimeters,Not available,Not available,Not available,Not available,Not available,Not available,DNH/C/18,Not available,Not available,Not available,"licorice, chamomile & salicylic",Not available
"Pond'S Pure Detox Face Wash 200 G, Daily Exfoliating & Brightening Cleanser, Deep Cleans Oily Skin - With Activated Charcoal For Fresh, Glowing Skin",https://m.media-amazon.com/images/I/51ePWbQhKoL._AC_UL320_.jpg,https://amazon.in/PONDS-White-Pollution-Activated-Charcoal/dp/B08PQ6VWPT/ref=sr_1_53_mod_primary_new?crid=2YSQ7WN74RIQY&keywords=face+wash&qid=1680069219&sbo=RZvfv%2F%2FHxDF%2BO5021pAnSA%3D%3D&sprefix=face+wash%2Caps%2C245&sr=8-53,230372,425₹425,4.4,"5,703",61%,25%,8%,2%,4%,https://amazon.in/PONDS-White-Pollution-Activated-Charcoal/product-reviews/B08PQ6VWPT/ref=cm_cr_dp_d_show_all_btm?ie=UTF8&reviewerType=all_reviews,Face wash 200 ml,Liquid,All,POND'S,Charcoal,Not available,Not available,Adult,1,200.0 gram,Exfoliating,Not available,5 x 5 x 16 cm; 200 Grams,04-Dec-20,"L.B.C.P.Pvt Ltd, LBCP Unit II, Haridwar 249403, Uttarakhand TOLL FREE : 1800-10-22-221 PO BOX 14760, MUMBAI 400 099 LEVER.CARE@UNILEVER.COM",B08PQ6VWPT,12972,India,200 g,50 x 50 x 160 Millimeters,Pure White Anti Pollution Activated Charcoal Face Wash,Not available,Not available,Face Wash,Face,Not available,Not available,Not available,1,Not available,Not available,Not available
"Pond'S Men Pollution Out Activated Charcoal Deep Clean Facewash, 100 G",https://m.media-amazon.com/images/I/511r4y4kGmL._AC_UL320_.jpg,https://amazon.in/Ponds-Pollution-Face-Wash-100g/dp/B00XTTME9Y/ref=sr_1_54?crid=2YSQ7WN74RIQY&keywords=face+wash&qid=1680069219&sprefix=face+wash%2Caps%2C245&sr=8-54,175,235,4.2,"5,089",54%,27%,11%,3%,4%,https://amazon.in/Ponds-Pollution-Face-Wash-100g/product-reviews/B00XTTME9Y/ref=cm_cr_dp_d_show_all_btm?ie=UTF8&reviewerType=all_reviews,Not available,Gel,Not available,POND'S,Coffee,Not available,Not available,Adult,1,100.0 gram,Not available,No,4.9 x 8 x 4.9 cm; 100 Grams,18-May-15,"Hindustan Unilever Limited, Hindustan Unilever Limited L.B.C.P., UNIT II, HARIDWAR 49 403, UTTARAKHAND. M 16 C/UA/2010. ,Contact Info:-PO BOX 14760, MUMBAI 400099/LEVER.CARE@UNILEVER.COM Toll Free no: 18001022221",B00XTTME9Y,12797,India,100 g,49 x 80 x 49 Millimeters,Not available,"Hindustan Unilever Ltd, Unilever House, B D Sawant Marg, Chakala Andheri East - 400099 Toll Free no: 18001022221",Not available,FaceWash,Face,Not available,Not available,Not available,1,Brightening,Not available,Not available
Pilgrim Australian Vitamin C Gel Face Wash for glowing skin with Kakadu Plum & Lime Pearl™ | Vitamin C face wash for dry skin | Vitamin C face wash for radiant skin | Women & Men | 100 ml,https://m.media-amazon.com/images/I/51egzZId5LL._AC_UL320_.jpg,https://amazon.in/Pilgrim-Australian-Vitamin-glowing-PearlTM/dp/B0BS69XBML/ref=sr_1_55?crid=2YSQ7WN74RIQY&keywords=face+wash&qid=1680069219&sprefix=face+wash%2Caps%2C245&sr=8-55,175,250,4.8,95,87%,9%,2%,2%,Not available,https://amazon.in/Pilgrim-Australian-Vitamin-glowing-PearlTM/product-reviews/B0BS69XBML/ref=cm_cr_dp_d_show_all_btm?ie=UTF8&reviewerType=all_reviews,Not available,Cream,All,Pilgrim,Fresh,Not available,Not available,Adult,1,100.0 gram,Vitamin C,Not available,19 x 9.5 x 11 cm; 130 Grams,11-Jan-23,Naturis Cosmetics Pvt. Ltd,B0BS69XBML,Not available,India,130 g,19 x 9.5 x 11 Centimeters,Not available,Not available,Not available,Not available,Face,Not available,PGAVC-GFWT1,Not available,Not available,"Brightening,Radiant Skin",Not available,Not available
"Garnier Men, Face Wash, Brightening & Anti-Pollution, TurboBright Double Action, 100 g",https://m.media-amazon.com/images/I/51GiGaQe8aL._AC_UL320_.jpg,https://amazon.in/Garnier-Power-White-Double-Action/dp/B00V4L6JC2/ref=sr_1_56_mod_primary_new?crid=2YSQ7WN74RIQY&keywords=face+wash&qid=1680069219&sbo=RZvfv%2F%2FHxDF%2BO5021pAnSA%3D%3D&sprefix=face+wash%2Caps%2C245&sr=8-56,170222,180₹225,4.3,"34,031",58%,26%,9%,3%,4%,https://amazon.in/Garnier-Power-White-Double-Action/product-reviews/B00V4L6JC2/ref=cm_cr_dp_d_show_all_btm?ie=UTF8&reviewerType=all_reviews,Not available,Paste,All,Garnier,Citrus,Natural,Oil Free,18,1,100 gram,Natural Ingredients,No,6.2 x 3.5 x 14.5 cm; 100 Grams,24-Mar-15,"Pritam International Pvt Ltd., Pritam International Pvt Ltd., K. No. 138, Raipur Industrial Area, Roorkee, Uttarakhand - 247667, Phone: 022 2498 3000",B00V4L6JC2,SYMDF100,India,100 g,6.2 x 3.5 x 14.5 Centimeters,Facewash,"L’Oreal India Private Limited, A-Wing, 8th Floor, Marathon Futurex,N.M Joshi Marg, Lower Parel, Mumbai- 400013, Phone: 022 2498 3000","L'Oreal India Pvt. Ltd., A-Wing, 8th Floor, Marathon Futurex, N.M. Joshi Marg, Lower Parel, Mumbai-400013",Facewash,Not available,Not available,Not available,Not available,Not available,Not available,Not available,Not available
"Dot & Key Barrier Repair + Hydrating Gentle Face Wash With Probiotic & 5 Essential Ceremides | Face Wash For Dry, Normal & Sensitive Skin | Gently Cleanses Skin From Dirt & Oil For Unisex, 100Ml",https://m.media-amazon.com/images/I/51GSe-xk4tL._AC_UL320_.jpg,https://amazon.in/sspa/click?ie=UTF8&spc=MTozODMxMDA3NzA4ODE2MzMzOjE2ODAwNjkyMTk6c3BfYnRmOjIwMTI2MzI3OTIwMzk4OjowOjo&url=%2FHydrating-Probiotic-Essential-Ceremides-Sensitive%2Fdp%2FB0BDVCTTB6%2Fref%3Dsr_1_57_sspa%3Fcrid%3D2YSQ7WN74RIQY%26keywords%3Dface%2Bwash%26qid%3D1680069219%26sprefix%3Dface%2Bwash%252Caps%252C245%26sr%3D8-57-spons%26sp_csd%3Dd2lkZ2V0TmFtZT1zcF9idGY%26psc%3D1,249,295,4.4,165,65%,20%,10%,2%,4%,https://amazon.in/Hydrating-Probiotic-Essential-Ceremides-Sensitive/product-reviews/B0BDVCTTB6/ref=cm_cr_dp_d_show_all_btm?ie=UTF8&reviewerType=all_reviews,Not available,Gel,"Sensitive, Dry, Normal",DOT & KEY,Fragrance-Free,Fragrance Free,Paraben Free,Adult,1,100 millilitre,Travel Size,Not available,4 x 6.2 x 15.5 cm; 110 Grams,10-Sep-22,"RSH Global Pvt. Ltd, RSH Global Pvt. Ltd 159 Mahamayatala, Garia Main Road Ph No.: 8697725279 Kolkata - 700113",B0BDVCTTB6,Not available,India,110 g,40 x 62 x 155 Millimeters,Not available,"Dot & Key Wellness Private Limited, 7/1 Kulia Tangra 2nd Lane, Kolkata: 700015 Customer Care: 9007011112 | customercare@dotandkey.com",Not available,Not available,Not available,Not available,CL1038M,Not available,Not available,Not available,Not available,Not available
"LAKMÉ Absolute Perfect Radiance Brightening Facial Foam, 150 ml",https://m.media-amazon.com/images/I/11XeEA6mUiL._AC_UL320_.jpg,https://amazon.in/sspa/click?ie=UTF8&spc=MTozODMxMDA3NzA4ODE2MzMzOjE2ODAwNjkyMTk6c3BfYnRmOjIwMTE1NDkzNjg0ODk4OjowOjo&url=%2FAbsolute-Perfect-Radiance-Brightening-Facial%2Fdp%2FB0B42ZHTSD%2Fref%3Dsr_1_58_sspa%3Fcrid%3D2YSQ7WN74RIQY%26keywords%3Dface%2Bwash%26qid%3D1680069219%26sprefix%3Dface%2Bwash%252Caps%252C245%26sr%3D8-58-spons%26sp_csd%3Dd2lkZ2V0TmFtZT1zcF9idGY%26psc%3D1,549,549,3.9,36,50%,17%,14%,4%,14%,https://amazon.in/Absolute-Perfect-Radiance-Brightening-Facial/product-reviews/B0B42ZHTSD/ref=cm_cr_dp_d_show_all_btm?ie=UTF8&reviewerType=all_reviews,Not available,Cream,All,LAKMÉ,Unscented,Not available,Not available,Adult,1,150.0 gram,Moisturizing,Not available,6.1 x 4.9 x 20.5 cm; 150 Grams,14-Jun-22,"Aero Pharma (Silvassa), Preeti Indl., Aero Pharma (Silvassa), Preeti Indl. Estate, Survey No. 127/1, Amli, Silvassa 396 230, Dadra & Nagar Haveli M.L. No. – M DNH/C/33.(AA) L.B.C.P. Unit II, Haridwar 249 403, Uttrakhand M.L. No. M 16/C/UA2010",B0B42ZHTSD,LPRW100,India,150 g,6.1 x 4.9 x 20.5 Centimeters,Facial Foam,"Hindustan Unilever Ltd, Unilever House, B D Sawant Marg, Chakala Andheri East - 400099","Hindustan Unilever Ltd, Unilever House, B D Sawant Marg, Chakala Andheri East - 400099",Not available,Face,Not available,Not available,Clear,Not available,Not available,Not available,Not available
Simple Kind To Skin Refreshing Facial Wash 150 ml,https://m.media-amazon.com/images/I/51lV2Pem64L._AC_UL320_.jpg,https://amazon.in/sspa/click?ie=UTF8&spc=MTozODMxMDA3NzA4ODE2MzMzOjE2ODAwNjkyMTk6c3BfYnRmOjIwMDY2OTk0OTIwNjk4OjowOjo&url=%2FSimple-Kind-Refreshing-Facial-Globalbeauty%2Fdp%2FB000LQUA6M%2Fref%3Dsr_1_59_sspa%3Fcrid%3D2YSQ7WN74RIQY%26keywords%3Dface%2Bwash%26qid%3D1680069219%26sprefix%3Dface%2Bwash%252Caps%252C245%26sr%3D8-59-spons%26sp_csd%3Dd2lkZ2V0TmFtZT1zcF9idGY%26psc%3D1,360,385,4.3,"10,442",60%,24%,8%,3%,5%,https://amazon.in/Simple-Kind-Refreshing-Facial-Globalbeauty/product-reviews/B000LQUA6M/ref=cm_cr_dp_d_show_all_btm?ie=UTF8&reviewerType=all_reviews,Not available,Gel,All,Simple,Unscented,"Dermatologically Tested,Non-comedogenic,Vegan,Non-comedogenic Tested","No Alcohol,No Parabens,Paraben Free,Soap Free,Soap-free",Adult,1,150.0 millilitre,"Hypoallerge, Cruelty Free, Vegan",No,10 x 10 x 5 cm; 500 Grams,11-Apr-16,"AERO PHARMA, AERO PHARMA (SILVASSA), PREETI INDL. ESTATE, SURVEY No. 127/1 , AMLI, SILVASSA 396 230",B000LQUA6M,5.01145E+12,India,500 g,10 x 10 x 5 Centimeters,Kind To Skin Refreshing Facial Wash,Not available,Not available,Not available,Not available,Not available,Not available,Not available,Not available,Not available,Not available,Not available
"Nivea Men Face Wash For Oily Skin, Oil Control For 12Hr Oil Control With 10X Vitamin C Effect, 50 G",https://m.media-amazon.com/images/I/51QsQUvQrqL._AC_UL320_.jpg,https://amazon.in/sspa/click?ie=UTF8&spc=MTozODMxMDA3NzA4ODE2MzMzOjE2ODAwNjkyMTk6c3BfYnRmOjIwMTEwNDQyODExNTk4OjowOjo&url=%2FNivea-Men-Oil-Control-Facewash%2Fdp%2FB0079Z9YG0%2Fref%3Dsr_1_60_sspa%3Fcrid%3D2YSQ7WN74RIQY%26keywords%3Dface%2Bwash%26qid%3D1680069219%26sprefix%3Dface%2Bwash%252Caps%252C245%26sr%3D8-60-spons%26sp_csd%3Dd2lkZ2V0TmFtZT1zcF9idGY%26psc%3D1,89,99,4.2,288,54%,25%,11%,4%,6%,https://amazon.in/Nivea-Men-Oil-Control-Facewash/product-reviews/B0079Z9YG0/ref=cm_cr_dp_d_show_all_btm?ie=UTF8&reviewerType=all_reviews,Not available,Gel,"Acne Prone,Oily,All Skin Types",Nivea,Fresh,Not available,Not available,Adult,1,1 count,Vitamin C,No,5.8 x 3.5 x 11.8 cm; 50 Grams,09-Oct-13,"Beiersdorf Manufacturing Gujarat, NIVEA INDIA PVT LTD, SM-9/1, SANAND II,IND. ESTATE,VILL.BOL,SANAND,AHMEDABAD; Phone: 022 6248 7999",B0079Z9YG0,4.00581E+12,India,50 g,5.8 x 3.5 x 11.8 Centimeters,Not available,"Nivea India Pvt. Ltd., 4th Floor, A Wing, Art Guild House, Phoenix Market City, Kurla West, Mumbai, Maharashtra 400070; Phone: 022 6248 7999",Not available,Men Face wash,Face,Not available,Not available,Not available,1,Not available,Not available,Not available
