ProductName,image,link,price,maxretailprice,stars,GlobalRatings,5 star ratings,4 star ratings,3 star ratings,2 star ratings,1 star ratings,reviewsLink,packageSize,Item Form,Scent,Brand,Product Benefits,Skin Type,Item Weight,Active Ingredients,Item Volume,Material Feature,Product Dimensions,Date First Available,Manufacturer,ASIN,Item part number,Country of Origin,Item Dimensions LxWxH,Net Quantity,Generic Name,Use for,Item model number,Number of Items,Special Ingredients,Material Type Free,Is Discontinued By Manufacturer,Packer,Included Components,Age Range (Description),Special Feature,Package Dimensions,Skin Tone,Hair Type,Liquid Volume,Colour,Flavour,Recommended Uses For Product,Importer,Package Information,Finish Type,Sun Protection
"The Man Company Complete Coffee Face Care Kit for Men | Face Scrub, Face Wash, Face Pack, Face Serum & Face Cream | Aloe Vera, Hyaluronic Acid | Tan Removal, Deep Cleanser, Sun Protection | Soft, Supple Skin | Gift for Him - Set of 5",https://m.media-amazon.com/images/I/61ZUKC1oM7L._AC_UL320_.jpg,https://amazon.in/sspa/click?ie=UTF8&spc=MTo1MzAzNjU2OTc3Njc5MjgzOjE2ODAwNjk5NjM6c3BfYXRmOjIwMTE2ODk0MTE0MTk4OjowOjo&url=%2FMan-Company-Caffeine-Grooming-Hyaluronic%2Fdp%2FB08NXFX424%2Fref%3Dsr_1_1_sspa%3Fcrid%3D2VW8QLURXD1EQ%26keywords%3Dman%2Bcompany%26qid%3D1680069963%26sprefix%3Dman%2Bcompany%252Caps%252C286%26sr%3D8-1-spons%26sp_csd%3Dd2lkZ2V0TmFtZT1zcF9hdGY%26psc%3D1,"1,174","1,895",4.2,636,59%,24%,8%,3%,7%,https://amazon.in/Man-Company-Caffeine-Grooming-Hyaluronic/product-reviews/B08NXFX424/ref=cm_cr_dp_d_show_all_btm?ie=UTF8&reviewerType=all_reviews,Not available,Cream,Coffee,The Man Company,"Brightening, Rejuvenating, Detoxifying, Tan Removal, Hydrating, Smoothing",All,50 g,Coffee,30 Millilitres,Natural,34.79 x 20.1 x 5.2 cm; 50 Grams,23-Dec-20,VEDIC NATURAL CARE PRIVATE LIMITED,B08NXFX424,TMC-WEB-974,India,34.8 x 20.1 x 5.2 Centimeters,5.00 count,Face Pack,Not available,Not available,Not available,Not available,Not available,Not available,Not available,Not available,Not available,Not available,Not available,Not available,Not available,Not available,Not available,Not available,Not available,Not available,Not available,Not available,Not available
"mCaffeine Gift for Men with Premium Coffee Skincare Range | Birthday Gift with Face Wash, Face Scrub, Body Wash & Sunscreen | Premium Packaging | Pack of 4",https://m.media-amazon.com/images/I/61VH0UvJdvL._AC_UL320_.jpg,https://amazon.in/sspa/click?ie=UTF8&spc=MTo1MzAzNjU2OTc3Njc5MjgzOjE2ODAwNjk5NjM6c3BfYXRmOjIwMTE1MTU3Mzg3MDk4OjowOjo&url=%2FmCaffeine-Skincare-Birthday-Sunscreen-Packaging%2Fdp%2FB0BSQLGSL7%2Fref%3Dsr_1_2_sspa%3Fcrid%3D2VW8QLURXD1EQ%26keywords%3Dman%2Bcompany%26qid%3D1680069963%26sprefix%3Dman%2Bcompany%252Caps%252C286%26sr%3D8-2-spons%26sp_csd%3Dd2lkZ2V0TmFtZT1zcF9hdGY%26psc%3D1,999,"1,236",4.3,14,55%,36%,Not available,Not available,9%,https://amazon.in/mCaffeine-Skincare-Birthday-Sunscreen-Packaging/product-reviews/B0BSQLGSL7/ref=cm_cr_dp_d_show_all_btm?ie=UTF8&reviewerType=all_reviews,Not available,Not available,Coffee,mcaffeine,Not available,All,1 kg 320 g,Not available,Not available,"Alcohol Free, Natural, Vegan",32.5 x 20 x 7.5 cm; 1.32 Kilograms,20-Jan-23,Not available,B0BSQLGSL7,Not available,India,32.5 x 20 x 7.5 Centimeters,400.0 millilitre,Body Care Gift Set,Whole Body,MGKIT50_SES,Not available,Not available,Not available,Not available,Not available,Not available,Not available,Not available,Not available,Not available,Not available,Not available,Not available,Not available,Not available,Not available,Not available,Not available,Not available
The Man Company Daily Moisturising Cream With Shea Butter & Vitamin E for Moisturizing & Hydrating | All Skin Types | 50 gm,https://m.media-amazon.com/images/I/71WFqdlFwDL._AC_UL320_.jpg,https://amazon.in/sspa/click?ie=UTF8&spc=MTo1MzAzNjU2OTc3Njc5MjgzOjE2ODAwNjk5NjM6c3BfYXRmOjIwMDg5NTEwOTQ4MjA2OjowOjo&url=%2FMan-Company-Daily-Moisturising-butter%2Fdp%2FB07JNH9W9J%2Fref%3Dsr_1_3_sspa%3Fcrid%3D2VW8QLURXD1EQ%26keywords%3Dman%2Bcompany%26qid%3D1680069963%26sprefix%3Dman%2Bcompany%252Caps%252C286%26sr%3D8-3-spons%26sp_csd%3Dd2lkZ2V0TmFtZT1zcF9hdGY%26psc%3D1,247,349,4.1,"4,814",48%,27%,13%,4%,7%,https://amazon.in/Man-Company-Daily-Moisturising-butter/product-reviews/B07JNH9W9J/ref=cm_cr_dp_d_show_all_btm?ie=UTF8&reviewerType=all_reviews,Not available,Cream,Shea Butter,The Man Company,Not available,Normal,50 g,Dimethicone,Not available,Not available,8 x 8 x 8 cm; 50 Grams,23-Oct-18,"The Man Company, Vedic Natural Care Private Limited,C-21, Sector-88, Industrial Area,Gautambudh Nagar -201305, Uttar Pradesh, India; +91 9667031212",B07JNH9W9J,Not available,India,8 x 8 x 8 Centimeters,50.0 gram,Moisturising cream,Face,TMC-WEB-396,1,Shea Butter,Paraben Free; Sulphate Free,No,"Helios Lifestyle Pvt ltd, Unit no. 522-526, Spaze edge tower B, 5th floor, Sector 47, Gurgaon-122002 - India; +91 9667031212",Moisturising cream,Not available,Not available,Not available,Not available,Not available,Not available,Not available,Not available,Not available,Not available,Not available,Not available,Not available
"WOW Skin Science Apple Cider Vinegar Foaming Face Wash | Built in Brush for Deep Cleansing | For Oily Skin | Fresh, Clear Skin | Acne | Paraben & Sulphates Free | Face Wash for Women & Men | 150 ml",https://m.media-amazon.com/images/I/81SrMFfHAHL._AC_UL320_.jpg,https://amazon.in/sspa/click?ie=UTF8&spc=MTo1MzAzNjU2OTc3Njc5MjgzOjE2ODAwNjk5NjM6c3BfYXRmOjIwMTA0MjAwNDI1Nzk4OjowOjo&url=%2FWOW-Organic-Vinegar-Foaming-Built%2Fdp%2FB07SQXPW35%2Fref%3Dsr_1_4_sspa%3Fcrid%3D2VW8QLURXD1EQ%26keywords%3Dman%2Bcompany%26qid%3D1680069963%26sprefix%3Dman%2Bcompany%252Caps%252C286%26sr%3D8-4-spons%26sp_csd%3Dd2lkZ2V0TmFtZT1zcF9hdGY%26psc%3D1,275,389,4.1,"45,092",51%,24%,13%,5%,7%,https://amazon.in/WOW-Organic-Vinegar-Foaming-Built/product-reviews/B07SQXPW35/ref=cm_cr_dp_d_show_all_btm?ie=UTF8&reviewerType=all_reviews,Not available,Liquid,Aloe Vera,WOW Skin Science,Not available,All,142 g,Not available,Not available,Organic,6 x 5 x 13 cm; 141.75 Grams,30-Mar-18,"Kapco International Limited, Kapco International Limited, Parwanoo Sector-3, Himachal Pradesh: 173220; Contact: 7892172641",B07SQXPW35,Not available,India,6 x 5 x 13 Centimeters,200.0 millilitre,"Apple Cider Vinegar Foaming Face Wash - No Parabens, Sulphate and Silicones (With Built-In Brush)",Not available,8.90E+12,1,Not available,Paraben Free,No,"Kapco International Limited, Parwanoo Sector-3, Himachal Pradesh: 173220; Contact: 7892172641",Face Wash,Adult,"Organic, Cruelty Free, Paraben Free",Not available,Not available,Not available,Not available,Not available,Not available,Not available,Not available,Not available,Not available,Not available
The Man Company Blanc Perfume for Men - 120ml | Premium Luxury Long Lasting Fragrance Spray | No Gas Deodorant for Men | Gift for him,https://m.media-amazon.com/images/I/31Xh1Nye5rL._AC_UL320_.jpg,https://amazon.in/Man-Company-Non-Gas-Perfume-Blanc/dp/B07DYPK1V2/ref=sr_1_5?crid=2VW8QLURXD1EQ&keywords=man+company&qid=1680069963&sprefix=man+company%2Caps%2C286&sr=8-5,293,349,4,"10,161",49%,24%,12%,5%,9%,https://amazon.in/Man-Company-Non-Gas-Perfume-Blanc/product-reviews/B07DYPK1V2/ref=cm_cr_dp_d_show_all_btm?ie=UTF8&reviewerType=all_reviews,Blanc Body Perfume,Liquid,Fresh,The Man Company,Not available,Not available,120 g,Not available,120 Millilitres,Cruelty Free,Not available,22-Jun-18,HELIOS PACKAGING PVT. LTD,B07DYPK1V2,Not available,India,Not available,120.0 millilitre,Deodorant,Not available,TMC-WEB-255,1,Not available,Gas Free,No,Not available,Not available,Not available,Scented,16.3 x 5.4 x 5.3 cm; 120 Grams,Not available,Not available,Not available,Not available,Not available,Not available,Not available,Not available,Not available,Not available
"The Man Company Black EDT Perfume For Men - 50ml | Premium Long Lasting Fragrance Spray | Gift for Husband, Boyfriend",https://m.media-amazon.com/images/I/71GkGHg3KnL._AC_UL320_.jpg,https://amazon.in/Man-Company-Black-EDT-India/dp/B08BLKW619/ref=sr_1_6?crid=2VW8QLURXD1EQ&keywords=man+company&qid=1680069963&sprefix=man+company%2Caps%2C286&sr=8-6,454,"1,299",3.8,"8,602",47%,19%,14%,7%,13%,https://amazon.in/Man-Company-Black-EDT-India/product-reviews/B08BLKW619/ref=cm_cr_dp_d_show_all_btm?ie=UTF8&reviewerType=all_reviews,Not available,Liquid,Fresh,The Man Company,Not available,Not available,120 g,Not available,50 Millilitres,Not available,Not available,22-Jun-20,"Helios Packaging Private Limited, Helios Packaging Pvt. Ltd. Plot No - A-140, EPIP Neemrana Industrial Area Rajasthan, Neemrana, Rajasthan, 301705, India",B08BLKW619,TMC-WEB-727,India,Not available,1.00 count,Not available,Not available,Not available,Not available,Not available,Not available,No,Not available,Not available,Not available,Scented,10.8 x 6.2 x 2.9 cm; 120 Grams,Not available,Not available,Not available,Not available,Not available,Not available,Not available,Not available,Not available,Not available
The Man Company Daily Moisturising Cream With Shea Butter & Vitamin E for Moisturizing & Hydrating | All Skin Types | 50 gm,https://m.media-amazon.com/images/I/71WFqdlFwDL._AC_UL320_.jpg,https://amazon.in/Man-Company-Daily-Moisturising-butter/dp/B07JNH9W9J/ref=sr_1_7?crid=2VW8QLURXD1EQ&keywords=man+company&qid=1680069963&sprefix=man+company%2Caps%2C286&sr=8-7,247,349,4.1,"4,814",48%,27%,13%,4%,7%,https://amazon.in/Man-Company-Daily-Moisturising-butter/product-reviews/B07JNH9W9J/ref=cm_cr_dp_d_show_all_btm?ie=UTF8&reviewerType=all_reviews,Not available,Cream,Shea Butter,The Man Company,Not available,Normal,50 g,Dimethicone,Not available,Not available,8 x 8 x 8 cm; 50 Grams,23-Oct-18,"The Man Company, Vedic Natural Care Private Limited,C-21, Sector-88, Industrial Area,Gautambudh Nagar -201305, Uttar Pradesh, India; +91 9667031212",B07JNH9W9J,Not available,India,8 x 8 x 8 Centimeters,50.0 gram,Moisturising cream,Face,TMC-WEB-396,1,Shea Butter,Paraben Free; Sulphate Free,No,"Helios Lifestyle Pvt ltd, Unit no. 522-526, Spaze edge tower B, 5th floor, Sector 47, Gurgaon-122002 - India; +91 9667031212",Moisturising cream,Not available,Not available,Not available,Not available,Not available,Not available,Not available,Not available,Not available,Not available,Not available,Not available,Not available
The Man Company Vitamin C Face Serum With Hyaluronic Acid (30 ml (Pack of 1)),https://m.media-amazon.com/images/I/51znnZZ3g6L._AC_UL320_.jpg,https://amazon.in/Man-Company-Hyaluronic-Brightening-Anti-Ageing/dp/B08539BSR1/ref=sr_1_8?crid=2VW8QLURXD1EQ&keywords=man+company&qid=1680069963&sprefix=man+company%2Caps%2C286&sr=8-8,379,499,4,"3,716",48%,26%,13%,5%,7%,https://amazon.in/Man-Company-Hyaluronic-Brightening-Anti-Ageing/product-reviews/B08539BSR1/ref=cm_cr_dp_d_show_all_btm?ie=UTF8&reviewerType=all_reviews,Not available,Liquid,Aloe Vera,The Man Company,Brightening,Dry,80 g,"Hyaluronic acid,vitamin c",Not available,Natural,17.5 x 7.5 x 8.8 cm; 80 Grams,23-Feb-20,Vedic Natural Care Private Limited,B08539BSR1,Not available,India,17.5 x 7.5 x 8.8 Centimeters,1.00 count,40% Vitamin C Face Serum with Hyaluronic Acid for Brightening and Anti-Ageing,Face,TMC-WEB-629,Not available,"Hyaluronic Acid, Aloe Vera",Not available,No,Not available,Not available,Not available,Not available,Not available,All,Not available,Not available,Not available,Not available,Not available,Not available,Not available,Not available,Not available
"The Man Company Anti-Graying Hair & Beard Serum for Men Enriched with Bhringraj, Arcolys, & Shikakai | Hair Shine & Nourishment | Delay & Reverses Grays | Strengthen Hair & Bread Roots | Toxin Free | For All Hair Type - 30ml",https://m.media-amazon.com/images/I/71FCsEtKroL._AC_UL320_.jpg,https://amazon.in/Man-Company-Anti-Graying-Nourishment-Strengthen/dp/B0BQN1869S/ref=sr_1_9?crid=2VW8QLURXD1EQ&keywords=man+company&qid=1680069963&sprefix=man+company%2Caps%2C286&sr=8-9,209,299,4.5,39,69%,18%,10%,4%,Not available,https://amazon.in/Man-Company-Anti-Graying-Nourishment-Strengthen/product-reviews/B0BQN1869S/ref=cm_cr_dp_d_show_all_btm?ie=UTF8&reviewerType=all_reviews,Not available,Serum,Bhringraj,The Man Company,Anti-Fade,Not available,100 g,Not available,Not available,Not available,Not available,20-Dec-22,Krauter Healthcare Ltd.,B0BQN1869S,TMC-WEB-2781,India,Not available,30.0 millilitre,Not available,Not available,Not available,1,Not available,Paraben Free,Not available,Not available,Not available,Not available,Not available,12.7 x 4.1 x 3.9 cm; 100 Grams,Not available,All,30 Millilitres,Not available,Not available,Not available,Not available,Not available,Not available,Not available
"The Man Company Multifaceted No Gas Deodorant Set | Bleu, Blanc, Noir, Rouge | Body Spray Perfume for Men | Premium Long Lasting Fragrance | Luxury Gift Kit - (120ml *4)",https://m.media-amazon.com/images/I/71dObqojlZL._AC_UL320_.jpg,https://amazon.in/Man-Company-Multifaceted-Non-Gas-Perfume/dp/B07JN3KYDR/ref=sr_1_10?crid=2VW8QLURXD1EQ&keywords=man+company&qid=1680069963&sprefix=man+company%2Caps%2C286&sr=8-10,"1,088","1,396",4.3,"2,678",66%,16%,8%,3%,7%,https://amazon.in/Man-Company-Multifaceted-Non-Gas-Perfume/product-reviews/B07JN3KYDR/ref=cm_cr_dp_d_show_all_btm?ie=UTF8&reviewerType=all_reviews,Not available,Spray,Wood ,The Man Company,Not available,Not available,480 g,Not available,120 Millilitres,Not available,36.9 x 23.8 x 10 cm; 480 Grams,22-Oct-18,"GOODNESS OF NATURE, GOODNESS OF NATURE,128/230, H-Block, Kidwai Nagar,Kanpur- 208011, Uttar Pradesh, India",B07JN3KYDR,Not available,India,36.9 x 23.8 x 10 Centimeters,480.0 millilitre,Multifaceted Non-Gas Body Perfume Combo,Not available,TMC-WEB-294,Not available,Not available,Not available,No,Not available,Not available,Not available,"Long Lasting, No Gas",Not available,Not available,Not available,Not available,Not available,Not available,Not available,Not available,Not available,Not available,Not available
"The Man Company Patchouli & Sea Salt Perfumed Body Wash for Men –200 ml | Shower Gel for Deep Moisturization & Smooth Skin | Enriched With Green Tea, Turmeric & Moringa Extract | Toxin Free",https://m.media-amazon.com/images/I/61LDLIG+XWL._AC_UL320_.jpg,https://amazon.in/Man-Company-Patchouli-Perfumed-Moisturization/dp/B0BKPS7RCL/ref=sr_1_11?crid=2VW8QLURXD1EQ&keywords=man+company&qid=1680069963&sprefix=man+company%2Caps%2C286&sr=8-11,200,299,4.3,659,70%,11%,8%,4%,7%,https://amazon.in/Man-Company-Patchouli-Perfumed-Moisturization/product-reviews/B0BKPS7RCL/ref=cm_cr_dp_d_show_all_btm?ie=UTF8&reviewerType=all_reviews,Not available,Gel,Patchouli,The Man Company,Not available,All,230 g,Not available,Not available,Cruelty Free,Not available,27-Oct-22,Not available,B0BKPS7RCL,TMC-WEB-2871,India,Not available,200.0 millilitre,Not available,Not available,Not available,1,Not available,Paraben Free,Not available,Not available,Not available,Adult,"Not Tested On Animals, Scented",16.1 x 6.7 x 3.7 cm; 230 Grams,Not available,Not available,Not available,Not available,Not available,Not available,Not available,Not available,Not available,Not available
"The Man Company Lightening Lip Balm with Vitamin E, Coconut & Olive Oil | Provides Lip Care to Dry, Chapped, Dark and Smoky Lips | Moisturizes, Nourishes, Soften Lips - 4gm",https://m.media-amazon.com/images/I/41UXnE13ULL._AC_UL320_.jpg,https://amazon.in/Man-Company-Lightening-Vitamin-Liquorice/dp/B08PBY7L13/ref=sr_1_12?crid=2VW8QLURXD1EQ&keywords=man+company&qid=1680069963&sprefix=man+company%2Caps%2C286&sr=8-12,194,249,3.6,"5,123",39%,21%,16%,8%,16%,https://amazon.in/Man-Company-Lightening-Vitamin-Liquorice/product-reviews/B08PBY7L13/ref=cm_cr_dp_d_show_all_btm?ie=UTF8&reviewerType=all_reviews,Not available,Stick,Not available,The Man Company,"Softening,Smoothening,Lightening,Nourishing,Moisturizing",Dry,4 g,Not available,Not available,Not available,Not available,27-Nov-20,Goodness of Nature,B08PBY7L13,TMC-WEB-976,India,Not available,1.00 count,Not available,Not available,Not available,1,Not available,Not available,Not available,Not available,Not available,Not available,Not available,7.4 x 3.4 x 3.3 cm; 4 Grams,Not available,Not available,Not available,Transparent,Mint,Not available,Not available,Not available,Not available,Not available
"The Man Company Beard Oil for Growing Beard Faster with Almond & Thyme, 100% NATURAL, Best Beard Growth Oil for Men, Nourishes & Strengthens Uneven Patchy Beard - 30ML",https://m.media-amazon.com/images/I/610c+f6qAJL._AC_UL320_.jpg,https://amazon.in/Man-Company-Beard-Moustache-Mooch/dp/B01J1KFWQG/ref=sr_1_13?crid=2VW8QLURXD1EQ&keywords=man+company&qid=1680069963&sprefix=man+company%2Caps%2C286&sr=8-13,248,350,3.8,"12,243",41%,25%,16%,7%,11%,https://amazon.in/Man-Company-Beard-Moustache-Mooch/product-reviews/B01J1KFWQG/ref=cm_cr_dp_d_show_all_btm?ie=UTF8&reviewerType=all_reviews,30 ml (Pack of 1),Oil,Almond,The Man Company,Not available,Not available,80 g,Almond & Thyme,Not available,Not available,Not available,01-Jan-17,Goodness of Nature,B01J1KFWQG,Not available,India,Not available,30.0 millilitre,Almond Thyme Beard Oil - 30ml,Not available,TMC-WEB-17,Not available,Not available,Not available,No,Not available,Not available,Not available,Not available,10.4 x 3.5 x 3.4 cm; 80 Grams,Not available,Not available,Not available,Not available,Not available,Not available,Not available,Not available,Not available,Not available
The Man Company Vitamin C Face Wash (Buy 1 Get 1 FREE) with Turmeric and Moringa | Paraben Free,https://m.media-amazon.com/images/I/51Dr1pcI3oL._AC_UL320_.jpg,https://amazon.in/Man-Company-Vitamin-Turmeric-Moringa/dp/B09NKS6JMV/ref=sr_1_14?crid=2VW8QLURXD1EQ&keywords=man+company&qid=1680069963&sprefix=man+company%2Caps%2C286&sr=8-14,349,349,4.2,283,55%,25%,10%,4%,6%,https://amazon.in/Man-Company-Vitamin-Turmeric-Moringa/product-reviews/B09NKS6JMV/ref=cm_cr_dp_d_show_all_btm?ie=UTF8&reviewerType=all_reviews,Turmeric,Liquid,Turmeric,The Man Company,Not available,All,280 g,Not available,Not available,Cruelty Free,17 x 7.5 x 8.75 cm; 280 Grams,23-Jul-20,"Vedic Natural Care Private Limited, HCP WELLNESS PVT LTD",B09NKS6JMV,TMC-WEB-2241,India,17 x 7.5 x 8.7 Centimeters,200.0 millilitre,Mask,Not available,Not available,2,Not available,Paraben Free,Not available,Not available,Not available,16 - 60,Not Tested On Animals,Not available,Not available,Not available,Not available,Not available,Not available,Not available,Not available,Not available,Not available,Not available
The Man Company Blanc EDT Perfume for Men - 50ml | Premium Long Lasting Fragrance Spray | Gift for Men,https://m.media-amazon.com/images/I/71qzHcP8beL._AC_UL320_.jpg,https://amazon.in/Man-Company-Blanc-EDT-Perfume/dp/B09ZH2HXTY/ref=sr_1_15?crid=2VW8QLURXD1EQ&keywords=man+company&qid=1680069963&sprefix=man+company%2Caps%2C286&sr=8-15,449,899,4,"1,502",57%,17%,10%,4%,12%,https://amazon.in/Man-Company-Blanc-EDT-Perfume/product-reviews/B09ZH2HXTY/ref=cm_cr_dp_d_show_all_btm?ie=UTF8&reviewerType=all_reviews,Not available,Liquid,"Musk, Citrusy & Aromatic",The Man Company,Not available,Not available,180 g,Not available,50 Millilitres,Not available,Not available,04-May-22,"Helios Packaging Pvt. Ltd., A -140, RIICO Industrial Area, EPIP, Neemrana Dist. Alwar - 301705, Rajasthan, India",B09ZH2HXTY,TMC-WEB-2479,India,Not available,50.0 millilitre,Not available,Not available,Not available,Not available,Not available,Not available,Not available,Not available,Not available,Not available,"Not Tested On Animals, Scented, Natural Ingredients",10.7 x 6 x 2.8 cm; 180 Grams,Not available,Not available,Not available,Not available,Not available,Not available,Not available,Not available,Not available,Not available
"The Man Company Activated Charcoal Face Wash for Men Enriched with Ylang Ylang & Argan Essential Oils | Anti Pollution, Acne Oil Control | Deep Cleansing | Blackheads Removal | Suitable for All Skin Types-100ml",https://m.media-amazon.com/images/I/511yAirvs0L._AC_UL320_.jpg,https://amazon.in/Man-Company-Charcoal-Ylang-Ylang-Essential/dp/B06WGRDTC1/ref=sr_1_16?crid=2VW8QLURXD1EQ&keywords=man+company&qid=1680069963&sprefix=man+company%2Caps%2C286&sr=8-16,247,349,4,"3,940",47%,24%,15%,6%,7%,https://amazon.in/Man-Company-Charcoal-Ylang-Ylang-Essential/product-reviews/B06WGRDTC1/ref=cm_cr_dp_d_show_all_btm?ie=UTF8&reviewerType=all_reviews,Not available,Gel,"Rosemary, Ylang Ylang",The Man Company,Not available,All,93.4 g,Not available,Not available,Natural,17 x 7 x 9 cm; 93.55 Grams,14-Feb-17,The Man Company,B06WGRDTC1,Not available,India,17 x 7 x 9 Centimeters,100.0 millilitre,Not available,Not available,TMC-WEB-60,1,Not available,Paraben Free,No,Not available,Not available,Adult,Oil Free,Not available,Not available,Not available,Not available,Not available,Not available,Not available,Not available,Not available,Not available,Not available
The Man Company Machismo Stronghold Hair Wax for Men| Stylish Matte Finish with Volume | Non Sticky - 100gm,https://m.media-amazon.com/images/I/617VJoUHIML._AC_UL320_.jpg,https://amazon.in/Man-Company-Machismo-Styling-Cream/dp/B07BLXWJNJ/ref=sr_1_17?crid=2VW8QLURXD1EQ&keywords=man+company&qid=1680069963&sprefix=man+company%2Caps%2C286&sr=8-17,247,349,3.8,"2,066",42%,26%,14%,7%,11%,https://amazon.in/Man-Company-Machismo-Styling-Cream/product-reviews/B07BLXWJNJ/ref=cm_cr_dp_d_show_all_btm?ie=UTF8&reviewerType=all_reviews,Not available,Wax,Almond,The Man Company,Volumizing,Not available,100 g,Not available,Not available,Not available,17.5 x 8.8 x 7.5 cm; 100 Grams,21-Mar-18,"NEO HERBALS, NEO HERBALS23, Ruby Ind.Est.,Navghar, Vasai (east),401202; +91 9667031212",B07BLXWJNJ,Not available,India,17.5 x 8.8 x 7.5 Centimeters,100 gram,Hair wax,Not available,TMC-WEB-242,1,Not available,Petroleum Free,No,"Helios Lifestyle Pvt ltd, Unit no. 522-526, Spaze edge tower B, 5th floor, Sector 47, Gurgaon-122002 - India; +91 9667031212",Hair wax,Not available,Not available,Not available,Not available,All,100 Millilitres,Not available,Not available,Not available,Not available,Not available,Not available,Not available
"The Man Company Roll On Deo For Men – Blanc | Premium Fragrance with 24-Hour Freshness | Prevent Body Odour, Brightens & Exfoliates Under Arm | Long Lasting Deodorant – 55 ml",https://m.media-amazon.com/images/I/51ps5QJtgrL._AC_UL320_.jpg,https://amazon.in/Man-Company-Deodrant-Roll-Easy/dp/B0B82NGJKV/ref=sr_1_18?crid=2VW8QLURXD1EQ&keywords=man+company&qid=1680069963&sprefix=man+company%2Caps%2C286&sr=8-18,186,249,4.5,173,78%,8%,6%,3%,4%,https://amazon.in/Man-Company-Deodrant-Roll-Easy/product-reviews/B0B82NGJKV/ref=cm_cr_dp_d_show_all_btm?ie=UTF8&reviewerType=all_reviews,Not available,Roll On,Lavender,The Man Company,Not available,Not available,180 g,Not available,55 Millilitres,Not available,Not available,29-Jul-22,PONTIKA AEROTECH LIMITED,B0B82NGJKV,TMC-WEB-2728,India,Not available,55.0 millilitre,Not available,Not available,Not available,1,Not available,Paraben Free,Not available,Not available,Not available,Not available,Scented,11.3 x 4.4 x 4.3 cm; 180 Grams,Not available,Not available,Not available,Not available,Not available,Not available,Not available,Not available,Not available,Not available
"The Man Company Charcoal Grooming Kit with Body Wash, Shampoo, Face Scrub, Face Wash, Cleansing Gel, Solid Soap Bar | Combo Gift Set for Husband, Boyfriend - Set of 6",https://m.media-amazon.com/images/I/51N32fVwsbL._AC_UL320_.jpg,https://amazon.in/Man-Company-Charcoal-Grooming-Cleansing/dp/B08BCNLM58/ref=sr_1_19?crid=2VW8QLURXD1EQ&keywords=man+company&qid=1680069963&sprefix=man+company%2Caps%2C286&sr=8-19,"1,805","2,695",4.1,166,55%,24%,7%,5%,8%,https://amazon.in/Man-Company-Charcoal-Grooming-Cleansing/product-reviews/B08BCNLM58/ref=cm_cr_dp_d_show_all_btm?ie=UTF8&reviewerType=all_reviews,Not available,Not available,Not available,Not available,Not available,Not available,1 kg 730 g,Not available,Not available,Not available,Not available,16-Jun-20,"VEDIC NATURAL CARE PRIVATE LIMITED, GOODNESS OF NATURE,128/230, H-Block, Kidwai Nagar,Kanpur- 208011, Uttar Pradesh, India",B08BCNLM58,TMC-WEB-225T,India,Not available,6.00 count,Not available,Not available,Not available,Not available,Not available,Not available,No,Not available,Not available,Not available,Not available,31 x 21.1 x 8.2 cm; 1.73 Kilograms,Not available,Not available,Not available,Not available,Not available,Not available,Not available,Not available,Not available,Not available
"The Man Company 2-IN-1 Anti Dandruff Shampoo & Conditioner for Men Enriched with Reetha, Neem, Amla, Lime Oil, Bhringraj & Ashwagandha | Eliminates Excess Oil, Reduces Itchiness | Strengthen & Nourishes Hair | SLS & Paraben Free -200ml",https://m.media-amazon.com/images/I/71vYQXBnHVL._AC_UL320_.jpg,https://amazon.in/Man-Company-Conditioner-Ashwagandha-Eliminates/dp/B0BR3LPYCJ/ref=sr_1_20?crid=2VW8QLURXD1EQ&keywords=man+company&qid=1680069963&sprefix=man+company%2Caps%2C286&sr=8-20,186,249,4.7,47,86%,6%,4%,4%,Not available,https://amazon.in/Man-Company-Conditioner-Ashwagandha-Eliminates/product-reviews/B0BR3LPYCJ/ref=cm_cr_dp_d_show_all_btm?ie=UTF8&reviewerType=all_reviews,Not available,Gel,Cedar,The Man Company,"Anti Dandruff,Anti-dandruff Control,Anti-dandruff Shampoo,Nourishing,Prevents Dandruff,Soothing",Not available,220 g,Not available,Not available,Not available,Not available,03-Jan-23,MS B.O International,B0BR3LPYCJ,TMC-WEB-2888A,India,Not available,200.0 millilitre,Not available,Not available,Not available,Not available,Not available,Paraben Free,Not available,Not available,Not available,Adult,Anti Dandruff,16.2 x 6.1 x 3.6 cm; 220 Grams,Not available,All,200 Millilitres,Not available,Not available,"Hair Health,Reduce Dandruff",Not available,Not available,Not available,Not available
"The Man Company Detan Facial Kit - Charcoal Face Wash, Charcoal Scrub, Daily Moisturising Face Cream | Best Detan Care - Pack of 3",https://m.media-amazon.com/images/I/719Vt9Q5hsL._AC_UL320_.jpg,https://amazon.in/sspa/click?ie=UTF8&spc=MTo1MzAzNjU2OTc3Njc5MjgzOjE2ODAwNjk5NjM6c3BfbXRmOjIwMDc5NzAzMzAyOTk4OjowOjo&url=%2FCOMPANY-Cleanse-Moisturise-Charcoal-Moisturising%2Fdp%2FB07YDZ45FS%2Fref%3Dsr_1_21_sspa%3Fcrid%3D2VW8QLURXD1EQ%26keywords%3Dman%2Bcompany%26qid%3D1680069963%26sprefix%3Dman%2Bcompany%252Caps%252C286%26sr%3D8-21-spons%26sp_csd%3Dd2lkZ2V0TmFtZT1zcF9tdGY%26psc%3D1,701,"1,047",4.2,737,54%,25%,12%,4%,5%,https://amazon.in/COMPANY-Cleanse-Moisturise-Charcoal-Moisturising/product-reviews/B07YDZ45FS/ref=cm_cr_dp_d_show_all_btm?ie=UTF8&reviewerType=all_reviews,Not available,Cream,Activated,The Man Company,"Softening,Cleansing",All,1 g,Charcoal,100 Millilitres,Natural,23 x 17 x 11 cm; 1 Grams,25-Sep-19,"Nature's Boon Ayurvedic Pharmacy, Nature's Boon Ayurvedic Pharmacy",B07YDZ45FS,Not available,India,23 x 17 x 11 Centimeters,1 count,Cleanse & Moisturise Pack (Charcoal Face Wash Charcoal Scrub Moisturising Cream) | Made In India,Not available,TMC-WEB-538,3,Not available,Not available,No,Not available,Not available,Not available,Natural Ingredients,Not available,Not available,Not available,Not available,Not available,Not available,Not available,Not available,Not available,Not available,Not available
The Man Company Vitamin C Face Serum With Hyaluronic Acid (30 ml (Pack of 1)),https://m.media-amazon.com/images/I/51znnZZ3g6L._AC_UL320_.jpg,https://amazon.in/sspa/click?ie=UTF8&spc=MTo1MzAzNjU2OTc3Njc5MjgzOjE2ODAwNjk5NjM6c3BfbXRmOjIwMDk0MjcwMTc4MTk4OjowOjo&url=%2FMan-Company-Hyaluronic-Brightening-Anti-Ageing%2Fdp%2FB08539BSR1%2Fref%3Dsr_1_22_sspa%3Fcrid%3D2VW8QLURXD1EQ%26keywords%3Dman%2Bcompany%26qid%3D1680069963%26sprefix%3Dman%2Bcompany%252Caps%252C286%26sr%3D8-22-spons%26sp_csd%3Dd2lkZ2V0TmFtZT1zcF9tdGY%26psc%3D1,379,499,4,"3,716",48%,26%,13%,5%,7%,https://amazon.in/Man-Company-Hyaluronic-Brightening-Anti-Ageing/product-reviews/B08539BSR1/ref=cm_cr_dp_d_show_all_btm?ie=UTF8&reviewerType=all_reviews,Not available,Liquid,Aloe Vera,The Man Company,Brightening,Dry,80 g,"hyaluronic acid,vitamin c",Not available,Natural,17.5 x 7.5 x 8.8 cm; 80 Grams,23-Feb-20,Vedic Natural Care Private Limited,B08539BSR1,Not available,India,17.5 x 7.5 x 8.8 Centimeters,1.00 count,40% Vitamin C Face Serum with Hyaluronic Acid for Brightening and Anti-Ageing,Face,TMC-WEB-629,Not available,"Hyaluronic Acid, Aloe Vera",Not available,No,Not available,Not available,Not available,Not available,Not available,All,Not available,Not available,Not available,Not available,Not available,Not available,Not available,Not available,Not available
"St. Ives Watermelon Hydrating Face Wash for Deeply Clean Hydrated Skin, 190g",https://m.media-amazon.com/images/I/51LHxkChUdL._AC_UL320_.jpg,https://amazon.in/sspa/click?ie=UTF8&spc=MTo1MzAzNjU2OTc3Njc5MjgzOjE2ODAwNjk5NjM6c3BfbXRmOjIwMTMyNTg4NzExNDk4OjowOjo&url=%2FIves-Watermelon-Hydrating-Deeply-Hydrated%2Fdp%2FB0B1TGZZLC%2Fref%3Dsr_1_23_sspa%3Fcrid%3D2VW8QLURXD1EQ%26keywords%3Dman%2Bcompany%26qid%3D1680069963%26sprefix%3Dman%2Bcompany%252Caps%252C286%26sr%3D8-23-spons%26sp_csd%3Dd2lkZ2V0TmFtZT1zcF9tdGY%26psc%3D1,241,360,4.3,248,62%,21%,9%,5%,4%,https://amazon.in/Ives-Watermelon-Hydrating-Deeply-Hydrated/product-reviews/B0B1TGZZLC/ref=cm_cr_dp_d_show_all_btm?ie=UTF8&reviewerType=all_reviews,Not available,Gel,Watermelon,St. Ives,Not available,All,190 g,Not available,Not available,Not available,4.5 x 4.5 x 18.5 cm; 190 Grams,20-May-22,"Hindustan Unilever Limited, Hindustan Unilever Ltd, Unilever House, B D Sawant Marg, Chakala Andheri East - 400099",B0B1TGZZLC,Not available,India,45 x 45 x 185 Millimeters,12.0 millilitre,Facewash,"Skin, Face",SFTW1N0,1,Not available,Paraben Free,Not available,Not available,Not available,Adult,"Hydrating, Non Comedogenic",Not available,Not available,Not available,Not available,Not available,Not available,Not available,"Hindustan Unilever Ltd, Unilever House, B D Sawant Marg, Chakala Andheri East - 400099",Not available,Not available,Not available
"Garnier Men, Face Wash, Brightening & Anti-Pollution, TurboBright Double Action, 2 x 150g (pack of 2)",https://m.media-amazon.com/images/I/61pqAckKIjL._AC_UL320_.jpg,https://amazon.in/sspa/click?ie=UTF8&spc=MTo1MzAzNjU2OTc3Njc5MjgzOjE2ODAwNjk5NjM6c3BfbXRmOjIwMDY3MTMwNTc2MjA0OjowOjo&url=%2FGarnier-Men-Turbo-Bright-Facewash%2Fdp%2FB08Z4Y6P6N%2Fref%3Dsr_1_24_sspa%3Fcrid%3D2VW8QLURXD1EQ%26keywords%3Dman%2Bcompany%26qid%3D1680069963%26sprefix%3Dman%2Bcompany%252Caps%252C286%26sr%3D8-24-spons%26sp_csd%3Dd2lkZ2V0TmFtZT1zcF9tdGY%26psc%3D1,469,650,4.3,"34,031",58%,26%,9%,3%,4%,https://amazon.in/Garnier-Men-Turbo-Bright-Facewash/product-reviews/B08Z4Y6P6N/ref=cm_cr_dp_d_show_all_btm?ie=UTF8&reviewerType=all_reviews,Not available,Cream,Unscented,Garnier,Not available,All,396 g,Not available,Not available,Organic,17 x 5.5 x 22.5 cm; 396.33 Grams,16-Mar-21,"Loreal Paris India Pvt. Ltd., L'Oreal India Pvt Ltd., Chakan, Pune - 410501",B08Z4Y6P6N,Not available,India,17 x 5.5 x 22.5 Centimeters,300.0 gram,"Men Turbo Bright Facewash - Charcoal Skin Brightening Facewash, 150gm (Pack Of 2)",Not available,SYMDF150,2,Not available,Phosphate Free,Not available,"L'Oreal India Pvt Ltd., Chakan, Pune - 410501",face wash,Adult,Travel Size,Not available,Not available,Not available,Not available,Not available,Not available,Not available,Loreal Paris India Pvt. Ltd.,Not available,Not available,Not available
"The Man Company Hair Growth Vitalizer Tonic with 3% Redensyl, Jojoba & Onion Oil | DHT Blocker | Promotes Strength, Volume | Controls Hair Fall & Breakage | Energizes Hair Roots - 100ml",https://m.media-amazon.com/images/I/51C51UZKOTL._AC_UL320_.jpg,https://amazon.in/Man-Company-Redensyl-Promotes-Strength/dp/B08S3M4V7P/ref=sr_1_25?crid=2VW8QLURXD1EQ&keywords=man+company&qid=1680069963&sprefix=man+company%2Caps%2C286&sr=8-25,384,499,3.7,593,37%,28%,17%,8%,10%,https://amazon.in/Man-Company-Redensyl-Promotes-Strength/product-reviews/B08S3M4V7P/ref=cm_cr_dp_d_show_all_btm?ie=UTF8&reviewerType=all_reviews,Not available,"Oil,Tonic",Unscented,The Man Company,Not available,Not available,140 g,"Jojoba Oil, 3% Redensyl, Onion Oil",Not available,Not available,19 x 8 x 9 cm; 140 Grams,05-Jan-21,"233, Mahagujarat Industrial Estate, Moraiya, Ahmedabad 382213, Gujarat,India",B08S3M4V7P,TMC-WEB-967,India,19 x 8 x 9 Centimeters,100 millilitre,Not available,Not available,Not available,Not available,Not available,Paraben Free,Not available,Not available,Not available,Not available,Not available,Not available,Not available,Not available,Not available,Not available,Not available,Not available,Not available,Not available,Not available,Not available
"The Man Company De Tan Face Wash for Men with Turmeric & Moringa - 100 ml | Tan Removal, Oil Control & Anti-Pollution | Unclog Pores | Deep Cleansing | Blackheads Removal",https://m.media-amazon.com/images/I/51QZU5qQRVL._AC_UL320_.jpg,https://amazon.in/Man-Company-Face-Turmeric-Moringa/dp/B0B1TQRTH6/ref=sr_1_26?crid=2VW8QLURXD1EQ&keywords=man+company&qid=1680069963&sprefix=man+company%2Caps%2C286&sr=8-26,174,249,4.5,557,73%,16%,6%,3%,3%,https://amazon.in/Man-Company-Face-Turmeric-Moringa/product-reviews/B0B1TQRTH6/ref=cm_cr_dp_d_show_all_btm?ie=UTF8&reviewerType=all_reviews,Not available,Gel,Turmeric,The Man Company,Not available,All,120 g,Not available,Not available,Cruelty Free,Not available,20-May-22,"Vedic Natural Care Pvt Ltd, C-21,Sec 88, Industrial Area, Noida 201305",B0B1TQRTH6,TMC-WEB-2578,India,Not available,100.0 millilitre,Not available,Not available,Not available,1,Not available,"Sodium Lauryl Sulfate (SLS) Free, Paraben Free",Not available,Not available,Not available,All Age Groups,"Toxin Free, Not Tested On Animals, Organic, Natural Ingredients",15 x 6 x 4.2 cm; 120 Grams,Not available,Not available,Not available,Not available,Not available,Not available,Not available,Not available,Not available,Not available
"The Man Company Body Spray Combo Pack For Men, Active, Legend, Intense & Bold, Long-Lasting Fragrance, Everyday Use Deo, 150ml (Pack Of 4)",https://m.media-amazon.com/images/I/61hOVmQZczL._AC_UL320_.jpg,https://amazon.in/Man-Company-Privilege-Deodorants-150ml/dp/B09RV5XNH3/ref=sr_1_27?crid=2VW8QLURXD1EQ&keywords=man+company&qid=1680069963&sprefix=man+company%2Caps%2C286&sr=8-27,547,996,4.2,"2,847",65%,14%,10%,4%,8%,https://amazon.in/Man-Company-Privilege-Deodorants-150ml/product-reviews/B09RV5XNH3/ref=cm_cr_dp_d_show_all_btm?ie=UTF8&reviewerType=all_reviews,Not available,Liquid,"Sandalwood, Lavender",The Man Company,Not available,Not available,760 g,Not available,150 Millilitres,Not available,Not available,05-Feb-22,Not available,B09RV5XNH3,TMC-WEB-2324,India,Not available,150.0 millilitre,Not available,Not available,Not available,4,Not available,Paraben Free,Not available,Not available,Not available,Not available,"Not Tested On Animals, Natural Ingredients",25.2 x 18.4 x 13.3 cm; 760 Grams,Not available,Not available,Not available,Not available,Not available,Not available,Not available,Not available,Not available,Not available
"The Man Company Trio Body Perfume for Men | Blanc, Bleu, Rouge Deodorant Set | Premium Long Lasting Fragrance | Gift Set for Husband, Boyfriend - (120ml*3)",https://m.media-amazon.com/images/I/61GblI-JImL._AC_UL320_.jpg,https://amazon.in/Man-Company-Perfume-Blanc-perfume/dp/B07N3X1GM5/ref=sr_1_28?crid=2VW8QLURXD1EQ&keywords=man+company&qid=1680069963&sprefix=man+company%2Caps%2C286&sr=8-28,837,"1,047",4.2,"1,933",59%,20%,10%,4%,7%,https://amazon.in/Man-Company-Perfume-Blanc-perfume/product-reviews/B07N3X1GM5/ref=cm_cr_dp_d_show_all_btm?ie=UTF8&reviewerType=all_reviews,Not available,Spray,"Citrus, Fresh, Lavender, Mint, Lemon, Wood ",The Man Company,Not available,Not available,420 g,Not available,360 Millilitres,Not available,24 x 21 x 13 cm; 420 Grams,24-Jan-19,"GOODNESS OF NATURE, Helios Packaging Private Limited",B07N3X1GM5,Not available,India,24 x 21 x 13 Centimeters,360 millilitre,"Body Perfume Trio Gift Set For Men (Blanc Body Perfume, Bleu Body Perfume, Rouge Body Perfume) | Made In India",Not available,TMC-WEB-362,Not available,Not available,Not available,No,Not available,Not available,Not available,Long Lasting,Not available,Not available,Not available,Not available,Not available,Not available,Not available,Not available,Not available,Not available,Not available
The Man Company Activated Charcoal Peel Off Face Mask for Men | Deep Cleansing | Blackhead / Whitehead & Dead Skin Removal | Paraben & Sulphate Free - 100gm,https://m.media-amazon.com/images/I/51Ol4xYq5-L._AC_UL320_.jpg,https://amazon.in/Man-Company-Activated-Blackheads-Gooseberry/dp/B07CWT29HM/ref=sr_1_29?crid=2VW8QLURXD1EQ&keywords=man+company&qid=1680069963&sprefix=man+company%2Caps%2C286&sr=8-29,279,349,3.7,"3,056",39%,23%,18%,8%,12%,https://amazon.in/Man-Company-Activated-Blackheads-Gooseberry/product-reviews/B07CWT29HM/ref=cm_cr_dp_d_show_all_btm?ie=UTF8&reviewerType=all_reviews,Not available,Cream,"Charcoal, Moringa & Gooseberry",The Man Company,Cleansing,"All, Combination",100 g,Not available,Not available,Not available,17.5 x 8.8 x 7.5 cm; 100 Grams,05-May-18,"The Man Company, Vedic Natural Care Private Limited,C-21, Sector-88, Industrial Area,Gautambudh Nagar -201305, Uttar Pradesh, India; +91 9667031212",B07CWT29HM,Not available,India,17.5 x 8.8 x 7.5 Centimeters,100.0 gram,Peel off mask,Not available,TMC-WEB-287,1,Not available,Alcohol Free,No,"Helios Lifestyle Pvt ltd, Unit no. 522-526, Spaze edge tower B, 5th floor, Sector 47, Gurgaon-122002 - India; +91 9667031212",Peel off mask,Not available,"Not Tested On Animals, Natural Ingredients",Not available,Not available,Not available,Not available,Not available,Not available,Not available,Not available,Not available,Not available,Not available
The Man Company Hydro Power Face Cream Gel with Hyaluronic Acid and Blueberries | Soothes and Hydrates Skin | Non Sticky - 50gm,https://m.media-amazon.com/images/I/61FPYAmJeRL._AC_UL320_.jpg,https://amazon.in/Man-Company-Hyaluronic-Blueberries-Hydrates/dp/B0B4DFYPN1/ref=sr_1_30?crid=2VW8QLURXD1EQ&keywords=man+company&qid=1680069963&sprefix=man+company%2Caps%2C286&sr=8-30,319,399,4.3,46,48%,32%,20%,Not available,Not available,https://amazon.in/Man-Company-Hyaluronic-Blueberries-Hydrates/product-reviews/B0B4DFYPN1/ref=cm_cr_dp_d_show_all_btm?ie=UTF8&reviewerType=all_reviews,Not available,Gel,Blueberry,The Man Company,Not available,All,90 g,Hyaluronic Acid,Not available,Not available,Not available,17-Jun-22,Not available,B0B4DFYPN1,TMC-WEB-2480,India,Not available,50.0 millilitre,Not available,Face,Not available,1,Blueberry,Paraben Free,Not available,Not available,Not available,Not available,Not available,6.6 x 6.5 x 4.1 cm; 90 Grams,Not available,Not available,Not available,Not available,Not available,Not available,Not available,Not available,Not available,Not available
The Man Company Blanc Perfume for Men | Long Lasting Fragrance | No Gas Deodorant Combo Set for Men | Luxury Premium Body Spray - 120ml * 2,https://m.media-amazon.com/images/I/61e20zLjbvL._AC_UL320_.jpg,https://amazon.in/Man-Company-Perfume-Fragrance-Deodorant/dp/B09LVDMXLF/ref=sr_1_31?crid=2VW8QLURXD1EQ&keywords=man+company&qid=1680069963&sprefix=man+company%2Caps%2C286&sr=8-31,572,698,4.2,299,62%,16%,10%,3%,8%,https://amazon.in/Man-Company-Perfume-Fragrance-Deodorant/product-reviews/B09LVDMXLF/ref=cm_cr_dp_d_show_all_btm?ie=UTF8&reviewerType=all_reviews,120 ml (Pack of 2),Liquid,Citrus,The Man Company,Not available,Not available,Not available,Not available,120 Millilitres,Cruelty Free,Not available,27-Apr-21,Not available,B09LVDMXLF,TMC-WEB-1147,India,Not available,240.0 millilitre,Not available,Not available,Not available,2,Not available,Alcohol Free,Not available,Not available,Not available,Not available,Not available,19.4 x 12.9 x 10.8 cm; 0.16 Grams,Not available,Not available,Not available,Not available,Not available,Not available,Not available,Not available,Not available,Not available
The Man Company Sportivo Stronghold Hair Styling Pomade Wax for Men | Stylish Glossy Finish Hair Volumizer | Non Sticky - 100gm,https://m.media-amazon.com/images/I/51E8Vkcbt3L._AC_UL320_.jpg,https://amazon.in/Man-Company-Sportivo-Styling-Pomade/dp/B07BLR4XSM/ref=sr_1_32?crid=2VW8QLURXD1EQ&keywords=man+company&qid=1680069963&sprefix=man+company%2Caps%2C286&sr=8-32,279,349,3.9,704,44%,27%,15%,6%,9%,https://amazon.in/Man-Company-Sportivo-Styling-Pomade/product-reviews/B07BLR4XSM/ref=cm_cr_dp_d_show_all_btm?ie=UTF8&reviewerType=all_reviews,Not available,Wax,Stronghold,The Man Company,Hair Styling,Not available,100 g,Not available,Not available,Not available,4.7 x 6 x 6 cm; 100 Grams,21-Mar-18,European Perfume Works Co. LLC,B07BLR4XSM,Not available,India,47 x 60 x 60 Millimeters,100.0 gram,Not available,Not available,TMC-WEB-243,1,Not available,Petroleum Free,No,Not available,Not available,Not available,Not available,Not available,Not available,Normal,10 Millilitres,Not available,Not available,Not available,Not available,Not available,Not available,Not available
The Man Company Body Perfume For Men - Noir | No Gas Deodorant | Body Spray For Men | Long Lasting Fragrance -120ml,https://m.media-amazon.com/images/I/51tamZU-iCL._AC_UL320_.jpg,https://amazon.in/Man-Company-Non-Gas-Perfume-120ml/dp/B07DYKVYZH/ref=sr_1_33?crid=2VW8QLURXD1EQ&keywords=man+company&qid=1680069963&sprefix=man+company%2Caps%2C286&sr=8-33,293,349,3.7,"3,718",43%,20%,16%,8%,13%,https://amazon.in/Man-Company-Non-Gas-Perfume-120ml/product-reviews/B07DYKVYZH/ref=cm_cr_dp_d_show_all_btm?ie=UTF8&reviewerType=all_reviews,Not available,Spray,Noir,The Man Company,Not available,Not available,120 g,Not available,120 Millilitres,Not available,Not available,22-Jun-18,"HELIOS PACKAGING PVT. LTD, Outside U.S./Canada",B07DYKVYZH,Not available,India,Not available,120.0 millilitre,Not available,Not available,TMC-WEB-256,Not available,Not available,Not available,No,Not available,Not available,Not available,Not Tested On Animals,16.2 x 5.4 x 5.2 cm; 120 Grams,Not available,Not available,Not available,Not available,Not available,Not available,Not available,Not available,Not available,Not available
"The Man Company Charcoal Tan Removal Face Scrub for Glowing Skin | Anti Acne, Blackhead Remover for Oily Skin (100 g (Pack of 1))",https://m.media-amazon.com/images/I/51AHqtnEmaL._AC_UL320_.jpg,https://amazon.in/Man-Company-Activated-Charcoal-Scrub/dp/B06WGRDRGZ/ref=sr_1_34?crid=2VW8QLURXD1EQ&keywords=man+company&qid=1680069963&sprefix=man+company%2Caps%2C286&sr=8-34,286,349,4,"1,992",47%,26%,16%,6%,6%,https://amazon.in/Man-Company-Activated-Charcoal-Scrub/product-reviews/B06WGRDRGZ/ref=cm_cr_dp_d_show_all_btm?ie=UTF8&reviewerType=all_reviews,Charcoal Face Scrub,Cream,Charcoal,The Man Company,"Acne Control,Glowing Skin,Cleansing,Exfoliating,Removes Dirt",All,100 g,Not available,100 Millilitres,Natural,17.5 x 8.8 x 7.5 cm; 100 Grams,15-Feb-17,"The Man Company, Vedic Natural Care Private Limited,C-21, Sector-88, Industrial Area,Gautambudh Nagar -201305, Uttar Pradesh, India; +91 9667031212",B06WGRDRGZ,Not available,India,17.5 x 8.8 x 7.5 Centimeters,100 gram,Face Scrub,Not available,TMC-WEB-61,1,Not available,Not available,No,"Helios Lifestyle Pvt ltd, Unit no. 522-526, Spaze edge tower B, 5th floor, Sector 47, Gurgaon-122002 - India; +91 9667031212",Face Scrub,Not available,Not available,Not available,Not available,Not available,Not available,Not available,Not available,Not available,Not available,Not available,Not available,Not available
"The Man Company Lightening Lip Scrub With Brown Sugar, Almond Oil, Vitamin E, Coconut Oil & Argan Oil For Dry & Chapped Lip, Restore Natural Colour, Nourishes, Moisturizes, Brightening, 10g",https://m.media-amazon.com/images/I/51a33LNW+eL._AC_UL320_.jpg,https://amazon.in/Man-Company-Lightening-Moisturizes-Brightening/dp/B097L658LT/ref=sr_1_35?crid=2VW8QLURXD1EQ&keywords=man+company&qid=1680069963&sprefix=man+company%2Caps%2C286&sr=8-35,166,249,3.6,445,39%,18%,18%,7%,17%,https://amazon.in/Man-Company-Lightening-Moisturizes-Brightening/product-reviews/B097L658LT/ref=cm_cr_dp_d_show_all_btm?ie=UTF8&reviewerType=all_reviews,Not available,Scrub,Almond,The Man Company,"Softening,Lightening,Brightening,Moisturizing,Nourishing","All, Combination, Sensitive, Dry, Normal",10 g,"Almond oil, Olive oil, Sunflower oil, Coconut oil, Argan oil, Jojoba oil, Brown sugar, Vitamin E",Not available,"Natural, Chemical Free",13 x 11 x 6 cm; 10 Grams,20-Jun-21,"Goodness of Nature, Goodness of Nature",B097L658LT,Not available,India,13 x 11 x 6 Centimeters,1.00 count,Not available,Not available,TMC-WEB-1146,1,Not available,Paraben Free,Not available,Not available,Not available,Not available,"Not Tested On Animals, Organic, Natural Ingredients",Not available,Not available,Not available,Not available,Not available,Not available,Not available,Not available,Not available,Not available,Not available
"The Man Company Skin Brightening Cream with Multani Mitti, Coco Butter, Hyaluronic Acid | Bright & Soft Skin | Reduce Acne | Removes Blackhead - 30 gm",https://m.media-amazon.com/images/I/41NS+PHtALL._AC_UL320_.jpg,https://amazon.in/Man-Company-Brightening-Hyaluronic-Blackhead/dp/B0BPS7GDRG/ref=sr_1_36?crid=2VW8QLURXD1EQ&keywords=man+company&qid=1680069963&sprefix=man+company%2Caps%2C286&sr=8-36,199,299,3.8,12,44%,34%,Not available,Not available,22%,https://amazon.in/Man-Company-Brightening-Hyaluronic-Blackhead/product-reviews/B0BPS7GDRG/ref=cm_cr_dp_d_show_all_btm?ie=UTF8&reviewerType=all_reviews,Not available,Cream,Cocoa Butter,The Man Company,Not available,All,110 g,multani mitti,Not available,Not available,Not available,12-Dec-22,Not available,B0BPS7GDRG,TMC-WEB-2297,India,Not available,30.0 gram,Not available,Face,Not available,1,Cocoa Butter,Paraben Free,Not available,Not available,Not available,Not available,Not available,14.7 x 5.8 x 4 cm; 110 Grams,Not available,Not available,Not available,Not available,Not available,Not available,Not available,Not available,Not available,Not available
The Man Company Body Perfume For Men - Bleu | No Gas Deodorant | Long Lasting Fragrance | Body Spray For Men - 120ml,https://m.media-amazon.com/images/I/31FjOzUMBiL._AC_UL320_.jpg,https://amazon.in/Man-Company-Non-Gas-Perfume-120ml/dp/B07DYLFTZ6/ref=sr_1_37?crid=2VW8QLURXD1EQ&keywords=man+company&qid=1680069963&sprefix=man+company%2Caps%2C286&sr=8-37,293,349,3.9,"2,821",47%,22%,15%,7%,9%,https://amazon.in/Man-Company-Non-Gas-Perfume-120ml/product-reviews/B07DYLFTZ6/ref=cm_cr_dp_d_show_all_btm?ie=UTF8&reviewerType=all_reviews,Not available,Spray,Bleu,The Man Company,Not available,Not available,120 g,Not available,120 Millilitres,Not available,Not available,22-Jun-18,The Man Company,B07DYLFTZ6,Not available,India,Not available,120.0 millilitre,Not available,Not available,TMC-WEB-257,Not available,Not available,Not available,No,Not available,Not available,Not available,Travel Size,16.21 x 5.4 x 5.3 cm; 120 Grams,Not available,Not available,Not available,Not available,Not available,Not available,Not available,Not available,Not available,Not available
The Man Company Anti-Graying Hair & Beard Cream for Men | Delays Grays | Nourishes | Styles | Boosts Confidence | Toxin-Free | All Hair Types- 75 g,https://m.media-amazon.com/images/I/71OW1GneQuL._AC_UL320_.jpg,https://amazon.in/Man-Company-Anti-Graying-Confidence-Toxin-Free/dp/B0BQMW8XNQ/ref=sr_1_38?crid=2VW8QLURXD1EQ&keywords=man+company&qid=1680069963&sprefix=man+company%2Caps%2C286&sr=8-38,341,449,4.5,2,50%,50%,Not available,Not available,Not available,https://amazon.inundefined,Not available,Cream,Not available,The Man Company,Damage Repair,Not available,90 g,Not available,Not available,Anti Graying Cream,Not available,20-Dec-22,Krauter Healthcare Ltd,B0BQMW8XNQ,TMC-WEB-2780,India,Not available,75.0 gram,Not available,Not available,Not available,1,Not available,Paraben Free,Not available,Not available,Not available,Not available,Not available,13.4 x 8 x 5.1 cm; 90 Grams,Not available,All,Not available,White,Not available,Not available,Not available,Tube,Not available,Not available
The Man Company Body Perfume For Men - Rouge | No Gas Deodorant | Body Spray For Men | Long Lasting Fragrance -120ml,https://m.media-amazon.com/images/I/31Kmm55reaL._AC_UL320_.jpg,https://amazon.in/Man-Company-Non-Gas-Perfume-Rouge/dp/B07DYLS3P6/ref=sr_1_39?crid=2VW8QLURXD1EQ&keywords=man+company&qid=1680069963&sprefix=man+company%2Caps%2C286&sr=8-39,293,349,3.9,"2,729",49%,22%,14%,6%,10%,https://amazon.in/Man-Company-Non-Gas-Perfume-Rouge/product-reviews/B07DYLS3P6/ref=cm_cr_dp_d_show_all_btm?ie=UTF8&reviewerType=all_reviews,Rouge,Spray,Rouge,The Man Company,Not available,Not available,Not available,Not available,120 Millilitres,Not available,Not available,22-Jun-18,HELIOS PACKAGING PVT. LTD,B07DYLS3P6,Not available,India,Not available,120.0 millilitre,Not available,Not available,TMC-WEB-258,Not available,Not available,Not available,No,Not available,Not available,Not available,Natural Ingredients,16.3 x 5.5 x 5.4 cm; 0.16 Grams,Not available,Not available,Not available,Not available,Not available,Not available,Not available,Not available,Not available,Not available
The Man Company Non-Gas Body Perfume For Men - Kopar | No Gas Perfumes | Long Lasting Fragrance | Deodorant for Men - 120ml,https://m.media-amazon.com/images/I/51NtvW5TKPS._AC_UL320_.jpg,https://amazon.in/Man-Company-Non-Gas-Body-Perfume/dp/B0957NXLQF/ref=sr_1_40?crid=2VW8QLURXD1EQ&keywords=man+company&qid=1680069963&sprefix=man+company%2Caps%2C286&sr=8-40,343,399,3.9,309,52%,18%,12%,5%,13%,https://amazon.in/Man-Company-Non-Gas-Body-Perfume/product-reviews/B0957NXLQF/ref=cm_cr_dp_d_show_all_btm?ie=UTF8&reviewerType=all_reviews,Not available,Spray,Kopar,The Man Company,Not available,Not available,160 g,Not available,120 Millilitres,Natural,10 x 7 x 8 cm; 160 Grams,30-Apr-21,"Helios Packaging Pvt. Ltd., Helios Packaging Pvt. Ltd.",B0957NXLQF,TMC-WEB-1161,India,10 x 7 x 8 Centimeters,1.00 count,Deodorant,Not available,Not available,1,Not available,Gas free,No,Not available,Not available,Not available,Natural Ingredients,Not available,Not available,Not available,Not available,Not available,Not available,Not available,Not available,Not available,Not available,Not available
"The Man Company Intimo Intimate Wash for Men with Tea Tree Oil, Sea Buck Thorn Oil, Aloevera & Neem Extract | Prevents Bad Odor | Anti Fungal & Itching | pH Balance - 100ml",https://m.media-amazon.com/images/I/61GwDW+6YFL._AC_UL320_.jpg,https://amazon.in/Man-Company-Intimate-Foaming-Prevents/dp/B08VNHY25T/ref=sr_1_41?crid=2VW8QLURXD1EQ&keywords=man+company&qid=1680069963&sprefix=man+company%2Caps%2C286&sr=8-41,319,399,4.1,693,51%,25%,13%,4%,6%,https://amazon.in/Man-Company-Intimate-Foaming-Prevents/product-reviews/B08VNHY25T/ref=cm_cr_dp_d_show_all_btm?ie=UTF8&reviewerType=all_reviews,Not available,Foam,"Tea Tree,Neem",The Man Company,Not available,Normal,170 g,Not available,Not available,Cruelty Free,Not available,02-Feb-21,Goodness of Nature,B08VNHY25T,8.91E+12,Not available,Not available,1.00 count,Intimate Wash for Men,Not available,Not available,1,Tea Tree Oil,Not available,Not available,Not available,Not available,18 - 50,Not Tested On Animals,14.6 x 4.9 x 4.9 cm; 170 Grams,Not available,Not available,Not available,Not available,Not available,Not available,Not available,Not available,Not available,Not available
"The Man Company Nourishing Lip Balm with Vitamin E, Almond & Olive Oil | Soft, Supple, Moisturizes | Free from Dry/Chapped Lips - 4gm",https://m.media-amazon.com/images/I/612cJpxEo4L._AC_UL320_.jpg,https://amazon.in/Man-Company-Nourishing-Vitamin-Almond/dp/B08P7PZTDM/ref=sr_1_42?crid=2VW8QLURXD1EQ&keywords=man+company&qid=1680069963&sprefix=man+company%2Caps%2C286&sr=8-42,183,199,3.6,"1,413",40%,20%,16%,8%,16%,https://amazon.in/Man-Company-Nourishing-Vitamin-Almond/product-reviews/B08P7PZTDM/ref=cm_cr_dp_d_show_all_btm?ie=UTF8&reviewerType=all_reviews,Not available,Stick,Not available,The Man Company,"Softening,Soothing,Nourishing Lip Balm,Nourishing,Moisturizing,Lip Lightener",Sensitive,4 g,Not available,Not available,Not available,Not available,27-Nov-20,Goodness of Nature,B08P7PZTDM,TMC-WEB-994,India,Not available,1.00 count,Not available,Not available,Not available,1,Not available,Not available,Not available,Not available,Not available,Not available,Not available,7.7 x 3.4 x 3.3 cm; 4 Grams,Not available,Not available,Not available,Transparent,Not available,Not available,Not available,Not available,Glossy,Not available
The Man Company Daily Moisturising Winter Cream (Buy 1 Get 1 Free) | Enriched with Shea Butter & Vitamin E For Moisturized Skin | Toxin Free - 30gm*2,https://m.media-amazon.com/images/I/61iNga0-MjL._AC_UL320_.jpg,https://amazon.in/Man-Company-Moisturising-Enriched-Moisturized/dp/B0BLZG32QB/ref=sr_1_43?crid=2VW8QLURXD1EQ&keywords=man+company&qid=1680069963&sprefix=man+company%2Caps%2C286&sr=8-43,149,298,4.1,20,55%,20%,11%,7%,7%,https://amazon.in/Man-Company-Moisturising-Enriched-Moisturized/product-reviews/B0BLZG32QB/ref=cm_cr_dp_d_show_all_btm?ie=UTF8&reviewerType=all_reviews,Not available,Cream,Caffeine,The Man Company,Not available,"All, Combination",100 g,Vitamin E,Not available,Not available,Not available,10-Nov-22,Not available,B0BLZG32QB,TMC-WEB-2920,India,Not available,60.0 gram,Not available,Face,Not available,2,Shea Butter,Paraben Free,Not available,Not available,Not available,Not available,Not available,18 x 8 x 7 cm; 100 Grams,Not available,Not available,Not available,Not available,Not available,Not available,Not available,Not available,Not available,Not available
The Man Company Ocean Perfume for Men | Premium Luxury Long lasting Fragrance Spray | Eau De Perfume -30ml,https://m.media-amazon.com/images/I/61juusiK1yL._AC_UL320_.jpg,https://amazon.in/Man-Company-Perfume-Premium-Fragrance/dp/B0957TX65D/ref=sr_1_44?crid=2VW8QLURXD1EQ&keywords=man+company&qid=1680069963&sprefix=man+company%2Caps%2C286&sr=8-44,257,599,3.5,497,38%,21%,16%,9%,16%,https://amazon.in/Man-Company-Perfume-Premium-Fragrance/product-reviews/B0957TX65D/ref=cm_cr_dp_d_show_all_btm?ie=UTF8&reviewerType=all_reviews,Not available,Spray,Ocean,The Man Company,Not available,Not available,Not available,Not available,30 Millilitres,Not available,19 x 8 x 9 cm; 0.1 Grams,18-May-21,Helios Packaging Pvt. Ltd,B0957TX65D,TMC-WEB-1164,Not available,19 x 8 x 9 Centimeters,1.00 count,Perfume - Eau De Parfum,Not available,Not available,Not available,Not available,Not available,Not available,Not available,Not available,Not available,Long Lasting,Not available,Not available,Not available,Not available,Not available,Not available,Not available,Not available,Not available,Not available,Not available
"The Man Company Under Eye Cream Gel For Men And Women Enriched With Cooling Massage Roller For Dark Circles, Fine Lines & Puffy Eyes With Caffeine & Hyaluronic Acid Â€“ 15Gm",https://m.media-amazon.com/images/I/71jm+F8OmXL._AC_UL320_.jpg,https://amazon.in/Man-Company-Cooling-Caffeine-Hyaluronic/dp/B09K776HQ5/ref=sr_1_45?crid=2VW8QLURXD1EQ&keywords=man+company&qid=1680069963&sprefix=man+company%2Caps%2C286&sr=8-45,327,399,3.7,"1,342",40%,21%,17%,7%,14%,https://amazon.in/Man-Company-Cooling-Caffeine-Hyaluronic/product-reviews/B09K776HQ5/ref=cm_cr_dp_d_show_all_btm?ie=UTF8&reviewerType=all_reviews,Not available,Not available,Not available,Not available,Not available,Not available,50 g,Not available,Not available,Not available,Not available,25-Oct-21,Not available,B09K776HQ5,TMC-WEB-2053,India,Not available,1.00 count,Not available,Not available,Not available,Not available,Not available,Not available,Not available,Not available,Not available,Not available,Not available,13.7 x 4.3 x 4.1 cm; 50 Grams,Not available,Not available,Not available,Not available,Not available,Not available,Not available,Not available,Not available,Not available
"The Man Company Coconut Nourishing Hair Growth Oil with Menthol | For Thick, Soft and Strong Hair | Reduces Hair Fall | Comb Applicator Bottle for Men and Women - 200ml",https://m.media-amazon.com/images/I/51EW8tWYwYL._AC_UL320_.jpg,https://amazon.in/Man-Company-Coconut-Nourishing-Applicator/dp/B09SQ328WV/ref=sr_1_46?crid=2VW8QLURXD1EQ&keywords=man+company&qid=1680069963&sprefix=man+company%2Caps%2C286&sr=8-46,282,349,4.1,50,46%,28%,17%,7%,1%,https://amazon.in/Man-Company-Coconut-Nourishing-Applicator/product-reviews/B09SQ328WV/ref=cm_cr_dp_d_show_all_btm?ie=UTF8&reviewerType=all_reviews,Not available,Oil,Coconut,The Man Company,Nourishing,Not available,200 g,Not available,200 Millilitres,Not available,Not available,17-Feb-22,Goodness of Nature,B09SQ328WV,TMC-WEB-2423,India,Not available,200.0 millilitre,Hair Oil,Not available,Not available,1,Not available,Paraben Free,Not available,Not available,Not available,Not available,Not available,16.1 x 5.6 x 4.9 cm; 200 Grams,Not available,All,200 Millilitres,Not available,Not available,Not available,Not available,Not available,Not available,Not available
"The Man Company Anti-Graying 2-in-1 Shampoo & Conditioner for Men | Enriched with Shikakai, Bhringraj | Delays Grays | Cleanses | Boosts Confidence | SLS & Paraben Free | All Hair Types- 200ml",https://m.media-amazon.com/images/I/71NIPo67MjL._AC_UL320_.jpg,https://amazon.in/Man-Company-Anti-Graying-Conditioner-Confidence/dp/B0BQMTQZTP/ref=sr_1_47?crid=2VW8QLURXD1EQ&keywords=man+company&qid=1680069963&sprefix=man+company%2Caps%2C286&sr=8-47,341,399,4.6,7,81%,Not available,19%,Not available,Not available,https://amazon.in/Man-Company-Anti-Graying-Conditioner-Confidence/product-reviews/B0BQMTQZTP/ref=cm_cr_dp_d_show_all_btm?ie=UTF8&reviewerType=all_reviews,Not available,Gel,Bhringraj,The Man Company,Nourishing,Not available,240 g,Not available,Not available,Not available,Not available,20-Dec-22,Krauter Healthcare Ltd,B0BQMTQZTP,TMC-WEB-2779,India,Not available,200.0 millilitre,Not available,Not available,Not available,Not available,Not available,Paraben Free,Not available,Not available,Not available,Adult,"Not Tested On Animals, Natural Ingredients",16.2 x 5.9 x 3.4 cm; 240 Grams,Not available,Wavy,200 Millilitres,Not available,Not available,Not available,Not available,Not available,Not available,Not available
The Man Company Charcoal Nose Strips with Aloevera Extract | Whitehead & Blackhead Remover | Pores Cleanser | Dirt Free | Improves Skin Texture - 4 Strips,https://m.media-amazon.com/images/I/51-u-+Zv7JL._AC_UL320_.jpg,https://amazon.in/Man-Company-Charcoal-Whitehead-Blackhead/dp/B09BND4F74/ref=sr_1_48?crid=2VW8QLURXD1EQ&keywords=man+company&qid=1680069963&sprefix=man+company%2Caps%2C286&sr=8-48,227,299,3.8,424,41%,24%,17%,6%,12%,https://amazon.in/Man-Company-Charcoal-Whitehead-Blackhead/product-reviews/B09BND4F74/ref=cm_cr_dp_d_show_all_btm?ie=UTF8&reviewerType=all_reviews,Not available,Strips,Aloe Vera,The Man Company,Cleansing,All,20 g,Charccoal,Not available,Charcoal,19 x 13 x 10 cm; 20 Grams,02-Aug-21,JAINAM INVAMED PVT LTD,B09BND4F74,Not available,India,19 x 13 x 10 Centimeters,1.00 count,Nose Strip,Not available,TMC-WEB-1159,1,Not available,Alcohol Free,Not available,Not available,Not available,Not available,Not available,Not available,Not available,Not available,Not available,Not available,Not available,Not available,Not available,Not available,Not available,Not available
"The Man Company Lip Care Combo with Lip Scrub & Lip Balm for Dry & Chapped Lips | Lightening & Brightening Dark Lips | For Soft, Supple & Damaged Lips - 14gm",https://m.media-amazon.com/images/I/41V0nArSAAS._AC_UL320_.jpg,https://amazon.in/Man-Company-Chapped-Lightening-Brightening/dp/B09812KY1R/ref=sr_1_49?crid=2VW8QLURXD1EQ&keywords=man+company&qid=1680069963&sprefix=man+company%2Caps%2C286&sr=8-49,363,498,3.7,462,43%,20%,16%,8%,14%,https://amazon.in/Man-Company-Chapped-Lightening-Brightening/product-reviews/B09812KY1R/ref=cm_cr_dp_d_show_all_btm?ie=UTF8&reviewerType=all_reviews,Not available,Balm,Not available,The Man Company,"Softening,Soothing,Lightening,Brightening",All,14 g,"Brown sugar, Vitamin E, Almond Oil, Jojoba Oil, Olive Oil, Coconut Oil, Argan Oil and Sunflower Oil",Not available,"Natural, Chemical Free, Plant Based",Not available,26-Jun-21,Goodness of Nature,B09812KY1R,TMC-WEB-1186,India,Not available,1.00 count,Lip Scrub and Lip Balm,Not available,Not available,1,Not available,Not available,Not available,Not available,Not available,Not available,Not available,18.1 x 9.6 x 8.4 cm; 14 Grams,Not available,Not available,Not available,Not available,Not available,"Lip,Brightening",Not available,Not available,Not available,Not available
"The Man Company Skin Brightening Vitamin C FaceWash with Turmeric & Niacinamide for Clear, Bright & Soft Skin I Oil Free Look I Unclog Pores, Instant Glow | Paraben & SLS Free - 100ml",https://m.media-amazon.com/images/I/51F1Q9w5FvL._AC_UL320_.jpg,https://amazon.in/Man-Company-Vitamin-Turmeric-Brightening/dp/B08DJDH2RX/ref=sr_1_50?crid=2VW8QLURXD1EQ&keywords=man+company&qid=1680069963&sprefix=man+company%2Caps%2C286&sr=8-50,272,349,4.1,"1,040",49%,27%,13%,5%,6%,https://amazon.in/Man-Company-Vitamin-Turmeric-Brightening/product-reviews/B08DJDH2RX/ref=cm_cr_dp_d_show_all_btm?ie=UTF8&reviewerType=all_reviews,Not available,Liquid,Turmeric,The Man Company,Not available,All,120 g,Not available,Not available,Cruelty Free,17 x 7.5 x 8.75 cm; 120 Grams,23-Jul-20,"Vedic Natural Care Private Limited, Vedic Natural Care Private Limited,C-21, Sector-88, Industrial Area,Gautambudh Nagar -201305, Uttar Pradesh, India",B08DJDH2RX,Not available,India,17 x 7.5 x 8.7 Centimeters,100.0 millilitre,"The Man Company Vitamin C Facewash With Turmeric and Moringa For Skin Brightening and Anti Ageing - No Paraben, Sulphate, Silicones, Color - 100ml",Not available,TMC-WEB-912,1,Not available,"Oil Free,Paraben Free,Sls Free",No,Not available,Face wash,16 - 60,Not Tested On Animals,Not available,Not available,Not available,Not available,Not available,Not available,Not available,Not available,Not available,Not available,Not available
"The Man Company Charcoal Face Wash (Buy 1 Get 1 Free) -75ml Each | Ylang Ylang & Argan Oils | Anti Pollution, Acne Oil Control | Deep Cleansing | Blackheads Removal | All Skin Types",https://m.media-amazon.com/images/I/51Kcyo7iLjL._AC_UL320_.jpg,https://amazon.in/Man-Company-Pollution-Cleansing-Blackheads/dp/B0BTY8WDBX/ref=sr_1_51?crid=2VW8QLURXD1EQ&keywords=man+company&qid=1680069963&sprefix=man+company%2Caps%2C286&sr=8-51,250,250,5,1,100%,Not available,Not available,Not available,Not available,https://amazon.inundefined,Not available,Gel,Ylang Ylang,The Man Company,Not available,"All, Oily, Combination, Dry, Normal",200 g,Not available,Not available,Natural,Not available,06-Feb-23,Helios Lifestyle Pvt Ltd,B0BTY8WDBX,TMC-WEB-3111,India,Not available,150.0 millilitre,Not available,Not available,Not available,2,Not available,Paraben Free,Not available,Not available,Not available,Adult,Not Tested On Animals,19 x 13 x 10 cm; 200 Grams,Not available,Not available,Not available,Not available,Not available,Not available,Not available,Not available,Not available,Not available
The Man Company Brawn Extra Stronghold Hair Wax for Men | Stylish Pomade Matte Finish | Hair Volumizer | Non - Sticky - 50gm,https://m.media-amazon.com/images/I/61N38Mz80ZL._AC_UL320_.jpg,https://amazon.in/Man-Company-Brawn-Hair-Wax/dp/B08R2233DW/ref=sr_1_52?crid=2VW8QLURXD1EQ&keywords=man+company&qid=1680069963&sprefix=man+company%2Caps%2C286&sr=8-52,,,3.9,"1,016",44%,25%,17%,6%,8%,https://amazon.in/Man-Company-Brawn-Hair-Wax/product-reviews/B08R2233DW/ref=cm_cr_dp_d_show_all_btm?ie=UTF8&reviewerType=all_reviews,Not available,Wax,Vanilla,The Man Company,Hair Styling,Not available,50 g,Not available,Not available,Not available,19 x 8 x 9 cm; 50 Grams,19-Dec-20,Nature Sparsh Healthcare,B08R2233DW,Not available,India,19 x 8 x 9 Centimeters,50 gram,Not available,Not available,TMC-WEB-977,1,Not available,Alcohol Free,Not available,Not available,Not available,Not available,Not available,Not available,Not available,All,50,Not available,Not available,Not available,Not available,Not available,Not available,Not available
The Man Company Hair Removal Cream for Men Enriched with Charcoal & Turmeric | Dermatologically Tested | For All Skin Types - 100gm,https://m.media-amazon.com/images/I/51XenVPorAL._AC_UL320_.jpg,https://amazon.in/Man-Company-Enriched-Charcoal-Dermatologically/dp/B09X34X296/ref=sr_1_53?crid=2VW8QLURXD1EQ&keywords=man+company&qid=1680069963&sprefix=man+company%2Caps%2C286&sr=8-53,211,249,3.5,306,36%,20%,19%,6%,19%,https://amazon.in/Man-Company-Enriched-Charcoal-Dermatologically/product-reviews/B09X34X296/ref=cm_cr_dp_d_show_all_btm?ie=UTF8&reviewerType=all_reviews,Not available,Cream,Not available,The Man Company,Not available,All,100 g,Not available,Not available,Not Tested On Animals,23 x 10 x 7 cm; 100 Grams,02-Apr-22,Not available,B09X34X296,TMC-WEB-2370,India,23 x 10 x 7 Centimeters,100 millilitre,Not available,Whole Body,Not available,1,Not available,Paraben Free,Not available,Not available,Not available,Not available,Not available,Not available,Not available,Not available,Not available,Not available,Not available,Bikini Line,Not available,Not available,Not available,Not available
"The Man Company Coffee Face Scrub with Coffee Arabica, Aloe Vera, Vitamin E | For Glowing Skin, Tan Removal | Blackheads Remover, Removes Dead Skin | All Skin Types - 100gm",https://m.media-amazon.com/images/I/51h3ghf4oQL._AC_UL320_.jpg,https://amazon.in/Man-Company-Caffeine-Coffee-Arabica/dp/B08M3HS536/ref=sr_1_54?crid=2VW8QLURXD1EQ&keywords=man+company&qid=1680069963&sprefix=man+company%2Caps%2C286&sr=8-54,261,349,3.9,233,44%,23%,18%,7%,9%,https://amazon.in/Man-Company-Caffeine-Coffee-Arabica/product-reviews/B08M3HS536/ref=cm_cr_dp_d_show_all_btm?ie=UTF8&reviewerType=all_reviews,Not available,Not available,Aloe Vera,The Man Company,Moisturizing,Combination,100 g,"Vitamin e,aloe vera",100 Millilitres,Paraben Free,Not available,28-Oct-20,VEDIC NATURAL CARE PRIVATE LIMITED,B08M3HS536,Not available,India,Not available,1.00 count,Not available,Not available,TMC-WEB-932,1,Not available,Not available,Not available,Not available,Not available,Not available,Not available,15.6 x 6.1 x 4.1 cm; 100 Grams,Not available,Not available,Not available,Not available,Not available,Face,Not available,Not available,Not available,Not available
"The Man Company De Tan Bodywash for Men with Saffron, Turmeric & Walnut Beads for Skin Brightening – 200 ml | Tan Removal Shower Gel for Glowing & Smooth Skin | SLS & Paraben – Free",https://m.media-amazon.com/images/I/51a8boN63IL._AC_UL320_.jpg,https://amazon.in/Man-Company-Bodywash-Turmeric-Brightening/dp/B0B1TV5R6R/ref=sr_1_55?crid=2VW8QLURXD1EQ&keywords=man+company&qid=1680069963&sprefix=man+company%2Caps%2C286&sr=8-55,335,399,3.8,70,31%,35%,20%,7%,7%,https://amazon.in/Man-Company-Bodywash-Turmeric-Brightening/product-reviews/B0B1TV5R6R/ref=cm_cr_dp_d_show_all_btm?ie=UTF8&reviewerType=all_reviews,Not available,Gel,Turmeric,The Man Company,Not available,All,230 g,Not available,Not available,Cruelty Free,Not available,20-May-22,"Vedic Natural Care Pvt Ltd, C-21,Sec 88, Industrial Area, Noida 201305",B0B1TV5R6R,TMC-WEB-2581,India,Not available,200.0 millilitre,Not available,Not available,Not available,1,Not available,Paraben Free,Not available,Not available,Not available,All Age Groups,"Not Tested On Animals, Organic",16.4 x 6.1 x 3.1 cm; 230 Grams,Not available,Not available,Not available,Not available,Not available,Not available,Not available,Not available,Not available,Not available
"The Man Company Hairfall Control 2-in-1 Shampoo & Conditioner for Men | Enriched with Shikakai, Bhringraj | Strengthens Roots | Reduces Hair Fall | SLS & Paraben Free | All Hair Types - 200ml",https://m.media-amazon.com/images/I/71o4I1b4TOL._AC_UL320_.jpg,https://amazon.in/Man-Company-Conditioner-Bhringraj-Strengthens/dp/B0BR3PCY92/ref=sr_1_56?crid=2VW8QLURXD1EQ&keywords=man+company&qid=1680069963&sprefix=man+company%2Caps%2C286&sr=8-56,204,249,3.5,4,25%,25%,25%,24%,Not available,https://amazon.in/Man-Company-Conditioner-Bhringraj-Strengthens/product-reviews/B0BR3PCY92/ref=cm_cr_dp_d_show_all_btm?ie=UTF8&reviewerType=all_reviews,Not available,Gel,Bhringraj,The Man Company,"Breakage,Nourishing,Prevents",Not available,230 g,Not available,Not available,Not available,Not available,03-Jan-23,M/s B.O International,B0BR3PCY92,TMC-WEB-2889A,India,Not available,200.0 millilitre,Not available,Not available,Not available,Not available,Not available,Paraben Free,Not available,Not available,Not available,Adult,"Strengthening, Nourishing",16.3 x 6.3 x 3.7 cm; 230 Grams,Not available,All,200 Millilitres,Not available,Not available,Dryness,Not available,Not available,Not available,Not available
"Biotique Coconut Brightening Instant Glow Cream, 50gm",https://m.media-amazon.com/images/I/61Yt+yfTk7L._AC_UL320_.jpg,https://amazon.in/sspa/click?ie=UTF8&spc=MTo1MzAzNjU2OTc3Njc5MjgzOjE2ODAwNjk5NjM6c3BfYnRmOjIwMDc0MjY0NTcyNDk4OjowOjo&url=%2FBiotique-Coconut-Whitening-Brightening-Cream%2Fdp%2FB0054MS8SU%2Fref%3Dsr_1_57_sspa%3Fcrid%3D2VW8QLURXD1EQ%26keywords%3Dman%2Bcompany%26qid%3D1680069963%26sprefix%3Dman%2Bcompany%252Caps%252C286%26sr%3D8-57-spons%26sp_csd%3Dd2lkZ2V0TmFtZT1zcF9idGY%26psc%3D1,162,250,4,"18,975",48%,26%,15%,5%,6%,https://amazon.in/Biotique-Coconut-Whitening-Brightening-Cream/product-reviews/B0054MS8SU/ref=cm_cr_dp_d_show_all_btm?ie=UTF8&reviewerType=all_reviews,Not available,Cream,Coconut,Biotique,Brightening,Combination,40 g,Not available,50 Millilitres,Not available,7.62 x 7.62 x 7.62 cm; 40 Grams,03-Jun-13,"Bio Veda Action Research Company, Bio Veda Farmacy Private Limited",B0054MS8SU,Not available,India,7.6 x 7.6 x 7.6 Centimeters,50.0 gram,Body Care,Face,RETMLLJ0013,1,Coconut oil,Not available,No,Bio Veda Farmacy Private Limited,1 Moisturizing Cream,Not available,Not available,Not available,Not available,Not available,Not available,Not available,Not available,Not available,"Bio Veda Action Research Company, Khasra No 439/42 Mauja Rampur Ghat, Tehsil-Paonta Sahib, Dist-Sirmour, Pin 173025 (H.P), India",Not available,Not available,Not available
"Earth Essence | PURE | Tea Tree & Thyme Organic Face Wash, 200 Gms | Controls Oil, Reduces Acne & Germs, Cleanses pores | Nourishes & moisturises skin | Organic, Natural & Vegan | For Men & Women",https://m.media-amazon.com/images/I/81wR1EdH0QL._AC_UL320_.jpg,https://amazon.in/sspa/click?ie=UTF8&spc=MTo1MzAzNjU2OTc3Njc5MjgzOjE2ODAwNjk5NjM6c3BfYnRmOjIwMTA4OTkxNjI3Njk4OjowOjo&url=%2FEarth-Essence-Wash-PURE-Nourishes-moisturises%2Fdp%2FB0B3DVLVZL%2Fref%3Dsr_1_58_sspa%3Fcrid%3D2VW8QLURXD1EQ%26keywords%3Dman%2Bcompany%26qid%3D1680069963%26sprefix%3Dman%2Bcompany%252Caps%252C286%26sr%3D8-58-spons%26sp_csd%3Dd2lkZ2V0TmFtZT1zcF9idGY%26psc%3D1,697,745,4.4,31,72%,14%,5%,5%,5%,https://amazon.in/Earth-Essence-Wash-PURE-Nourishes-moisturises/product-reviews/B0B3DVLVZL/ref=cm_cr_dp_d_show_all_btm?ie=UTF8&reviewerType=all_reviews,Not available,Gel,Thyme,Earth Essence,Not available,"All, Oily, Sensitive, Dry, Normal",290 g,Not available,Not available,Natural,Not available,17-Jun-22,Not available,B0B3DVLVZL,Not available,India,Not available,200.0 gram,Not available,Not available,Not available,1,Not available,"Artificial Colour Free, Paraben Free",Not available,Not available,Not available,18-65,Natural Ingredients,15.9 x 6.5 x 6.3 cm; 290 Grams,Not available,Not available,Not available,Not available,Not available,Not available,Not available,Not available,Not available,Not available
WOW Skin Science Sunscreen SPF 40 - 141 Grams Lotion,https://m.media-amazon.com/images/I/71SSc9SVObL._AC_UL320_.jpg,https://amazon.in/sspa/click?ie=UTF8&spc=MTo1MzAzNjU2OTc3Njc5MjgzOjE2ODAwNjk5NjM6c3BfYnRmOjIwMTI3NTkxNzM1MDk4OjowOjo&url=%2FWOW-Pollution-Resistant-Parabens-Sunscreen%2Fdp%2FB07514KGH7%2Fref%3Dsr_1_59_sspa%3Fcrid%3D2VW8QLURXD1EQ%26keywords%3Dman%2Bcompany%26qid%3D1680069963%26sprefix%3Dman%2Bcompany%252Caps%252C286%26sr%3D8-59-spons%26sp_csd%3Dd2lkZ2V0TmFtZT1zcF9idGY%26psc%3D1,308,399,3.8,"1,592",42%,23%,16%,8%,11%,https://amazon.in/WOW-Pollution-Resistant-Parabens-Sunscreen/product-reviews/B07514KGH7/ref=cm_cr_dp_d_show_all_btm?ie=UTF8&reviewerType=all_reviews,Sunscreen Lotion,Not available,Not available,WOW Skin Science,Fine Line Treatment,All,100 g,Not available,100 Millilitres,Not available,5 x 3.5 x 11 cm; 100 Grams,21-Aug-17,"Kapco International Limited, Kapco International Limited, Parwanoo Sector-3, Himachal Pradesh: 173220; Contact: 7892172641",B07514KGH7,Not available,India,50 x 35 x 110 Millimeters,100.0 millilitre,Sunscreen,Not available,WOW_APS1,1,Not available,Not available,Not available,"Kapco International Limited, Parwanoo Sector-3, Himachal Pradesh: 173220; Contact: 7892172641",1 Tube Sunscreen,Not available,Not available,Not available,All,Not available,Not available,Not available,Not available,Not available,Not available,Not available,Not available,40 SPF
"Matural All Natural Oil Control Anti Acne Face Wash For Men 100gm, Pefectly Blended Tea - With Tea Tree & Green Tea | The Ultimate Pimple protection | Sulphates & Paraben Free",https://m.media-amazon.com/images/I/61VkNWuaqtL._AC_UL320_.jpg,https://amazon.in/sspa/click?ie=UTF8&spc=MTo1MzAzNjU2OTc3Njc5MjgzOjE2ODAwNjk5NjM6c3BfYnRmOjIwMDgyNjI2MDUxNDk4OjowOjo&url=%2FMatural-Natural-Control-Pefectly-Blended%2Fdp%2FB0B65YYMFW%2Fref%3Dsr_1_60_sspa%3Fcrid%3D2VW8QLURXD1EQ%26keywords%3Dman%2Bcompany%26qid%3D1680069963%26sprefix%3Dman%2Bcompany%252Caps%252C286%26sr%3D8-60-spons%26sp_csd%3Dd2lkZ2V0TmFtZT1zcF9idGY%26psc%3D1%26smid%3DA2F2UPO1L5GGO6,289,339,4.8,61,90%,3%,3%,Not available,3%,https://amazon.in/Matural-Natural-Control-Pefectly-Blended/product-reviews/B0B65YYMFW/ref=cm_cr_dp_d_show_all_btm?ie=UTF8&reviewerType=all_reviews,Not available,Gel,Unscented,Matural,Not available,"Oily, Normal",100 g,Not available,Not available,Dermatologist Tested,Not available,09-Jul-22,"Skinkaanti Ayurveda, Plot No 4, Industrial Area, Parwanoo, HP-173220, care@matural.in",B0B65YYMFW,Not available,India,Not available,100.0 millilitre,1 Tube Oil Control Face Wash,Not available,2N-VOKT-9K5F,1,Not available,"Sodium Laureth Sulfate (SLES) Free, Silicone Free, Preservative Free, Mineral Oil Free",Not available,Skinkaanti Ayurveda,Not available,Adult,"Not Tested On Animals, Travel Size, Hypoallergenic, Natural Ingredients, Unscented",13.1 x 5.9 x 5.1 cm; 100 Grams,Not available,Not available,Not available,Not available,Not available,Not available,Not Imported,Not available,Not available,Not available
