ProductName,image,link,price,maxretailprice,stars,GlobalRatings,5 star ratings,4 star ratings,3 star ratings,2 star ratings,1 star ratings,reviewsLink,packageSize,Product Benefits,Hair Type,Scent,Liquid Volume,Item Form,Brand,Number of Items,Net Quantity,Item Volume,Is Discontinued By Manufacturer,Package Dimensions,Date First Available,ASIN,Country of Origin,Item Weight,Material Feature,Age Range (Description),Recommended Uses For Product,Item part number,Manufacturer,Item model number,Generic Name,Material Type Free,Product Dimensions,Packer,Importer,Item Dimensions LxWxH,Active Ingredients,Use for,Skin Type,Special Ingredients,Included Components,Special Feature,Colour,Finish Type,Department,Package Information,Skin Tone,Flavour
"Beardo Beard Oil-Hair Wax-Face Wash Combo |Godfather Lite Beard Oil for Men, Strong Hold Hair Wax & Activated Charcoal Facewash Combo (Set of 3)",https://m.media-amazon.com/images/I/61b33xf8rBL._AC_UL320_.jpg,https://amazon.in/sspa/click?ie=UTF8&spc=MTozODQ4OTk5NTI5NzM0MjEwOjE2ODAwMzEyNTU6c3BfYXRmOjIwMDYwMzYxMDkyNzA4OjowOjo&url=%2FBeardo-Godfather-Lite-Beard-Oil%2Fdp%2FB07HTLX8W4%2Fref%3Dsr_1_1_sspa%3Fcrid%3D1GEOQD3CN5U5L%26keywords%3Dbeardo%26qid%3D1680031255%26sprefix%3Dbeardo%252Caps%252C228%26sr%3D8-1-spons%26sp_csd%3Dd2lkZ2V0TmFtZT1zcF9hdGY%26psc%3D1,"1,025","1,025",4.2,230,55%,21%,14%,4%,5%,https://amazon.in/Beardo-Godfather-Lite-Beard-Oil/product-reviews/B07HTLX8W4/ref=cm_cr_dp_d_show_all_btm?ie=UTF8&reviewerType=all_reviews,Not available,Nourishing,All,Activated Charcoal,30 Millilitres,Wax,BEARDO,1,1 count,30 Millilitres,No,17.7 x 15.9 x 4.8 cm; 440 Grams,28-Sep-18,B07HTLX8W4,India,440 g,Not available,Not available,Not available,Not available,Not available,Not available,Not available,Not available,Not available,Not available,Not available,Not available,Not available,Not available,Not available,Not available,Not available,Not available,Not available,Not available,Not available,Not available,Not available,Not available
"Dapr. Beard Butter (100 grams) |Hydrating and Nourishing with Shea Butter, Bourbon Oil, Orange Bitters & Hemp Seed oil for Softer & Smoother Beard|",https://m.media-amazon.com/images/I/718p0k2bSSL._AC_UL320_.jpg,https://amazon.in/sspa/click?ie=UTF8&spc=MTozODQ4OTk5NTI5NzM0MjEwOjE2ODAwMzEyNTU6c3BfYXRmOjIwMDMzNzY0MTM2MzA0OjowOjo&url=%2FDapr-Beard-Butter-grams-Combination%2Fdp%2FB07MW961QN%2Fref%3Dsr_1_2_sspa%3Fcrid%3D1GEOQD3CN5U5L%26keywords%3Dbeardo%26qid%3D1680031255%26sprefix%3Dbeardo%252Caps%252C228%26sr%3D8-2-spons%26sp_csd%3Dd2lkZ2V0TmFtZT1zcF9hdGY%26psc%3D1,549,649,4.2,564,56%,27%,9%,3%,6%,https://amazon.in/Dapr-Beard-Butter-grams-Combination/product-reviews/B07MW961QN/ref=cm_cr_dp_d_show_all_btm?ie=UTF8&reviewerType=all_reviews,Not available,Hydrating,Not available,Orange,100,Not available,Dapr.,1,100 gram,Not available,Not available,7.8 x 7.6 x 7.4 cm; 100 Grams,16-Jan-19,B07MW961QN,India,100 g,Natural,Adult,"Beard,Hydrating,Mustache,Nourishing,Provides Protein,Smoothening",20/C/UA/20103,Not available,Not available,Not available,Not available,Not available,Not available,Not available,Not available,Not available,Not available,Not available,Not available,Not available,Not available,Not available,Not available,Not available,Not available,Not available,Not available
"Beardo Beard Activator Derma Roller for Men, 540-0.5mm Chromium needles, Stimulates Hair Growth | Follicles activation",https://m.media-amazon.com/images/I/51ErovamJyL._AC_UL320_.jpg,https://amazon.in/sspa/click?ie=UTF8&spc=MTozODQ4OTk5NTI5NzM0MjEwOjE2ODAwMzEyNTU6c3BfYXRmOjIwMDU0MDIzNDAxMTk4OjowOjo&url=%2FBeardo-Beard-Activator-Roller-0-5MM%2Fdp%2FB08WK79P2S%2Fref%3Dsr_1_3_sspa%3Fcrid%3D1GEOQD3CN5U5L%26keywords%3Dbeardo%26qid%3D1680031255%26sprefix%3Dbeardo%252Caps%252C228%26sr%3D8-3-spons%26sp_csd%3Dd2lkZ2V0TmFtZT1zcF9hdGY%26psc%3D1,425,750,4,899,48%,23%,16%,5%,9%,https://amazon.in/Beardo-Beard-Activator-Roller-0-5MM/product-reviews/B08WK79P2S/ref=cm_cr_dp_d_show_all_btm?ie=UTF8&reviewerType=all_reviews,1 Count (Pack of 1),Not available,Not available,Not available,Not available,Not available,Not available,Not available,1 count,Not available,Not available,16.7 x 4.6 x 4.2 cm; 70 Grams,13-Feb-21,B08WK79P2S,India,70 g,Not available,Not available,Not available,Not available,Ecomm,Not available,Not available,Not available,Not available,Not available,Not available,Not available,Not available,Not available,Not available,Not available,Not available,Not available,Not available,Not available,Not available,Not available,Not available,Not available
"Man Matters BeardGro Beard Growth Tonic for Men 30ml | 1.5% Aminexil, 4% Moringa, 4% Goksura & 2% LashLD | Thicker beard growth, Softens Beard | Naturally Sourced & Scientific-based Formula",https://m.media-amazon.com/images/I/61uhAuyvSBL._AC_UL320_.jpg,https://amazon.in/sspa/click?ie=UTF8&spc=MTozODQ4OTk5NTI5NzM0MjEwOjE2ODAwMzEyNTU6c3BfYXRmOjIwMDQwOTE2ODU4MTk4OjowOjo&url=%2FMan-Matters-Tonic-Stimulates-Scientific-based%2Fdp%2FB09MD6DL1V%2Fref%3Dsr_1_4_sspa%3Fcrid%3D1GEOQD3CN5U5L%26keywords%3Dbeardo%26qid%3D1680031255%26sprefix%3Dbeardo%252Caps%252C228%26sr%3D8-4-spons%26sp_csd%3Dd2lkZ2V0TmFtZT1zcF9hdGY%26psc%3D1,399,499,3.7,224,40%,23%,16%,8%,12%,https://amazon.in/Man-Matters-Tonic-Stimulates-Scientific-based/product-reviews/B09MD6DL1V/ref=cm_cr_dp_d_show_all_btm?ie=UTF8&reviewerType=all_reviews,Not available,Not available,Not available,Not available,Not available,Not available,Not available,Not available,30.0 millilitre,Not available,Not available,11.2 x 9.8 x 5.2 cm; 110 Grams,22-Nov-21,B09MD6DL1V,India,110 g,Not available,Not available,Not available,Not available,Not available,Man Matters Beardgro Tonic,Beard Tonic,Not available,Not available,Not available,Not available,Not available,Not available,Not available,Not available,Not available,Not available,Not available,Not available,Not available,Not available,Not available,Not available,Not available
"Beardo Beard & Hair Growth Oil for thicker, longer beard | For patchy, uneven beard | Beard Oil for fast beard growth | Natural Hair Oil 50ml",https://m.media-amazon.com/images/I/61FIk2+alhL._AC_UL320_.jpg,https://amazon.in/Beardo-Beard-Hair-Growth-Oil/dp/B01C8FM764/ref=sr_1_5?crid=1GEOQD3CN5U5L&keywords=beardo&qid=1680031255&sprefix=beardo%2Caps%2C228&sr=8-5,510,750,3.7,"25,714",43%,20%,15%,7%,14%,https://amazon.in/Beardo-Beard-Hair-Growth-Oil/product-reviews/B01C8FM764/ref=cm_cr_dp_d_show_all_btm?ie=UTF8&reviewerType=all_reviews,50 ml (Pack of 1),Not available,All,Earthy,50 Millilitres,"Oil-based, Non-sticky, Lightweight, Paraben Free",BEARDO,1,50.0 millilitre,50 Millilitres,No,Not available,02-Dec-15,B01C8FM764,India,0.05 g,Not available,Not available,Not available,Not available,Beardo,BER0090320,Beardo Hair Growth Oil,"No Harmful Chemicals, Paraben Free",4.5 x 4.5 x 13.5 cm; 0.05 Grams,1,"Zed Lifestyle Pvt. Ltd, 711, Shapath V, Opp. Karnavati Club, SG Highway, Prahlad Nagar, Ahmedabad, Gujarat – 380015.",45 x 45 x 135 Millimeters,Not available,Not available,Not available,Not available,Not available,Not available,Not available,Not available,Not available,Not available,Not available,Not available
Beardo Ultraglow All In One Face Cream For Men With Spf 30 | Skin Brightening & Whitening Cream | Pigmentation Removal Cream | De Tan For Men | 60 G,https://m.media-amazon.com/images/I/51EtT0mMJ4L._AC_UL320_.jpg,https://amazon.in/Beardo-Ultraglow-Brightening-Reduction-Protection/dp/B09MJ3936B/ref=sr_1_6?crid=1GEOQD3CN5U5L&keywords=beardo&qid=1680031255&sprefix=beardo%2Caps%2C228&sr=8-6,237,325,3.7,978,41%,25%,15%,7%,12%,https://amazon.in/Beardo-Ultraglow-Brightening-Reduction-Protection/product-reviews/B09MJ3936B/ref=cm_cr_dp_d_show_all_btm?ie=UTF8&reviewerType=all_reviews,Not available,Not available,Not available,Aloe Vera,Not available,Cream,BEARDO,1,60.0 gram,Not available,Not available,Not available,24-Nov-21,B09MJ3936B,India,60 g,Not available,Not available,Not available,UG_FC,"R.I. Ayurveda Research Labs, R.I. Ayurveda Research Labs",Not available,Face Moisturizer & Day Cream,Paraben Free,4 x 5 x 12 cm; 60 Grams,Not available,Not available,40 x 50 x 120 Millimeters,Niacinamide,Face,All,"Aloe vera, Vitamin E, Niacinamide",1 Face Cream,Not available,Not available,Not available,Not available,Not available,Not available,Not available
"Beardo Hair Serum, 50ml | Daily use hair serum for men with Argan Oil | Provides instant shine | Controls Frizz | Makes hair silky smooth| For All Hair Types | Paraben Free | Sulphate Free",https://m.media-amazon.com/images/I/51IyV-DTlJL._AC_UL320_.jpg,https://amazon.in/Beardo-Hair-Serum-Argan-Oil/dp/B01E1BYWJI/ref=sr_1_7?crid=1GEOQD3CN5U5L&keywords=beardo&qid=1680031255&sprefix=beardo%2Caps%2C228&sr=8-7,206,295,3.9,"7,252",45%,25%,16%,6%,8%,https://amazon.in/Beardo-Hair-Serum-Argan-Oil/product-reviews/B01E1BYWJI/ref=cm_cr_dp_d_show_all_btm?ie=UTF8&reviewerType=all_reviews,Hair Serum,"Hair Smoothing, Moisturizing, Nourishing, Adds Shine",All,Argan Oil Hair Serum - 50ml,50 Millilitres,Oil,BEARDO,1,50.0 millilitre,50 Millilitres,No,Not available,09-Apr-16,B01E1BYWJI,India,50 g,Not available,Not available,Not available,Not available,"Bay, Beardo- Zed Lifestyle Pvt. Ltd, 711, Shapath V, Opp. Karnavati Club, SG Highway, Prahlad Nagar, Ahmedabad, Gujarat – 380015.",BeardoHair serum,Beardo Hair Serum,"Sulphate Free, Paraben Free",11 x 5 x 5 cm; 50 Grams,1,"Zed Lifestyle Pvt. Ltd, 711, Shapath V, Opp. Karnavati Club, SG Highway, Prahlad Nagar, Ahmedabad, Gujarat – 380015.",11 x 5 x 5 Centimeters,Not available,Not available,Not available,Not available,Hair serum,Not available,Not available,Not available,Not available,Not available,Not available,Not available
"Beardo Whisky Smoke Eau De Parfum Men Spicy, Woody - Oudh Perfume For Men Long Lasting, Date Night Fragrance Body Spray For Men, 100ml",https://m.media-amazon.com/images/I/619uYh6-rhL._AC_UL320_.jpg,https://amazon.in/Beardo-Whisky-Perfume-PARFUM-Lasting/dp/B096XV4HR4/ref=sr_1_8?crid=1GEOQD3CN5U5L&keywords=beardo&qid=1680031255&sprefix=beardo%2Caps%2C228&sr=8-8,540,"1,200",4,"9,072",51%,23%,12%,5%,9%,https://amazon.in/Beardo-Whisky-Perfume-PARFUM-Lasting/product-reviews/B096XV4HR4/ref=cm_cr_dp_d_show_all_btm?ie=UTF8&reviewerType=all_reviews,Woody Spicy - OUDH Leather,Not available,Not available,Woody Spicy - OUDH Leather,Not available,Spray,BEARDO,Not available,100.0 millilitre,100 Millilitres,Not available,Not available,20-Sep-21,B096XV4HR4,India,380 g,Not available,Adult,Not available,WSK,"Aroma De France, Aroma De France, 324 Vill Ranu, Vadodra, Guj- 391445",Not available,Perfume - Eau De Parfum,Not available,14.2 x 10.3 x 4.8 cm; 380 Grams,"Aroma De France, 324 Vill Ranu, Vadodra, Guj- 391445",Not available,14.2 x 10.3 x 4.8 Centimeters,Not available,Not available,Not available,Not available,Not available,Not available,Not available,Not available,Not available,Not available,Not available,Not available
"Beardo Beard Oil for men - Godfather Lite Beard and Moustache Oil | Non-Sticky, Light; Almond Oil, Aloe vera, Vitamin E; Shiny Nourished Beards, 30 ml",https://m.media-amazon.com/images/I/61YGPqnekfL._AC_UL320_.jpg,https://amazon.in/Beardo-Godfather-Lite-Beard-Moustache/dp/B01M1FWOKU/ref=sr_1_9?crid=1GEOQD3CN5U5L&keywords=beardo&qid=1680031255&sprefix=beardo%2Caps%2C228&sr=8-9,262,350,3.8,"12,438",44%,22%,15%,7%,11%,https://amazon.in/Beardo-Godfather-Lite-Beard-Moustache/product-reviews/B01M1FWOKU/ref=cm_cr_dp_d_show_all_btm?ie=UTF8&reviewerType=all_reviews,30 ml (Pack of 1),Not available,Dry,Earthy,0.03 Millilitres,"Oil-based, Non-sticky, Lightweight, Paraben Free",BEARDO,Not available,30.0 millilitre,0.03,No,Not available,17-Sep-16,B01M1FWOKU,India,26 g,Not available,Not available,Not available,Not available,Bay,CPCA-2019-020993,God Father Beard Oil,Not available,10 x 5 x 10 cm; 26 Grams,Not available,Not available,10 x 5 x 10 Centimeters,Not available,Not available,Not available,Not available,Not available,Not available,Not available,Not available,Not available,Not available,Not available,Not available
"BEARDO De-Tan Face Wash For Men, 100ml | Reduces Tan For Glowing Complexion | Coffee Facewash | Dark Spot Reduction | Tan Removal Face Wash Men",https://m.media-amazon.com/images/I/61UPkEtwKCL._AC_UL320_.jpg,https://amazon.in/BEARDO-Tan-Facewash-Men-100/dp/B07QXCP5DH/ref=sr_1_10?crid=1GEOQD3CN5U5L&keywords=beardo&qid=1680031255&sprefix=beardo%2Caps%2C228&sr=8-10,275,275,3.9,"2,401",44%,26%,15%,5%,11%,https://amazon.in/BEARDO-Tan-Facewash-Men-100/product-reviews/B07QXCP5DH/ref=cm_cr_dp_d_show_all_btm?ie=UTF8&reviewerType=all_reviews,Not available,Not available,Not available,Coffee,Not available,Gel,BEARDO,1,100.0 millilitre,Not available,Not available,13.1 x 7.8 x 4.8 cm; 100 Grams,17-Apr-19,B07QXCP5DH,India,100 g,Cruelty Free,Adult,Not available,Not available,Vimson Derma,Beardo de tan1,De-Tan Facewash For Men,Paraben Free,Not available,Not available,Not available,Not available,Not available,Not available,All,Not available,Not available,Not Tested On Animals,Not available,Not available,Not available,Not available,Not available,Not available
"Beardo Activated Charcoal Anti Pollution Face Wash For Deep Pore Cleaning, 100ml | Charcoal Face Wash For Men | Acne Face Wash For Oily Skin",https://m.media-amazon.com/images/I/61yGONGkgTL._AC_UL320_.jpg,https://amazon.in/Beardo-Activated-Charcoal-Pollution-Control/dp/B071CMCRXG/ref=sr_1_11?crid=1GEOQD3CN5U5L&keywords=beardo&qid=1680031255&sprefix=beardo%2Caps%2C228&sr=8-11,200,275,3.9,"6,371",47%,23%,14%,6%,9%,https://amazon.in/Beardo-Activated-Charcoal-Pollution-Control/product-reviews/B071CMCRXG/ref=cm_cr_dp_d_show_all_btm?ie=UTF8&reviewerType=all_reviews,Not available,Not available,Not available,Activated Charcoal,Not available,Not available,BEARDO,1,100.0 millilitre,Not available,No,Not available,19-Apr-17,B071CMCRXG,India,120 g,"Cruelty Free, Vegan",Adult,Not available,Not available,Bay,charcoalfacewash-100,charcoalfacewash-100,Oil Free,4 x 6.5 x 15.4 cm; 120 Grams,Not available,Not available,40 x 65 x 154 Millimeters,Not available,Not available,Acne Prone,Not available,Not available,"Paraben Free Vegan, Cruelty Free",Charcoal Face Wash 100 ml (Pack of 1),Not available,Not available,Not available,Not available,Not available
"Beardo De-Tan Body Wash for Men, 200ml | Tan Removal| Caffeine Body Wash | With Coffee & Aloe Extracts | For Body & Face | Refreshing Fragrance",https://m.media-amazon.com/images/I/51fJsKTuDRL._AC_UL320_.jpg,https://amazon.in/Beardo-Tan-Bodywash-Men-200/dp/B07XVQ1Q75/ref=sr_1_12?crid=1GEOQD3CN5U5L&keywords=beardo&qid=1680031255&sprefix=beardo%2Caps%2C228&sr=8-12,198,250,4.1,"1,613",50%,27%,13%,4%,6%,https://amazon.in/Beardo-Tan-Bodywash-Men-200/product-reviews/B07XVQ1Q75/ref=cm_cr_dp_d_show_all_btm?ie=UTF8&reviewerType=all_reviews,Not available,Not available,Not available,Coffee,Not available,Liquid,BEARDO,1,200.0 gram,Not available,No,Not available,13-Sep-19,B07XVQ1Q75,India,220 g,Cruelty Free,Adult,Not available,Not available,HCP Wellness,8.90608E+12,De-Tan Bodywash For Men,Paraben Free,15 x 15 x 5 cm; 220 Grams,Not available,Not available,15 x 15 x 5 Centimeters,Not available,Not available,All,Not available,Not available,Unscented,Not available,Not available,Not available,Not available,Not available,Not available
"Beardo Ultraglow Face Wash for Men, 100ml | Brightens & Balances Skin Tone | Reduces Dark Spots | For oily to dry skin | Glowing & Radiant Skin",https://m.media-amazon.com/images/I/51hNf491T2L._AC_UL320_.jpg,https://amazon.in/Beardo-Ultraglow-Facewash-Made-India/dp/B082WT7CP6/ref=sr_1_13?crid=1GEOQD3CN5U5L&keywords=beardo&qid=1680031255&sprefix=beardo%2Caps%2C228&sr=8-13,245,350,4,"2,163",50%,23%,12%,5%,10%,https://amazon.in/Beardo-Ultraglow-Facewash-Made-India/product-reviews/B082WT7CP6/ref=cm_cr_dp_d_show_all_btm?ie=UTF8&reviewerType=all_reviews,Not available,Not available,Not available,Unscented,Not available,Gel,BEARDO,1,100.0 millilitre,Not available,Not available,Not available,18-Dec-19,B082WT7CP6,India,100 g,Cruelty Free,Adult,Not available,Not available,"Beardo, HCP Wellness LLP, 233, Maha Gujarat Industrial Estate, Opp. Mangalam Packaging, Moraiya- 382213, Gujarat, India",Beard Ultra glow,Beardo Ultraglow Facewash For Men,Paraben Free,15 x 6 x 6 cm; 100 Grams,1,"HCP Wellness LLP, 233, Maha Gujarat Industrial Estate, Opp. Mangalam Packaging, Moraiya- 382213, Gujarat, India",15 x 6 x 6 Centimeters,Not available,Not available,All,Not available,Not available,Not Tested On Animals,Not available,Not available,Not available,Not available,Not available,Not available
"Beardo Beard and Mustache Wax Extra Strong Hold | Beard Wax for Beard and mustache Styling | Gift for men, 50 gm",https://m.media-amazon.com/images/I/61wJbIOKZtL._AC_UL320_.jpg,https://amazon.in/Beardo-Beard-Mustache-Extra-Strong/dp/B07BZK6DG8/ref=sr_1_14?crid=1GEOQD3CN5U5L&keywords=beardo&qid=1680031255&sprefix=beardo%2Caps%2C228&sr=8-14,324,450,4,"1,893",49%,23%,15%,6%,8%,https://amazon.in/Beardo-Beard-Mustache-Extra-Strong/product-reviews/B07BZK6DG8/ref=cm_cr_dp_d_show_all_btm?ie=UTF8&reviewerType=all_reviews,Not available,Not available,All,Earthy,50 Millilitres,Wax,BEARDO,8,50 gram,50 Millilitres,No,Not available,05-Apr-18,B07BZK6DG8,India,50 g,Not available,Not available,Not available,Not available,Not available,AH5554-001-7Y Youth US Big Kid,Not available,Paraben Free,4.4 x 13.4 x 4.8 cm; 50 Grams,Not available,Not available,44 x 134 x 48 Millimeters,Not available,Not available,Not available,Not available,Not available,Not available,Not available,Not available,Not available,Not available,Not available,Not available
"Beardo Beard Serum, 50 ml | Daily use beard serum for men | Softens and Smoothes Rough Beard |Gives Beard Shine & Nourishes Beard",https://m.media-amazon.com/images/I/61WcPo4w76L._AC_UL320_.jpg,https://amazon.in/Beardo-Beard-Serum-Made-India/dp/B08CC65CPZ/ref=sr_1_15?crid=1GEOQD3CN5U5L&keywords=beardo&qid=1680031255&sprefix=beardo%2Caps%2C228&sr=8-15,238,399,4.1,855,50%,25%,13%,5%,6%,https://amazon.in/Beardo-Beard-Serum-Made-India/product-reviews/B08CC65CPZ/ref=cm_cr_dp_d_show_all_btm?ie=UTF8&reviewerType=all_reviews,Not available,Nourishing,Coarse,Mint,50 Millilitres,Serum,BEARDO,1,50 millilitre,50 Millilitres,No,Not available,03-Jul-20,B08CC65CPZ,India,80 g,Not available,Not available,Not available,BeardSerum50,R I Ayurveda Research Labs,Not available,Not available,Paraben Free,15 x 15 x 5 cm; 80 Grams,Not available,Not available,15 x 15 x 5 Centimeters,Not available,Not available,Not available,Not available,Not available,Not available,Not available,Not available,Not available,Not available,Not available,Not available
Beardo Lip Lightener | Lightening and Brightening Dark Lips for Smokers | Lip Care for Dark & Chapped Lips | Long Lasting Lip Nourishment | 7 g,https://m.media-amazon.com/images/I/71jQnQ8yogL._AC_UL320_.jpg,https://amazon.in/BEARDO-Lip-Lightener-Men-Brown/dp/B07NJ6QTLC/ref=sr_1_16?crid=1GEOQD3CN5U5L&keywords=beardo&qid=1680031255&sprefix=beardo%2Caps%2C228&sr=8-16,389,550,3.7,"1,915",44%,18%,17%,9%,13%,https://amazon.in/BEARDO-Lip-Lightener-Men-Brown/product-reviews/B07NJ6QTLC/ref=cm_cr_dp_d_show_all_btm?ie=UTF8&reviewerType=all_reviews,Not available,"Hydrating,Smoothening,Soothing,Lightening,Brightening,Repairing,Lip Lightener",Not available,Not available,Not available,बाम,BEARDO,1,7.0 gram,Not available,Not available,Not available,07-Feb-19,B07NJ6QTLC,India,7 g,Not available,Not available,Not available,Not available,"Vimson Demra, Vimson Demra-816/3 Kothari Industrial Estate, Opp Khodal Lodge, Santej, Kalol, Gujarat 382721",lip_light_1,Beardo Lip Lightner,Not available,7 x 5 x 5 cm; 7 Grams,1,"Vimson Demra-816/3 Kothari Industrial Estate, Opp Khodal Lodge, Santej, Kalol, Gujarat 382721",7 x 5 x 5 Centimeters,Not available,Not available,"Revitalized Tone, Dry, Darker Tone",Not available,Not available,Not available,Natural colour,Smooth,Unisex,Not available,Not available,Not available
Beardo Xxtra Stronghold Hair Wax | Crystal Hair Wax | Hair Wax Men | Glossy Finish | Shine |Extra Strong Hold | Styling Wax | 100 Gm,https://m.media-amazon.com/images/I/61EsCE1wtpL._AC_UL320_.jpg,https://amazon.in/Beardo-XXtra-Stronghold-Crystal-stylish/dp/B08NCW98RQ/ref=sr_1_17?crid=1GEOQD3CN5U5L&keywords=beardo&qid=1680031255&sprefix=beardo%2Caps%2C228&sr=8-17,276,400,4,"3,074",48%,25%,14%,5%,8%,https://amazon.in/Beardo-XXtra-Stronghold-Crystal-stylish/product-reviews/B08NCW98RQ/ref=cm_cr_dp_d_show_all_btm?ie=UTF8&reviewerType=all_reviews,Not available,"Extra Strong Hold, Glossy Finish, Restylable, Volumizing",All,Scented,100 Millilitres,Wax,BEARDO,1,100.0 gram,Not available,No,Not available,12-Nov-20,B08NCW98RQ,India,120 g,Not available,Not available,Not available,Not available,HCP Wellness,XXtra_Strong,Not available,"Sulphate Free, Phthalate Free, Paraben Free",15 x 15 x 5 cm; 120 Grams,Not available,Not available,15 x 15 x 5 Centimeters,Not available,Not available,Not available,Not available,Not available,Not available,Not available,Not available,Not available,Not available,Not available,Not available
Beardo Assorted Premium Perfume Gift Set for Men 4X8ml | gift for brother | Ideal Gift Set for Men | Travel Pack with Whisky Smoke Godfather Dark Side and Black Musk Perfume | Pocket Perfume for Men,https://m.media-amazon.com/images/I/61wUZuQyXiL._AC_UL320_.jpg,https://amazon.in/Assorted-Premium-Perfume-Perfumes-Godfather/dp/B09XB14ZHQ/ref=sr_1_18?crid=1GEOQD3CN5U5L&keywords=beardo&qid=1680031255&sprefix=beardo%2Caps%2C228&sr=8-18,496,699,3.9,763,45%,26%,13%,6%,10%,https://amazon.in/Assorted-Premium-Perfume-Perfumes-Godfather/product-reviews/B09XB14ZHQ/ref=cm_cr_dp_d_show_all_btm?ie=UTF8&reviewerType=all_reviews,8 ml (Pack of 4),Not available,Not available,Fresh,Not available,Liquid,BEARDO,Not available,32.0 millilitre,8 Millilitres,Not available,Not available,06-Apr-22,B09XB14ZHQ,India,190 g,Not available,Not available,Not available,Not available,"Zed Lifestyle Pvt Ltd, Zed Lifestyle Pvt. Ltd., 711, Shapath V, S.G. Road, Prahlad Nagar, Ahmedabad, Gujarat – 380015",Fragrance Minis,Perfume - Eau De Parfum,Not available,10 x 10 x 6 cm; 190 Grams,"Zed Lifestyle Pvt. Ltd., 711, Shapath V, S.G. Road, Prahlad Nagar, Ahmedabad, Gujarat – 380015",Not available,10 x 10 x 6 Centimeters,Not available,Not available,Not available,Not available,Not available,Travel Size,Not available,Not available,Not available,Not available,Not available,Not available
Beardo Stronghold Hair Wax : Crystal Hair Wax | Hair Wax Men | Styling  Wax | Glossy Finish | Shine | Strong Hold | Hair Wax 100 gm,https://m.media-amazon.com/images/I/611uXPrVxYL._AC_UL320_.jpg,https://amazon.in/Beardo-Stronghold-Crystal-Glossy-Styling/dp/B098XR65MP/ref=sr_1_19?crid=1GEOQD3CN5U5L&keywords=beardo&qid=1680031255&sprefix=beardo%2Caps%2C228&sr=8-19,284,400,4.1,"1,134",48%,28%,12%,4%,8%,https://amazon.in/Beardo-Stronghold-Crystal-Glossy-Styling/product-reviews/B098XR65MP/ref=cm_cr_dp_d_show_all_btm?ie=UTF8&reviewerType=all_reviews,Not available,"Strong Hold, Glossy Finish, Restylable, Volumizing",All,Scented,100 Millilitres,Wax,BEARDO,8,100.0 gram,Not available,Not available,7.5 x 7 x 4.2 cm; 100 Grams,14-Jun-18,B098XR65MP,India,100 g,Not available,Not available,Not available,Not available,Bay,Hair Wax,Not available,"Sulphate Free, Phthalate Free, Paraben Free",Not available,Not available,Not available,Not available,Not available,Not available,Not available,Not available,Not available,Not available,Not available,Not available,Not available,Not available,Not available,Not available
Beardo Keratin Shampoo | Keratin Shampoo for men | Shampoo for Hair Growth & Damage Control | 300 ml,https://m.media-amazon.com/images/I/51fovmEceJL._AC_UL320_.jpg,https://amazon.in/Beardo-Keratin-Shampoo-Growth-Control/dp/B07DNYC7D5/ref=sr_1_20?crid=1GEOQD3CN5U5L&keywords=beardo&qid=1680031255&sprefix=beardo%2Caps%2C228&sr=8-20,526,750,3.9,616,46%,25%,13%,5%,10%,https://amazon.in/Beardo-Keratin-Shampoo-Growth-Control/product-reviews/B07DNYC7D5/ref=cm_cr_dp_d_show_all_btm?ie=UTF8&reviewerType=all_reviews,Not available,Strengthening,All,Not available,300 Millilitres,Gel,BEARDO,1,300.0 millilitre,Not available,No,Not available,11-Jun-18,B07DNYC7D5,India,426 g,Not available,Adult,"Frizz Management,Provides Protein,Hair Growth",Not available,HCP Wellness LLP,CPCA-2019-020715,Keratin Shampoo for Hair Growth and Damage Control,Not available,8.1 x 8.1 x 8.1 cm; 426 Grams,Not available,Not available,8.1 x 8.1 x 8.1 Centimeters,Not available,Not available,Not available,Not available,Beardo Keratin Shampoo for Hair Growth & Damage Control - 300 ml,Strengthening,Not available,Not available,Not available,Not available,Not available,Not available
Dr.Vedic Beard Hair Growth Oil For Faster Beard Growth And Thicker Looking Beard | Beard Oil for Patchy And Uneven Beard (30ML) (Pack of 1),https://m.media-amazon.com/images/I/71v1DA19i0L._AC_UL320_.jpg,https://amazon.in/sspa/click?ie=UTF8&spc=MTozODQ4OTk5NTI5NzM0MjEwOjE2ODAwMzEyNTU6c3BfbXRmOjIwMDIxNzU5NjEyMzk4OjowOjo&url=%2FDr-Vedic-Growth-Faster-Thicker-Looking%2Fdp%2FB09NBWPKFT%2Fref%3Dsr_1_21_sspa%3Fcrid%3D1GEOQD3CN5U5L%26keywords%3Dbeardo%26qid%3D1680031255%26sprefix%3Dbeardo%252Caps%252C228%26sr%3D8-21-spons%26sp_csd%3Dd2lkZ2V0TmFtZT1zcF9tdGY%26psc%3D1,349,699,4.3,222,71%,12%,7%,2%,9%,https://amazon.in/Dr-Vedic-Growth-Faster-Thicker-Looking/product-reviews/B09NBWPKFT/ref=cm_cr_dp_d_show_all_btm?ie=UTF8&reviewerType=all_reviews,Coconut,Not available,All,Coconut,30 Millilitres,Liquid,Dr Vedic,Not available,30.0 millilitre,Not available,Not available,Not available,09-Dec-21,B09NBWPKFT,India,350 g,Not available,Not available,Not available,Not available,DR VEDIC,Not available,Not available,Not available,3 x 3 x 8 cm; 350 Grams,Not available,Not available,30 x 30 x 80 Millimeters,Not available,Not available,Not available,Not available,Not available,Not available,Not available,Not available,Not available,Not available,Not available,Not available
"Beardhood All Natural Mustache And Beard Wax For Strong Hold, Natural Musky Scent 30G",https://m.media-amazon.com/images/I/51OljAJG1SL._AC_UL320_.jpg,https://amazon.in/sspa/click?ie=UTF8&spc=MTozODQ4OTk5NTI5NzM0MjEwOjE2ODAwMzEyNTU6c3BfbXRmOjIwMDQ1OTEzOTcyNDk4OjowOjo&url=%2FBeardhood-Natural-Mustache-Beard-Strong%2Fdp%2FB071HRNVX2%2Fref%3Dsr_1_22_sspa%3Fcrid%3D1GEOQD3CN5U5L%26keywords%3Dbeardo%26qid%3D1680031255%26sprefix%3Dbeardo%252Caps%252C228%26sr%3D8-22-spons%26sp_csd%3Dd2lkZ2V0TmFtZT1zcF9tdGY%26psc%3D1,310,400,3.8,"3,083",43%,23%,14%,7%,13%,https://amazon.in/Beardhood-Natural-Mustache-Beard-Strong/product-reviews/B071HRNVX2/ref=cm_cr_dp_d_show_all_btm?ie=UTF8&reviewerType=all_reviews,Not available,"Frizz Control, Shape & Hold, Nourishing",All,Musky,1 Fluid Ounces,Wax,BEARDHOOD,1,30.0 gram,Not available,No,Not available,09-May-17,B071HRNVX2,India,30 g,Not available,Not available,Not available,Not available,"Sapr Center, New Delhi",B071HRNVX2,Natural Mustache And Beard Wax For Strong Hold,Paraben Free,6 x 6 x 8 cm; 30 Grams,Beardhood,Not available,6 x 6 x 8 Centimeters,Not available,Not available,Not available,Not available,Not available,Not available,Not available,Not available,Not available,Not available,Not available,Not available
"The Man Company Beard Care Kit for Men with Almond & Thyme Beard Growth Oil, Face & Beard Hair Wash, Beard Wax/Softener | Strengthen, Soften & Nourishes Beard | Daily Care Grooming Gift Pack for Husband, Boyfriend-Pack of 3",https://m.media-amazon.com/images/I/61gELgNPKfL._AC_UL320_.jpg,https://amazon.in/sspa/click?ie=UTF8&spc=MTozODQ4OTk5NTI5NzM0MjEwOjE2ODAwMzEyNTU6c3BfbXRmOjIwMTM0MDE5OTY0Mjk4OjowOjo&url=%2FMan-Company-Awesome-Beard-Almond%2Fdp%2FB07H3TQ11G%2Fref%3Dsr_1_23_sspa%3Fcrid%3D1GEOQD3CN5U5L%26keywords%3Dbeardo%26qid%3D1680031255%26sprefix%3Dbeardo%252Caps%252C228%26sr%3D8-23-spons%26sp_csd%3Dd2lkZ2V0TmFtZT1zcF9tdGY%26psc%3D1,886,"1,249",4.1,201,51%,23%,15%,3%,8%,https://amazon.in/Man-Company-Awesome-Beard-Almond/product-reviews/B07H3TQ11G/ref=cm_cr_dp_d_show_all_btm?ie=UTF8&reviewerType=all_reviews,3 Count (Pack of 1),Nourishing,All,Geranium,100 Millilitres,Wax,The Man Company,1,1 count,100 Millilitres,No,Not available,04-Sep-18,B07H3TQ11G,India,540 g,Not available,Not available,Not available,Not available,Goodness Of Nature,TMC-WEB-386,"Almond and Thyme Beard Oil, Beard Wash and Beard Wax",Alcohol Free,40 x 25 x 14 cm; 540 Grams,Not available,Not available,40 x 25 x 14 Centimeters,Not available,Not available,Not available,Not available,"Beard oil, beard wash shampoo and beard wax",Not available,Not available,Not available,Not available,Not available,Not available,Not available
"The Man Company Advanced Beard Growth Oil for Men with Argan & Geranium | Nourishes and Strengthens Beard for Faster Growth | For Beard Softness, Shine & Patchy Beard – 30 ml",https://m.media-amazon.com/images/I/61y2jfw34QL._AC_UL320_.jpg,https://amazon.in/sspa/click?ie=UTF8&spc=MTozODQ4OTk5NTI5NzM0MjEwOjE2ODAwMzEyNTU6c3BfbXRmOjIwMTMzOTg5MzMwNDk4OjowOjo&url=%2FMan-Company-Beard-Moustache-Nourishment%2Fdp%2FB01J1KFVBM%2Fref%3Dsr_1_24_sspa%3Fcrid%3D1GEOQD3CN5U5L%26keywords%3Dbeardo%26qid%3D1680031255%26sprefix%3Dbeardo%252Caps%252C228%26sr%3D8-24-spons%26sp_csd%3Dd2lkZ2V0TmFtZT1zcF9tdGY%26psc%3D1,273,350,3.8,"1,624",45%,22%,16%,6%,11%,https://amazon.in/Man-Company-Beard-Moustache-Nourishment/product-reviews/B01J1KFVBM/ref=cm_cr_dp_d_show_all_btm?ie=UTF8&reviewerType=all_reviews,30 ml (Pack of 1),Beard Growth,Oily,Argan,30 Millilitres,Oil,The Man Company,1,30.0 millilitre,30 Millilitres,No,12.7 x 4.3 x 4.1 cm; 90 Grams,01-Jan-17,B01J1KFVBM,India,90 g,Not available,Not available,Not available,Not available,Goodness of Nature,TMC-WEB-16,Not available,Paraben Free,Not available,Not available,Not available,Not available,Not available,Not available,Not available,Not available,Not available,Not available,Not available,Not available,Not available,Not available,Not available,Not available
"Beardo Beard Color For Men - Natural Black | Long Lasting | No Ammonia | Easy to apply, No Stain Beard Hair Colour for men | Skin Friendly Hair dye",https://m.media-amazon.com/images/I/61p2DEhyrAL._AC_UL320_.jpg,https://amazon.in/Beardo-Beard-Color-Men-Natural/dp/B07RTQWXNS/ref=sr_1_25?crid=1GEOQD3CN5U5L&keywords=beardo&qid=1680031255&sprefix=beardo%2Caps%2C228&sr=8-25,450,450,3.7,"1,535",42%,21%,15%,6%,16%,https://amazon.in/Beardo-Beard-Color-Men-Natural/product-reviews/B07RTQWXNS/ref=cm_cr_dp_d_show_all_btm?ie=UTF8&reviewerType=all_reviews,30 ml (Pack of 1),Hair Coloring,All,Not available,Not available,Cream,BEARDO,1,60.0 millilitre,Not available,Not available,13.2 x 8.5 x 5.5 cm; 30 Grams,11-May-19,B07RTQWXNS,Not available,30 g,Natural,Not available,Not available,8.90608E+12,N.G ELECTRO PRODUCTS PVT LTD,Not available,Beard Color For Men - Natural Black,Ammonia Free,Not available,Not available,Not available,Not available,Not available,Not available,Not available,Not available,Not available,Not available,Black,Not available,Not available,Box,Not available,Not available
"Beardo Hair Fall Control Shampoo for Men | Shampoo for men | Sulphate and Paraben Free Shampoo | Reduces Hairfall, Nourishes hair | 250 ml",https://m.media-amazon.com/images/I/51GVnyLhCjL._AC_UL320_.jpg,https://amazon.in/BEARDO-Hail-Control-Shampoo-250ml/dp/B06XTFJK1S/ref=sr_1_26?crid=1GEOQD3CN5U5L&keywords=beardo&qid=1680031255&sprefix=beardo%2Caps%2C228&sr=8-26,350,350,4,"3,680",49%,23%,13%,5%,9%,https://amazon.in/BEARDO-Hail-Control-Shampoo-250ml/product-reviews/B06XTFJK1S/ref=cm_cr_dp_d_show_all_btm?ie=UTF8&reviewerType=all_reviews,"Hair Fall Control Shampoo For Men, 250ml",Breakage Control,All,Rosemary,250 Millilitres,Gel,BEARDO,Not available,250.0 millilitre,Not available,No,Not available,11-Jan-17,B06XTFJK1S,India,272 g,Not available,Adult,Itchy Scalp,Not available,"BEARDO, HCP Wellness LLP, 233, Maha Gujarat Industrial Estate, Opp. Mangalam Packaging, Moraiya- 382213, Gujarat, India",Hair fall control shampoo,Beardo Hair Fall Control Shampoo for Men,Paraben Free; Phthalate Free; SLES Free,17.78 x 7.62 x 7.62 cm; 272.16 Grams,1,"Zed Lifestyle Pvt. Ltd., 711, Shapath V, S.G. Road, Prahlad Nagar, Ahmedabad, Gujarat – 380015",17.8 x 7.6 x 7.6 Centimeters,Not available,Not available,Not available,Not available,Not available,Not Tested On Animals,Not available,Not available,Not available,Not available,Not available,Not available
Beardo Dandruff Control Sulphate Free Shampoo | Anti Dandruff Shampoo | Shampoo for men | Sulphate and Paraben Free Shampoo | 200 ml,https://m.media-amazon.com/images/I/51wdbJgcB0L._AC_UL320_.jpg,https://amazon.in/Dandruff-Control-Sulphate-Free-Shampoo/dp/B09QWTJR3K/ref=sr_1_27?crid=1GEOQD3CN5U5L&keywords=beardo&qid=1680031255&sprefix=beardo%2Caps%2C228&sr=8-27,299,399,3.9,226,46%,24%,12%,8%,10%,https://amazon.in/Dandruff-Control-Sulphate-Free-Shampoo/product-reviews/B09QWTJR3K/ref=cm_cr_dp_d_show_all_btm?ie=UTF8&reviewerType=all_reviews,Not available,Anti-Dandruff,All,Unscented ,200 Millilitres,Liquid,BEARDO,Not available,200.0 millilitre,Not available,Not available,Not available,21-Jan-22,B09QWTJR3K,India,240 g,Not available,Adult,Dandruff Problem,Not available,"Vedic Cosmeceuticals Private Limited, B-31, Sector 85, Gautam Budh Nagar, Noida, UP-201305",Dandruff Control Sulphate Free Shampoo,Dandruff Control Sulphate Free Shampoo,"Sulphate Free, Paraben Free",5 x 5 x 18 cm; 240 Grams,Vedic Cosmeceuticals Private Limited,Not available,50 x 50 x 180 Millimeters,Not available,Not available,Not available,Not available,Not available,Not Tested On Animals,Not available,Not available,Not available,Not available,Not available,Not available
"Beardo Activated Charcoal Peel Off Mask for Men | Blackhead Removal & Detox Mask | Fights Pollution, Dirt & Tan | Suitable for Sensitive Skin | 100 gm",https://m.media-amazon.com/images/I/617SwulgWFL._AC_UL320_.jpg,https://amazon.in/BEARDO-Activated-Charcoal-Peel-Mask/dp/B07D5TJ5D2/ref=sr_1_28?crid=1GEOQD3CN5U5L&keywords=beardo&qid=1680031255&sprefix=beardo%2Caps%2C228&sr=8-28,248,350,3.9,"6,013",46%,24%,15%,6%,9%,https://amazon.in/BEARDO-Activated-Charcoal-Peel-Mask/product-reviews/B07D5TJ5D2/ref=cm_cr_dp_d_show_all_btm?ie=UTF8&reviewerType=all_reviews,Not available,Exfoliating,Not available,Aloe Vera,Not available,Mask,BEARDO,1,100.0 gram,Not available,No,Not available,18-May-18,B07D5TJ5D2,India,110 g,"No Parabens, Sulfates, Silicones, Cruelty-Free, 100% Vegan, Proudly Made in India",Not available,Not available,Not available,"Beardo, HCP Wellness LLP, 233, Maha Gujarat Industrial Estate, Opp. Mangalam Packaging, Moraiya- 382213, Gujarat, India",Mask,BEARDO Activated Charcoal Peel Off Mask,Paraben Free,4.1 x 6.1 x 15.7 cm; 110 Grams,1,"Zed Lifestyle Pvt. Ltd., 711, Shapath V, S.G. Road, Prahlad Nagar, Ahmedabad, Gujarat – 380015",41 x 61 x 157 Millimeters,Not available,Not available,"All, Oily, Dry",Not available,Not available,Unscented,Not available,Not available,Not available,Not available,Not available,Not available
"Beardo 2-in-1 Detan Toner + Serum for Men | Remove Tan, Dead Skin Cells & Blemishes with Alpha Arbutin | Reduce Hyperpigmentation & Correct Dark Spots | Tan Removal | Face Serum for Men",https://m.media-amazon.com/images/I/61coKGKEcRL._AC_UL320_.jpg,https://amazon.in/Blemishes-Arbutin-Hyperpigmentation-Correct-Removal/dp/B0BCWGMPC5/ref=sr_1_29_mod_primary_new?crid=1GEOQD3CN5U5L&keywords=beardo&qid=1680031255&sbo=RZvfv%2F%2FHxDF%2BO5021pAnSA%3D%3D&sprefix=beardo%2Caps%2C228&sr=8-29,449465,550₹550,4.2,80,68%,9%,6%,8%,8%,https://amazon.in/Blemishes-Arbutin-Hyperpigmentation-Correct-Removal/product-reviews/B0BCWGMPC5/ref=cm_cr_dp_d_show_all_btm?ie=UTF8&reviewerType=all_reviews,Not available,Oil Balancing,Not available,Not available,Not available,Drop,BEARDO,Not available,30.0 millilitre,Not available,Not available,Not available,02-Sep-22,B0BCWGMPC5,India,90 g,"Cruelty Free, Vegan",Not available,Not available,GC/1262,Callistta Healthcare,Not available,Not available,Not available,10 x 5 x 10 cm; 90 Grams,Not available,Not available,10 x 5 x 10 Centimeters,Not available,Not available,All,Not available,Not available,Not available,Not available,Not available,Not available,Not available,All,Not available
Beardo DD Face Cream for Men | Daily Defence from Pollution | Non-tinted Face Cream | Ultralight Cold Cream | Everyday Skin Care | 50g,https://m.media-amazon.com/images/I/61xfnMLJ0iL._AC_UL320_.jpg,https://amazon.in/Face-Cream-Daily-Defence-Non-tinted/dp/B0BJVV13P9/ref=sr_1_30?crid=1GEOQD3CN5U5L&keywords=beardo&qid=1680031255&sprefix=beardo%2Caps%2C228&sr=8-30,299,399,4.8,73,88%,7%,5%,Not available,Not available,https://amazon.in/Face-Cream-Daily-Defence-Non-tinted/product-reviews/B0BJVV13P9/ref=cm_cr_dp_d_show_all_btm?ie=UTF8&reviewerType=all_reviews,Not available,Hydrating,Not available,Not available,Not available,Cream,BEARDO,1,50.0 gram,Not available,Not available,Not available,20-Oct-22,B0BJVV13P9,India,140 g,Not available,Adult,Not available,Not available,"HCP Wellness Pvt. Ltd., HCP Wellness Pvt. Ltd.",Daily Defence Face Cream,Face Moisturizer & Day Cream,"Silicone Free, Sulfate Free, Paraben Free",5 x 5 x 5 cm; 140 Grams,HCP Wellness Pvt. Ltd.,Not available,50 x 50 x 50 Millimeters,Not available,Face,All,"Niacinamide, Vitamin E",Not available,Not available,Not available,Not available,Not available,Not available,Not available,Not available
Beardo Onion Oil Concentrate | Onion Hair Oil for Hair Growth | Red Onion Hair Oil | Natural | Non-sticky | Controls Hairfall | 25 ml,https://m.media-amazon.com/images/I/51SG2ZfueOL._AC_UL320_.jpg,https://amazon.in/Beardo-Onion-Concentrate-Growth-Control/dp/B08665CTBS/ref=sr_1_31?crid=1GEOQD3CN5U5L&keywords=beardo&qid=1680031255&sprefix=beardo%2Caps%2C228&sr=8-31,247,399,3.9,"1,868",47%,22%,15%,6%,10%,https://amazon.in/Beardo-Onion-Concentrate-Growth-Control/product-reviews/B08665CTBS/ref=cm_cr_dp_d_show_all_btm?ie=UTF8&reviewerType=all_reviews,Not available,Not available,Not available,Scented,Not available,Oil,BEARDO,Not available,25 millilitre,Not available,Not available,Not available,06-May-20,B08665CTBS,India,70 g,Not available,Adult,Not available,Not available,Goodness of nature,Onion Oil,Onion Oil,"Sulphate Free, Paraben Free",15 x 5 x 15 cm; 70 Grams,Not available,Not available,15 x 5 x 15 Centimeters,Not available,Not available,Not available,Not available,Not available,Not available,Not available,Not available,Not available,Not available,Not available,Not available
"Beardo 2-in-1 Vitamin C Toner + Serum 15% Vitamin C Face Serum For Bright & Glowing Skin Hyaluronic Acid 15% Ascorbic Acid For Hyperpigmentation For Men, 30ml",https://m.media-amazon.com/images/I/61mdUbF+0iL._AC_UL320_.jpg,https://amazon.in/Vitamin-Glowing-Hyaluronic-Ascorbic-Hyperpigmentation/dp/B0BCWFYZYR/ref=sr_1_32?crid=1GEOQD3CN5U5L&keywords=beardo&qid=1680031255&sprefix=beardo%2Caps%2C228&sr=8-32,399,550,3.7,62,48%,18%,8%,10%,16%,https://amazon.in/Vitamin-Glowing-Hyaluronic-Ascorbic-Hyperpigmentation/product-reviews/B0BCWFYZYR/ref=cm_cr_dp_d_show_all_btm?ie=UTF8&reviewerType=all_reviews,Not available,Brightening,Not available,Aloe Vera,Not available,Drop,BEARDO,1,30.0 millilitre,Not available,Not available,Not available,02-Sep-22,B0BCWFYZYR,India,90 g,Antioxidant,Not available,Not available,NW(0300)/17/955,Bo International,Not available,Not available,Not available,10 x 5 x 10 cm; 90 Grams,Not available,Not available,10 x 5 x 10 Centimeters,"Hyaluronic acid,vitamin c",Face,All,Not available,Not available,Not available,Not available,Not available,Not available,Not available,Not available,Not available
"Beardo Ball Sack Spray For Fresh, Clean and Dry Balls | Intimate Hygiene Body Spray for Men; Prevents Odor, itch | Strictly for men Gift for men 50ml",https://m.media-amazon.com/images/I/61JOYoKofKL._AC_UL320_.jpg,https://amazon.in/Intimate-Perfume-Prevents-irritation-private/dp/B09KH93NKW/ref=sr_1_33?crid=1GEOQD3CN5U5L&keywords=beardo&qid=1680031255&sprefix=beardo%2Caps%2C228&sr=8-33,299,399,4,436,48%,25%,14%,6%,8%,https://amazon.in/Intimate-Perfume-Prevents-irritation-private/product-reviews/B09KH93NKW/ref=cm_cr_dp_d_show_all_btm?ie=UTF8&reviewerType=all_reviews,Not available,Not available,Not available,Chamomile,Not available,Spray,BEARDO,1,50 millilitre,Not available,Not available,Not available,27-Oct-21,B09KH93NKW,India,90 g,Not available,Adult,Not available,GC/1348,Not available,Not available,Not available,Not available,15 x 15 x 5 cm; 90 Grams,Not available,Not available,15 x 15 x 5 Centimeters,Not available,Body,All,Not available,Not available,Alcohol Free,Black,Not available,Not available,Not available,Not available,Not available
Beardo Hair Thickening Sulphate free Shampoo | Shampoo for men | Sulphate and Paraben Free Shampoo | For Strong & Thick Hair | 200 ml,https://m.media-amazon.com/images/I/51PuxJeuQGL._AC_UL320_.jpg,https://amazon.in/Thickening-Sulphate-Shampoo-Keratin-Palmetto/dp/B09QX4FY1V/ref=sr_1_34?crid=1GEOQD3CN5U5L&keywords=beardo&qid=1680031255&sprefix=beardo%2Caps%2C228&sr=8-34,296,399,3.9,483,44%,29%,13%,4%,9%,https://amazon.in/Thickening-Sulphate-Shampoo-Keratin-Palmetto/product-reviews/B09QX4FY1V/ref=cm_cr_dp_d_show_all_btm?ie=UTF8&reviewerType=all_reviews,Not available,Hair Thickening Shampoo,All,Fresh,200 Millilitres,Gel,BEARDO,Not available,200.0 millilitre,Not available,Not available,Not available,21-Jan-22,B09QX4FY1V,India,280 g,Not available,Adult,Hair Breakage,Not available,"Vedic Cosmeceuticals Private Limited, Vedic Cosmeceuticals Private Limited B-31, Sector 85, Gautam Budh Nagar, Noida, UP-201305",UP16320000009,Thin Hair Thickening Shampoo,"Sulphate Free, Paraben Free",5 x 5 x 18 cm; 280 Grams,"Vedic Cosmeceuticals Private Limited B-31, Sector 85, Gautam Budh Nagar, Noida, UP-201305",Not available,50 x 50 x 180 Millimeters,Not available,Not available,Not available,Not available,Not available,Not Tested On Animals,Not available,Not available,Not available,Not available,Not available,Not available
Beardo Max Volume Powder Wax 10 gm | Matte Finish | Strong Hold | Restylable | Hair Styling Wax | Hair Wax Powder For Men,https://m.media-amazon.com/images/I/71O2Ok4nGLL._AC_UL320_.jpg,https://amazon.in/Max-Powder-Wax-Restylable-Styling/dp/B0B7WN3GFF/ref=sr_1_35?crid=1GEOQD3CN5U5L&keywords=beardo&qid=1680031255&sprefix=beardo%2Caps%2C228&sr=8-35,319,399,4,135,60%,11%,11%,5%,13%,https://amazon.in/Max-Powder-Wax-Restylable-Styling/product-reviews/B0B7WN3GFF/ref=cm_cr_dp_d_show_all_btm?ie=UTF8&reviewerType=all_reviews,Not available,"Strong Hold, Volumizing, Resylabe​",All,Unscented,Not available,Powder,BEARDO,1,10.0 gram,Not available,Not available,Not available,28-Jul-22,B0B7WN3GFF,India,50 g,Not available,Not available,Not available,Not available,"West-Coast Pharmaceutical Works Ltd., Fp No. 17 & 16/5, Meldi Estate, B/s. Meldi Mata Temple, Nr. Gota Railway Crossing, At & Post: Gota, Ahmedabad- 382 481",Max Volume Powder Wax,Powder Hair Wax,Not available,15.5 x 4.8 x 4.8 cm; 50 Grams,"Fp No. 17 & 16/5, Meldi Estate, B/s. Meldi Mata Temple, Nr. Gota Railway Crossing, At & Post: Gota, Ahmedabad- 382 481",Not available,15.5 x 4.8 x 4.8 Centimeters,Not available,Not available,Not available,Not available,Not available,Not available,Not available,Not available,Not available,Not available,Not available,Not available
Beardo Mustache Growth Roll On - 8 ml with with Almond and Coconut Oils | Promotes hair growth | Stimulates Hair Follicles | Easy to use,https://m.media-amazon.com/images/I/61FR6Mh5PFL._AC_UL320_.jpg,https://amazon.in/BEARDO-Beardo-Mustache-Growth-Roll/dp/B01EFLKOC8/ref=sr_1_36?crid=1GEOQD3CN5U5L&keywords=beardo&qid=1680031255&sprefix=beardo%2Caps%2C228&sr=8-36,183,245,3.5,"2,646",38%,20%,17%,8%,17%,https://amazon.in/BEARDO-Beardo-Mustache-Growth-Roll/product-reviews/B01EFLKOC8/ref=cm_cr_dp_d_show_all_btm?ie=UTF8&reviewerType=all_reviews,Not available,Not available,Not available,Coconut,Not available,Oil,BEARDO,Not available,8.0 millilitre,Not available,No,Not available,18-Apr-16,B01EFLKOC8,India,0.04 g,Not available,Adult,Not available,Not available,Bay,BMGR06,Not available,Not available,5 x 2 x 2 cm; 0.04 Grams,Not available,Not available,50 x 20 x 20 Millimeters,Not available,Not available,Not available,Not available,Not available,Not available,Not available,Not available,Not available,Not available,Not available,Not available
BEARDO Ice Blast Cooling Facewash for Men| INSTANT Icy freshness | Menthol | With cool lock technology | 100 ml,https://m.media-amazon.com/images/I/61bwb8A-z2L._AC_UL320_.jpg,https://amazon.in/BEARDO-Menthol-Facewash-designed-technology/dp/B09WK8TGKN/ref=sr_1_37?crid=1GEOQD3CN5U5L&keywords=beardo&qid=1680031255&sprefix=beardo%2Caps%2C228&sr=8-37,205,275,4.2,271,55%,27%,6%,5%,7%,https://amazon.in/BEARDO-Menthol-Facewash-designed-technology/product-reviews/B09WK8TGKN/ref=cm_cr_dp_d_show_all_btm?ie=UTF8&reviewerType=all_reviews,Not available,Not available,Not available,Glycerin,Not available,Wash,BEARDO,1,100.0 millilitre,Not available,Not available,13.3 x 7.4 x 5.3 cm; 120 Grams,26-Mar-22,B09WK8TGKN,India,120 g,Cruelty Free,Adult,Not available,8.90608E+12,Not available,Not available,Not available,Paraben Free,Not available,Not available,Not available,Not available,Not available,Not available,All,Not available,Not available,Not Tested On Animals,Not available,Not available,Not available,Not available,Not available,Not available
Beardo Strong Hold Hair Spray | Hair Spray for Men | Hair Styling | Hair Setting Spray | Hair Fixing Spray | Strong Hold | Natural Shine | 192 ml,https://m.media-amazon.com/images/I/61goq4YcL4L._AC_UL320_.jpg,https://amazon.in/Beardo-Strong-Hold-Spray-180ml/dp/B07QBCBZ4R/ref=sr_1_38?crid=1GEOQD3CN5U5L&keywords=beardo&qid=1680031255&sprefix=beardo%2Caps%2C228&sr=8-38,333,450,4,"2,287",49%,23%,13%,5%,10%,https://amazon.in/Beardo-Strong-Hold-Spray-180ml/product-reviews/B07QBCBZ4R/ref=cm_cr_dp_d_show_all_btm?ie=UTF8&reviewerType=all_reviews,Not available,"Strong Hold, Glossy Texture, Non-Sticky",All,Scented,192 Millilitres,Wax,BEARDO,1,180 millilitre,180 Millilitres,Not available,18.7 x 4.8 x 4.8 cm; 180 Grams,04-Apr-19,B07QBCBZ4R,India,180 g,Not available,Not available,Not available,HS-180,Pontika Aerotech Limited,Not available,Not available,"Sulphate Free, Paraben Free",Not available,Not available,Not available,Not available,Not available,Not available,Not available,Not available,Not available,Not available,Not available,Not available,Not available,Not available,Not available,Not available
Beardo Beast Power Perfume Roll On 50ml,https://m.media-amazon.com/images/I/61GelE5ObpL._AC_UL320_.jpg,https://amazon.in/Beardo-Beast-Power-Perfume-Roll/dp/B0BV2XJYQ3/ref=sr_1_39?crid=1GEOQD3CN5U5L&keywords=beardo&qid=1680031255&sprefix=beardo%2Caps%2C228&sr=8-39,299,299,4,9,50%,23%,14%,Not available,14%,https://amazon.in/Beardo-Beast-Power-Perfume-Roll/product-reviews/B0BV2XJYQ3/ref=cm_cr_dp_d_show_all_btm?ie=UTF8&reviewerType=all_reviews,Not available,Not available,Not available,"Aquatic, Woody",Not available,Liquid,BEARDO,1,50.0 millilitre,50 Millilitres,Not available,Not available,07-Feb-23,B0BV2XJYQ3,India,70 g,Not available,Not available,Not available,Not available,"Aroma De France, Aroma De France",Beast Power Perfume Roll On,Deodorant,Not available,5 x 6 x 12 cm; 70 Grams,Aroma De France,Not available,50 x 60 x 120 Millimeters,Not available,Not available,Not available,Not available,Not available,Not available,Not available,Not available,Not available,Not available,Not available,Not available
"Beardo Aloevera Face Wash for Men, 100ml | For Skin Hydrating | Soap Free Facewash | Removes excess oil",https://m.media-amazon.com/images/I/61OXCCjyrfL._AC_UL320_.jpg,https://amazon.in/Beardo-Aloevera-Hydrating-Facewash-Removes/dp/B094J68Q91/ref=sr_1_40?crid=1GEOQD3CN5U5L&keywords=beardo&qid=1680031255&sprefix=beardo%2Caps%2C228&sr=8-40,193,299,4.1,314,52%,27%,9%,4%,8%,https://amazon.in/Beardo-Aloevera-Hydrating-Facewash-Removes/product-reviews/B094J68Q91/ref=cm_cr_dp_d_show_all_btm?ie=UTF8&reviewerType=all_reviews,Not available,Not available,Not available,Aloe Vera,Not available,Not available,BEARDO,1,100.0 gram,Not available,Not available,Not available,10-May-21,B094J68Q91,India,120 g,Natural,Adult,Not available,Not available,Not available,Facewash,Not available,Paraben Free,8.7 x 4.45 x 18.5 cm; 120 Grams,Not available,Not available,8.7 x 4.4 x 18.5 Centimeters,Not available,Not available,All,"Aloe vera, Vitamin B3, Vitamin B5",Not available,Natural Ingredients,Not available,Not available,Not available,Not available,Not available,Not available
Beardo Cream Power Styling Wax | Hair Wax Men | Styling Wax | Volumizing Wax | Natural Finish | Hair Wax 75 gm,https://m.media-amazon.com/images/I/714yfCx45OL._AC_UL320_.jpg,https://amazon.in/Beardo-Creme-Power-Hair-Styling/dp/B078MKP72K/ref=sr_1_41?crid=1GEOQD3CN5U5L&keywords=beardo&qid=1680031255&sprefix=beardo%2Caps%2C228&sr=8-41,395,395,3.9,"1,102",47%,21%,15%,6%,10%,https://amazon.in/Beardo-Creme-Power-Hair-Styling/product-reviews/B078MKP72K/ref=cm_cr_dp_d_show_all_btm?ie=UTF8&reviewerType=all_reviews,Not available,Moisturizing,All,Unscented,Not available,Wax,BEARDO,1,75.0 gram,Not available,No,Not available,25-Dec-17,B078MKP72K,India,75 g,Not available,Not available,Not available,Not available,HCP Wellness LLP,8.90608E+12,Creme Power Hair Styling Wax for Men,Not available,8 x 8 x 8 cm; 75 Grams,Not available,Not available,8 x 8 x 8 Centimeters,Not available,Not available,Not available,Not available,"Creme Power Hair Styling Wax for Men, 75 gm",Not available,Not available,Not available,Not available,Not available,Not available,Not available
Beardo Hair Growth Vitalizer Shampoo | Shampoo for Men | Promotes Hair Growth | Sulphate and Paraben Free Shampoo | Hair Fall Control Shampoo | 200 ml,https://m.media-amazon.com/images/I/51VfvAxCXdL._AC_UL320_.jpg,https://amazon.in/Hair-Growth-Vitalizer-Shampoo-Promotes/dp/B09QXLRRXY/ref=sr_1_42?crid=1GEOQD3CN5U5L&keywords=beardo&qid=1680031255&sprefix=beardo%2Caps%2C228&sr=8-42,449,449,4,438,47%,26%,13%,5%,9%,https://amazon.in/Hair-Growth-Vitalizer-Shampoo-Promotes/product-reviews/B09QXLRRXY/ref=cm_cr_dp_d_show_all_btm?ie=UTF8&reviewerType=all_reviews,Not available,Not available,Not available,Fresh,Not available,Liquid,BEARDO,Not available,200.0 millilitre,Not available,Not available,Not available,20-Jan-22,B09QXLRRXY,India,240 g,Not available,Not available,Not available,Not available,"Vedic Cosmeceuticals Private Limited, B-31, Sector 85, Gautam Budh Nagar, Noida, UP-201305",Hair Growth Vitalizer Shampoo,Hair Growth Vitalizer Shampoo,"Sulphate Free, Paraben Free",5 x 5 x 18 cm; 240 Grams,Vedic Cosmeceuticals Private Limited,Not available,50 x 50 x 180 Millimeters,"Biotin, Onion Oil, Kopexil",Not available,Not available,Not available,Not available,Not available,Not available,Not available,Not available,Not available,Not available,Not available
"Beardo Hair Clay Wax for Men, 100gm | Hair Clay for men | Styling Wax | Volumizing | Strong Hold | Restylable | Matte Finish | Hair Wax for Men | Easy to Wash Off",https://m.media-amazon.com/images/I/61UtPSggNvL._AC_UL320_.jpg,https://amazon.in/Beardo-Finish-Strong-Re-stylable-professionals/dp/B08PSVM1V8/ref=sr_1_43?crid=1GEOQD3CN5U5L&keywords=beardo&qid=1680031255&sprefix=beardo%2Caps%2C228&sr=8-43,272,425,3.9,"1,798",43%,26%,16%,6%,9%,https://amazon.in/Beardo-Finish-Strong-Re-stylable-professionals/product-reviews/B08PSVM1V8/ref=cm_cr_dp_d_show_all_btm?ie=UTF8&reviewerType=all_reviews,Not available,"Volumizing, Strong Hold, Matte Finish, Restylable",All,Clay Wax (100 gm),100,Wax,BEARDO,8,100.0 gram,Not available,No,Not available,05-Dec-20,B08PSVM1V8,India,110 g,Not available,Not available,Not available,HairClayWax,HCP Wellness,Not available,Not available,"Sulphate Free, Paraben Free",15 x 15 x 5 cm; 110 Grams,Not available,Not available,15 x 15 x 5 Centimeters,Not available,Not available,Not available,Not available,Not available,Not available,Not available,Not available,Not available,Not available,Not available,Not available
"Beardo Don Most Wanted Perfume Body Spray | Long Lasting No Gas Deo For Men | Aqua, Citrus, Musk Notes |Body Spray Perfume for Men, 120ml",https://m.media-amazon.com/images/I/51Bk3kXLCiL._AC_UL320_.jpg,https://amazon.in/Perfume-Aquatic-Lasting-Deodorant-Deodrant/dp/B09KHF2BVD/ref=sr_1_44?crid=1GEOQD3CN5U5L&keywords=beardo&qid=1680031255&sprefix=beardo%2Caps%2C228&sr=8-44,225,299,4,254,51%,22%,15%,5%,7%,https://amazon.in/Perfume-Aquatic-Lasting-Deodorant-Deodrant/product-reviews/B09KHF2BVD/ref=cm_cr_dp_d_show_all_btm?ie=UTF8&reviewerType=all_reviews,Not available,Not available,Not available,Woody,Not available,Spray,BEARDO,Not available,120.0 millilitre,120 Millilitres,Not available,16.1 x 5.4 x 5.2 cm; 140 Grams,27-Oct-21,B09KHF2BVD,India,140 g,Not available,Not available,Not available,Not available,Not available,Not available,Not available,No Gas,Not available,Not available,Not available,Not available,Not available,Not available,Not available,Not available,Not available,Not available,Not available,Not available,Not available,Not available,Not available,Not available
"Beardo Charcoal 4-in-1 Giftset for Men | Complete Face & Body kit, pack of 4 (Facewash, Peel-off mask, Scrub, Soap) | Gift For Men | Gift for Husband",https://m.media-amazon.com/images/I/612MLubajLL._AC_UL320_.jpg,https://amazon.in/Charcoal-Complete-Face-Body-Facewash/dp/B0BDV8LKZL/ref=sr_1_45?crid=1GEOQD3CN5U5L&keywords=beardo&qid=1680031255&sprefix=beardo%2Caps%2C228&sr=8-45,589,648,4.3,52,59%,27%,8%,Not available,7%,https://amazon.in/Charcoal-Complete-Face-Body-Facewash/product-reviews/B0BDV8LKZL/ref=cm_cr_dp_d_show_all_btm?ie=UTF8&reviewerType=all_reviews,Not available,Not available,Not available,Not available,Not available,Liquid,BEARDO,Not available,4.00 count,Not available,Not available,Not available,10-Sep-22,B0BDV8LKZL,India,450 g,Natural,Not available,Not available,Not available,HCP Wellness,Charcoal Complete Face & Body Detox Kit,Charcoal Complete Face & Body Detox Kit,Not available,15 x 15 x 5 cm; 450 Grams,HCP Wellness,Not available,15 x 15 x 5 Centimeters,Not available,Whole Body,Dry,Not available,Not available,Not available,Not available,Not available,Not available,Not available,Not available,Not available
"BEARDO Bubblegum Lip Balm for Men For Soft Kissable Lips (Pink, 7 g)",https://m.media-amazon.com/images/I/51YfcaO50oL._AC_UL320_.jpg,https://amazon.in/Bubblegum-Kissable-Cracked-Chapped-Protection/dp/B08PD4S9FG/ref=sr_1_46?crid=1GEOQD3CN5U5L&keywords=beardo&qid=1680031255&sprefix=beardo%2Caps%2C228&sr=8-46,175,250,4,"1,678",49%,22%,13%,5%,10%,https://amazon.in/Bubblegum-Kissable-Cracked-Chapped-Protection/product-reviews/B08PD4S9FG/ref=cm_cr_dp_d_show_all_btm?ie=UTF8&reviewerType=all_reviews,Not available,"Hydrating,Softening,Smoothening",Not available,Not available,Not available,Jar,BEARDO,1,1 count,Not available,No,Not available,01-Dec-20,B08PD4S9FG,India,7 g,Not available,Not available,Not available,Not available,"M/S Jain Soap, M/S Jain Soap, 39/A Deval Estate, Santej, Kalol, Gandhinagar, Gujarat-382721, India",Bubblegum,Lip Balm,Paraben Free,15 x 15 x 5 cm; 7 Grams,Not available,Not available,15 x 15 x 5 Centimeters,Not available,Not available,"Sensitive, Dry, Normal",Not available,Lip Balm,Not available,Pink,Natural,Not available,Not available,Not available,bubblegum
Beardo Tattoo Shiner Hydro Gel | Instant Shine & Brightness | Heals & Maintains Tattooed Skin | 50 g,https://m.media-amazon.com/images/I/61E4xUqH6wL._AC_UL320_.jpg,https://amazon.in/Beardo-Tattoo-Shiner-Gel-50/dp/B07Y2FFXZS/ref=sr_1_47?crid=1GEOQD3CN5U5L&keywords=beardo&qid=1680031255&sprefix=beardo%2Caps%2C228&sr=8-47,253,350,4.2,"1,524",56%,22%,13%,4%,5%,https://amazon.in/Beardo-Tattoo-Shiner-Gel-50/product-reviews/B07Y2FFXZS/ref=cm_cr_dp_d_show_all_btm?ie=UTF8&reviewerType=all_reviews,Not available,"Soothing,Shine,Moisturizing",Not available,Aloe,500 Millilitres,Wax,BEARDO,1,50.0 gram,Not available,Not available,5.7 x 5.5 x 5.2 cm; 60 Grams,18-Sep-19,B07Y2FFXZS,India,60 g,Not available,Not available,Not available,8.90608E+12,HCP Wellness LLP,Not available,Tattoo Shiner Gel,Paraben Free,Not available,Not available,Not available,Not available,Not available,Not available,Not available,Not available,Not available,Not available,Not available,Not available,Not available,Not available,Not available,Not available
Beardo Beard Softener 50 ml | Daily Nourish | Itch & Hair Fall Resist | Soft Shiny & Smooth | Nourishes Your Beard & Mustache | itch-free beard | Beard Softener for Men,https://m.media-amazon.com/images/I/5196I5e6I6L._AC_UL320_.jpg,https://amazon.in/Softener-Nourish-Nourishes-Mustache-itch-free/dp/B0BGM6LQXC/ref=sr_1_48?crid=1GEOQD3CN5U5L&keywords=beardo&qid=1680031255&sprefix=beardo%2Caps%2C228&sr=8-48,297,350,3.8,"1,231",43%,22%,18%,8%,10%,https://amazon.in/Softener-Nourish-Nourishes-Mustache-itch-free/product-reviews/B0BGM6LQXC/ref=cm_cr_dp_d_show_all_btm?ie=UTF8&reviewerType=all_reviews,Beard Softener 50ml (Pack of 1),Not available,Not available,Not available,Not available,Not available,Not available,Not available,50.0 millilitre,Not available,Not available,Not available,27-Sep-22,B0BGM6LQXC,India,60 g,Not available,Not available,Not available,Not available,HCP Wellness,Beard_Softener,Beard Softener,Not available,15 x 15 x 5 cm; 60 Grams,HCP Wellness,Not available,15 x 15 x 5 Centimeters,Not available,Not available,Not available,Not available,Not available,Not available,Not available,Not available,Not available,Not available,Not available,Not available
"Beardo Brightening Under Eye Cream for Men | Reduce Dark Circles, Wrinkles & Fine Lines | Lock Skin's Youthful Glow | 20ml",https://m.media-amazon.com/images/I/61kfIRjzR7L._AC_UL320_.jpg,https://amazon.in/Naturals-Brightening-wrinkles-Restores-youthful/dp/B096XFDHBY/ref=sr_1_49?crid=1GEOQD3CN5U5L&keywords=beardo&qid=1680031255&sprefix=beardo%2Caps%2C228&sr=8-49,225,350,3.5,671,36%,22%,18%,8%,16%,https://amazon.in/Naturals-Brightening-wrinkles-Restores-youthful/product-reviews/B096XFDHBY/ref=cm_cr_dp_d_show_all_btm?ie=UTF8&reviewerType=all_reviews,Not available,Dark Spot Correction,Not available,"Rose, Aloe Vera",Not available,Gel,BEARDO,1,20.0 millilitre,20 Millilitres,Not available,14.7 x 2.7 x 2.6 cm; 30 Grams,09-Jun-21,B096XFDHBY,India,30 g,Not available,Not available,Not available,Not available,Not available,Not available,Not available,Not available,Not available,Not available,Not available,Not available,Not available,Eyes,Combination,Aloe Vera,Not available,Not available,Not available,Not available,Not available,Not available,Not available,Not available
Beardo Hair Serum (Pack of 2) | serum for men | Serum for hair smoothing | Argan Oil & Almod Oil | Adds Shine | Daily use| For All Hair Type,https://m.media-amazon.com/images/I/41x+jMsja7L._AC_UL320_.jpg,https://amazon.in/Beardo-Hair-Serum-Argan-Pack/dp/B084ML8GG2/ref=sr_1_50?crid=1GEOQD3CN5U5L&keywords=beardo&qid=1680031255&sprefix=beardo%2Caps%2C228&sr=8-50,590,590,4.1,177,55%,18%,18%,3%,7%,https://amazon.in/Beardo-Hair-Serum-Argan-Pack/product-reviews/B084ML8GG2/ref=cm_cr_dp_d_show_all_btm?ie=UTF8&reviewerType=all_reviews,Not available,Straightening,All,Argan Oil,100 Millilitres,Serum,BEARDO,2,100 millilitre,Not available,No,Not available,09-Feb-20,B084ML8GG2,India,150 g,Not available,Not available,Not available,B084ML8GG2,R.I. Ayurveda Research Labs,Not available,Not available,Paraben Free,15 x 15 x 5 cm; 150 Grams,Not available,Not available,15 x 15 x 5 Centimeters,Not available,Not available,Not available,Not available,Not available,Not available,Not available,Not available,Not available,Not available,Not available,Not available
Beardo Hair Thickening Hemp Miracle Hair Oil | Hair Oil for Men | Hemp Oil | Light Hair Oil for Daily Hair Styling | Non-Sticky | 100 ml,https://m.media-amazon.com/images/I/61fuA0wuMhL._AC_UL320_.jpg,https://amazon.in/Oil-Non-Sticky-Thickening-Strengthening-Hemp/dp/B09JZ73DRM/ref=sr_1_51?crid=1GEOQD3CN5U5L&keywords=beardo&qid=1680031255&sprefix=beardo%2Caps%2C228&sr=8-51,187,399,4,539,48%,27%,13%,4%,7%,https://amazon.in/Oil-Non-Sticky-Thickening-Strengthening-Hemp/product-reviews/B09JZ73DRM/ref=cm_cr_dp_d_show_all_btm?ie=UTF8&reviewerType=all_reviews,Not available,"Damage Control, Hair Thickening, Non Sticky",All,Hemp Oil - 100 ml,100 Millilitres,Oil,BEARDO,1,100.0 millilitre,100 Millilitres,Not available,Not available,21-Oct-21,B09JZ73DRM,India,300 g,Not available,Not available,Not available,Not available,"Callista Healthcare, 73-75, Gate No 3, Ganesh Industrial Estate, Satyam Arcade Lane, Village Moraiya, Sarkhej-Bavla Highway, Changodar, Ahmedabad – 382 213, Gujarat, India",Hemp Oil,Hair Oil,"Sulphate Free, Paraben Free",13.2 x 7.8 x 3.8 cm; 300 Grams,Calistta Healthcare,Not available,13.2 x 7.8 x 3.8 Centimeters,Not available,Not available,Not available,Not available,Not available,Not available,Not available,Not available,Not available,Not available,Not available,Not available
"Beardo Beard Oil for men - Daily Repair Hemp Beard Oil | Non-Sticky, Light; Hemp Seed Oil for Shiny Nourished Beards | Promotes Beard Growth, 30 ml",https://m.media-amazon.com/images/I/51GqFb9n7uL._AC_UL320_.jpg,https://amazon.in/Daily-Repair-Hemp-Beard-Oil/dp/B09J5D4C8N/ref=sr_1_52?crid=1GEOQD3CN5U5L&keywords=beardo&qid=1680031255&sprefix=beardo%2Caps%2C228&sr=8-52,199,399,4,579,47%,27%,14%,5%,7%,https://amazon.in/Daily-Repair-Hemp-Beard-Oil/product-reviews/B09J5D4C8N/ref=cm_cr_dp_d_show_all_btm?ie=UTF8&reviewerType=all_reviews,Not available,"Softening,Smoothening,Nourishing,Strengthening",All,Earthy,30 Millilitres,"Oil-based, Non-sticky, Lightweight, Paraben Free",BEARDO,1,30.0 millilitre,Not available,Not available,Not available,11-Oct-21,B09J5D4C8N,India,90 g,Not available,Not available,Not available,Not available,"Calistta Healthcare, 73-75, ganesh industrial Estate< Moraiya,Ahmedabad-382213",Daily Repair Hemp Beard Oil,Hemp Beard Oil,Paraben Free,15 x 15 x 5 cm; 90 Grams,"Calistta Healthcare 73-75, ganesh industrial Estate< Moraiya,Ahmedabad-382213",Not available,15 x 15 x 5 Centimeters,Not available,Not available,Not available,Not available,Not available,Not available,Not available,Not available,Not available,Not available,Not available,Not available
Beardo Ultraglow Body Lotion for Men's Skin | Intense Hydration for Winter | Ultra-light Weight & Instant Absorption | Heals & Repairs Skin | 250 ml,https://m.media-amazon.com/images/I/51CdrFxKJ+L._AC_UL320_.jpg,https://amazon.in/Ultraglow-Intense-Hydration-Absorbs-Instantly/dp/B09MJ4L2MM/ref=sr_1_53?crid=1GEOQD3CN5U5L&keywords=beardo&qid=1680031255&sprefix=beardo%2Caps%2C228&sr=8-53,159,399,4.1,117,57%,24%,5%,2%,12%,https://amazon.in/Ultraglow-Intense-Hydration-Absorbs-Instantly/product-reviews/B09MJ4L2MM/ref=cm_cr_dp_d_show_all_btm?ie=UTF8&reviewerType=all_reviews,Not available,Moisturizing,Not available,"Coconut, Cocoa Butter, Lemon",Not available,Lotion,BEARDO,1,250.0 millilitre,250 Millilitres,Not available,Not available,24-Nov-21,B09MJ4L2MM,India,300 g,Not available,Adult,Not available,UG_BL,Not available,Not available,Body Lotion,Not available,5 x 5 x 14 cm; 300 Grams,Not available,Not available,50 x 50 x 140 Millimeters,Not available,Whole Body,All,Not available,1 Ultraglow Body Lotion,Not available,Not available,Not available,Not available,Not available,Not available,Not available
"Beardo Activated Charcoal Anti-Pollution Face Scrub for Deep Pore Cleansing, 100 gm | Removes Dirt & Impurities | Suitable for Men of all skin types",https://m.media-amazon.com/images/I/61Fpess4GuL._AC_UL320_.jpg,https://amazon.in/Activated-Charcoal-Anti-Pollution-Cleaning-Impurities/dp/B09HQXJ59T/ref=sr_1_54?crid=1GEOQD3CN5U5L&keywords=beardo&qid=1680031255&sprefix=beardo%2Caps%2C228&sr=8-54,238,350,4.1,129,47%,31%,11%,6%,6%,https://amazon.in/Activated-Charcoal-Anti-Pollution-Cleaning-Impurities/product-reviews/B09HQXJ59T/ref=cm_cr_dp_d_show_all_btm?ie=UTF8&reviewerType=all_reviews,Not available,"Softening,Exfoliating,Removes Dirt",Not available,Activated Charcoal,Not available,Not available,BEARDO,1,100 gram,Not available,Not available,Not available,04-Oct-21,B09HQXJ59T,India,100 g,"Natural, Cruelty Free, Paraben Free, Vegan",Not available,"Face,Dead Skin,Pores",Not available,HCP Wellness LLP,Charcoal Face Scrub,Charcoal Face Scrub,Not available,15 x 15 x 5 cm; 100 Grams,Not available,Not available,15 x 15 x 5 Centimeters,Charcoal,Not available,All,Not available,Not available,Not available,Not available,Not available,Not available,Not available,Not available,Not available
"Beardo Black Musk Eau De Parfum For Men, Musky, Woody Perfume, Long Lasting, Date Night Fragrance, Body Spray, 100ml",https://m.media-amazon.com/images/I/515kevxLjJL._AC_UL320_.jpg,https://amazon.in/Beardo-Black-Perfume-PERFUM-Lasting/dp/B09B57R6W6/ref=sr_1_55?crid=1GEOQD3CN5U5L&keywords=beardo&qid=1680031255&sprefix=beardo%2Caps%2C228&sr=8-55,571,"1,200",3.7,"1,648",42%,21%,15%,9%,13%,https://amazon.in/Beardo-Black-Perfume-PERFUM-Lasting/product-reviews/B09B57R6W6/ref=cm_cr_dp_d_show_all_btm?ie=UTF8&reviewerType=all_reviews,Black Musk Perfume - 100 ml,Not available,Not available,Black Musk Perfume - 100 ml,Not available,Liquid + Spray,BEARDO,Not available,120.0 gram,100 Millilitres,Not available,14.2 x 9.2 x 5.4 cm; 0.1 Grams,17-Sep-21,B09B57R6W6,India,Not available,Not available,Not available,Not available,BD_EDP,Not available,Not available,Not available,Not available,Not available,Not available,Not available,Not available,Not available,Not available,Not available,Not available,Not available,Not Tested On Animals,Not available,Not available,Not available,Not available,Not available,Not available
Beardo Ice Blast Hair Cream | Hair Cream for men | Hair Styling Ceam | Daily Styling | Cooling Cream | Cool Lock Technology | 75 gm,https://m.media-amazon.com/images/I/51oE4ZwEFsL._AC_UL320_.jpg,https://amazon.in/Ice-Blast-Hair-Cream-technology/dp/B09VGQMF45/ref=sr_1_56?crid=1GEOQD3CN5U5L&keywords=beardo&qid=1680031255&sprefix=beardo%2Caps%2C228&sr=8-56,243,299,4.1,96,47%,28%,15%,6%,5%,https://amazon.in/Ice-Blast-Hair-Cream-technology/product-reviews/B09VGQMF45/ref=cm_cr_dp_d_show_all_btm?ie=UTF8&reviewerType=all_reviews,Not available,High Gloss,All,Fresh,75,Cream,BEARDO,1,75.0 gram,Not available,Not available,6.8 x 6.6 x 3.9 cm; 75 Grams,14-Mar-22,B09VGQMF45,India,75 g,Not available,Not available,Not available,Not available,"HCP Wellness Pvt. Ltd., Plot No: 8, Ozone Industrial Park, Bavla-Bagodara Highway, Bhayla, Ahmedabad - 382220",Ice Blast Hair Cream,Hair Cream,Paraben Free,Not available,"HCP Wellness Pvt. Ltd. Plot No: 8, Ozone Industrial Park, Bavla-Bagodara Highway, Bhayla, Ahmedabad - 382220",Not available,Not available,Not available,Not available,Not available,Not available,Not available,Not available,Not available,Not available,Not available,Not available,Not available,Not available
7 Days 100% Result Beard oil for men smooth shine stronger beard hair 30ml,https://m.media-amazon.com/images/I/81qGwN7i2vL._AC_UL320_.jpg,https://amazon.in/sspa/click?ie=UTF8&spc=MTozODQ4OTk5NTI5NzM0MjEwOjE2ODAwMzEyNTU6c3BfYnRmOjIwMTIzMjA5MzE4Nzk4OjowOjo&url=%2FDays-100-Result-Beard-Hair%2Fdp%2FB08FDY7BS3%2Fref%3Dsr_1_57_sspa%3Fcrid%3D1GEOQD3CN5U5L%26keywords%3Dbeardo%26qid%3D1680031255%26sprefix%3Dbeardo%252Caps%252C228%26sr%3D8-57-spons%26sp_csd%3Dd2lkZ2V0TmFtZT1zcF9idGY%26psc%3D1,208,399,3.9,209,56%,13%,9%,6%,15%,https://amazon.in/Days-100-Result-Beard-Hair/product-reviews/B08FDY7BS3/ref=cm_cr_dp_d_show_all_btm?ie=UTF8&reviewerType=all_reviews,Not available,Anti-Age,All,Apple,1 Centilitres,Oil,7 DAYS,1,30 millilitre,30 Millilitres,Not available,Not available,07-Aug-20,B08FDY7BS3,India,80 g,Not available,Not available,Not available,Not available,7 Days,BRD-OIL,Beard oil,Mineral Oil Free,8 x 3 x 3 cm; 80 Grams,Shri Ram services,Shri Ram services,8 x 3 x 3 Centimeters,Not available,Not available,Not available,Not available,Not available,Not available,Not available,Not available,Not available,Not available,Not available,Not available
The Man Company Beard Care with Almond & Thyme | Beard Growth Oil & Beard Wash for Faster Growing Beard | 100% Natural Oil | Deep Nourishment | Softens Beard,https://m.media-amazon.com/images/I/61BwOpLulTL._AC_UL320_.jpg,https://amazon.in/sspa/click?ie=UTF8&spc=MTozODQ4OTk5NTI5NzM0MjEwOjE2ODAwMzEyNTU6c3BfYnRmOjIwMTM0MDU0MjQ5NDk4OjowOjo&url=%2FMan-Company-Beard-Moustache-Growth%2Fdp%2FB01J39ZZZI%2Fref%3Dsr_1_58_sspa%3Fcrid%3D1GEOQD3CN5U5L%26keywords%3Dbeardo%26qid%3D1680031255%26sprefix%3Dbeardo%252Caps%252C228%26sr%3D8-58-spons%26sp_csd%3Dd2lkZ2V0TmFtZT1zcF9idGY%26psc%3D1,546,700,4,403,46%,24%,18%,5%,7%,https://amazon.in/Man-Company-Beard-Moustache-Growth/product-reviews/B01J39ZZZI/ref=cm_cr_dp_d_show_all_btm?ie=UTF8&reviewerType=all_reviews,Not available,Hair Growth,All,Lime,100 Millilitres,Liquid,The Man Company,1,1 count,130 Millilitres,No,Not available,01-Jan-17,B01J39ZZZI,India,200 g,Not available,Not available,Not available,TMC-WEB-23,Goodness of Nature,Not available,Almond Thyme Beard Growth Oil & Beard Wash,Paraben Free,10 x 5 x 7 cm; 200 Grams,Not available,Not available,10 x 5 x 7 Centimeters,Not available,Not available,Not available,Not available,Not available,Not available,Not available,Not available,Not available,Not available,Not available,Not available
"Blue Nectar Beard Oil for Men, Natural Moustache and Beard Growth Oil and Beard Softener for softer, dandruff free and itch free beard in Sandalwood & Orange Peel Aroma",https://m.media-amazon.com/images/I/5145w7i0gQL._AC_UL320_.jpg,https://amazon.in/sspa/click?ie=UTF8&spc=MTozODQ4OTk5NTI5NzM0MjEwOjE2ODAwMzEyNTU6c3BfYnRmOjIwMTE2NzY3NjY4ODk4OjowOjo&url=%2FBlue-Nectar-Ayurvedic-Moustache-Growth%2Fdp%2FB071P83YR4%2Fref%3Dsr_1_59_sspa%3Fcrid%3D1GEOQD3CN5U5L%26keywords%3Dbeardo%26qid%3D1680031255%26sprefix%3Dbeardo%252Caps%252C228%26sr%3D8-59-spons%26sp_csd%3Dd2lkZ2V0TmFtZT1zcF9idGY%26psc%3D1,361,425,3.8,477,44%,22%,16%,9%,10%,https://amazon.in/Blue-Nectar-Ayurvedic-Moustache-Growth/product-reviews/B071P83YR4/ref=cm_cr_dp_d_show_all_btm?ie=UTF8&reviewerType=all_reviews,Not available,Beard Growth,All,Orange,1 Fluid Ounces,Oil,Blue Nectar,1,30.0 millilitre,30 Millilitres,No,Not available,23-May-17,B071P83YR4,India,60 g,Not available,Not available,Not available,Not available,"Sanjivan Anusandhan Pvt Ltd, Sanjivan Anusandhan Pvt Ltd, 1880,Rai,Sonepat,Haryana-131028",HCSBRO30,Beard Oil,Paraben & Sulphate Free,4.2 x 5.8 x 12.4 cm; 60 Grams,"Kapsa Wellness Pvt Ltd, Chimes Tower, DLF-4,Gurgaon-122002 ,Haryana",Not available,42 x 58 x 124 Millimeters,Not available,Not available,Not available,Not available,Not available,Not available,Not available,Not available,Not available,Not available,Not available,Not available
Spruce Shave Club Beard Oil For Beard Growth (30ml) - Cedarwood & Mandarin - 9 Natural Oils For Beard Growth,https://m.media-amazon.com/images/I/61v00olKmqL._AC_UL320_.jpg,https://amazon.in/sspa/click?ie=UTF8&spc=MTozODQ4OTk5NTI5NzM0MjEwOjE2ODAwMzEyNTU6c3BfYnRmOjIwMTI0NzkzMzU1Nzk4OjowOjo&url=%2FSpruce-Shave-Club-Beard-Growth%2Fdp%2FB07DS4X5JQ%2Fref%3Dsr_1_60_sspa%3Fcrid%3D1GEOQD3CN5U5L%26keywords%3Dbeardo%26qid%3D1680031255%26sprefix%3Dbeardo%252Caps%252C228%26sr%3D8-60-spons%26sp_csd%3Dd2lkZ2V0TmFtZT1zcF9idGY%26psc%3D1,235,349,3.7,"1,751",43%,21%,14%,8%,14%,https://amazon.in/Spruce-Shave-Club-Beard-Growth/product-reviews/B07DS4X5JQ/ref=cm_cr_dp_d_show_all_btm?ie=UTF8&reviewerType=all_reviews,Cedarwood &amp; Mandarin,"Hair Growth,Shine",Thick,Cedarwood & Mandarin,30 Millilitres,Oil,Spruce Shave Club,1,30 millilitre,30 Millilitres,No,9.65 x 3.56 x 3.56 cm; 80 Grams,15-Jul-18,B07DS4X5JQ,India,80 g,Not available,Not available,Not available,Not available,Spruce Shave Club,SSC-BO-001,Not available,Alcohol Free,Not available,Not available,Not available,Not available,Not available,Not available,Not available,Not available,Not available,Not available,Not available,Not available,Not available,Not available,Not available,Not available
