ProductName,image,link,price,maxretailprice,stars,GlobalRatings,Best Sellers Rank,5 star ratings,4 star ratings,3 star ratings,2 star ratings,1 star ratings,reviewsLink,packageSize,Brand,Item Form,Scent,Special Feature,Material Feature,Number of Items,Net Quantity,Item Volume,Use for,Product Dimensions,Date First Available,Manufacturer,ASIN,Item model number,Country of Origin,Packer,Item Weight,Item Dimensions LxWxH,Included Components,Generic Name,Material Type Free,Is Discontinued By Manufacturer,Importer,Package Dimensions,Item part number
"Yardley London Refreshing Deo Body Spray Tripack (English Lavender + English Rose + Morning Dew) for Women, 150ml Each (Pack of 3)",https://m.media-amazon.com/images/I/61zH3DMLWAL._AC_UL320_.jpg,https://amazon.in/Yardley-London-Deo-Tripack-Lavender/dp/B07PBTRBRZ/ref=sr_1_1?keywords=Deodorants&qid=1681588156&sprefix=suncream%2Caps%2C303&sr=8-1,391,675,4.2,"5,740",  #649 in Beauty     #25 in Deodorant       #25 in Deodorant,55%,24%,11%,4%,6%,https://amazon.in/Yardley-London-Deo-Tripack-Lavender/product-reviews/B07PBTRBRZ/ref=cm_cr_dp_d_show_all_btm?ie=UTF8&reviewerType=all_reviews,Not available,Yardley,Spray,English Lavender/English Rose/Morning Dew,All Day Protection,Natural,3,3 count,450 Millilitres,Whole Body,14.5 x 5.5 x 21 cm; 420 Grams,4 March 2019,"Wipro Enterprises (P) Ltd, Wipro Enterprises Pvt Ltd, ‘C’ Block, CCLG Division, Doddakannelli, Sarjapur Road, Bangalore – 560 035",B07PBTRBRZ,8903105030762,India,"Wipro Enterprises Pvt Ltd, ‘C’ Block, CCLG Division, Doddakannelli, Sarjapur Road, Bangalore – 560 035",420 g,14.5 x 5.5 x 21 Centimeters,Deodrant,Deo Tripack,Not available,Not available,Not available,Not available,Not available
Park Avenue Original Deodorant Set For Men 150ml Each (Combo Of 3),https://m.media-amazon.com/images/I/817tF0q5+ML._AC_UL320_.jpg,https://amazon.in/Park-Avenue-Classic-150ml-Morning/dp/B075MGGBL1/ref=sr_1_2?keywords=Deodorants&qid=1681588156&sprefix=suncream%2Caps%2C303&sr=8-2,298.,399,4.1,"12,101",  #228 in Beauty     #8 in Deodorant       #8 in Deodorant,52%,24%,13%,4%,7%,https://amazon.in/Park-Avenue-Classic-150ml-Morning/product-reviews/B075MGGBL1/ref=cm_cr_dp_d_show_all_btm?ie=UTF8&reviewerType=all_reviews,Not available,Park Avenue,Spray,Cool Rush,Not available,Long Lasting Fragrance,1,450.0 millilitre,450 Millilitres,Not available,162 x 53 x 150 cm; 449 Grams,14 September 2017,"Suhan Aerosol, Suhan Aerosol, J / 1 – 8, Radheyshyam Industrial Complex, Village Asangaon (W), Tal. Shahapur, Thane-421 601, Maharashtra; Email: suhan.aerosol@gmail.com",B075MGGBL1,PABDR100007,India,"Suhan Aerosol, J / 1 – 8, Radheyshyam Industrial Complex, Village Asangaon (W), Tal. Shahapur, Thane-421 601, Maharashtra; Email: suhan.aerosol@gmail.com",449 g,162 x 53 x 150 Centimeters,B2G1 (CB + S + GM),Deodorant,Alcohol Free,No,Not available,Not available,Not available
"He Advanced Grooming Respect Perfumed Body Spray, 150ml",https://m.media-amazon.com/images/I/41nbSIMAd1L._AC_UL320_.jpg,https://amazon.in/Advanced-Grooming-Respect-Perfumed-Spray/dp/B00YXYXFUQ/ref=sr_1_3?keywords=Deodorants&qid=1681588156&sprefix=suncream%2Caps%2C303&sr=8-3,99,199,3.9,"6,971",  #136 in Beauty     #5 in Deodorant       #5 in Deodorant,44%,23%,17%,7%,9%,https://amazon.in/Advanced-Grooming-Respect-Perfumed-Spray/product-reviews/B00YXYXFUQ/ref=cm_cr_dp_d_show_all_btm?ie=UTF8&reviewerType=all_reviews,Not available,HE,Spray,Fresh,"Long Lasting, No Gas",Not available,Not available,150.0 millilitre,150 Millilitres,Not available,17 x 4.3 x 4.3 cm; 150 Grams,5 June 2015,"Emami Limited, Rubicon Formulations Pvt. Ltd. - M-162 & 163, M. I. D. C., Waluj,  Aurangabad – 431 136, Maharashtra M.L No: M-AD/C/009; CONTACT DETAILS - 02229201459, 02229254657, simon@rubiconindia.com",B00YXYXFUQ,8901248268165,India,"Rubicon Formulations Pvt. Ltd. - M-162 & 163, M. I. D. C., Waluj,  Aurangabad – 431 136, Maharashtra M.L No: M-AD/C/009; CONTACT DETAILS - 02229201459, 02229254657, simon@rubiconindia.com",150 g,17 x 4.3 x 4.3 Centimeters,1U deo,deo,Not available,No,Not available,Not available,Not available
"SET WET Deodorant Spray Perfume Cool, Charm & Swag Avatar for men, 150ml (Pack of 3)",https://m.media-amazon.com/images/I/71Evo57slzL._AC_UL320_.jpg,https://amazon.in/Set-Wet-Deodorant-Perfume-Avatar/dp/B079Q17WXZ/ref=sr_1_4?keywords=Deodorants&qid=1681588156&sprefix=suncream%2Caps%2C303&sr=8-4,274,660,4.0,"30,814",  #129 in Beauty     #4 in Deodorant       #4 in Deodorant,50%,23%,14%,5%,7%,https://amazon.in/Set-Wet-Deodorant-Perfume-Avatar/product-reviews/B079Q17WXZ/ref=cm_cr_dp_d_show_all_btm?ie=UTF8&reviewerType=all_reviews,Not available,Set Wet,Spray,Fresh,Not available,Not available,3,450 count,450 Millilitres,Not available,15.1 x 5.1 x 19.2 cm; 297 Grams,31 December 2017,"Marico Ltd C/O - Accra Pac (India) Pvt.Ltd,M/s Rubicon Formulations Pvt Ltd, MANUFACTURED IN INDIA BY: See first letter of Batch No. (A) Accra Pac (India) Pvt.Ltd., Plot No.: 1105, Phase-III,G. I. D. C, Vapi 396195, Gujarat. M GC / 514, St. Ex. Lic. No.: 18. (E) M/s Rubicon Formulations Pvt Ltd. Plot No.: M-162 & 163, MIDC, Waluj, Aurangabad - 431136, Maharashtra. M AD/C/009, , St. Ex. Lic. No.: 9.; Phone: 022 6648 0480",B079Q17WXZ,712597,India,"MANUFACTURED IN INDIA BY: See first letter of Batch No. (A) Accra Pac (India) Pvt.Ltd., Plot No.: 1105, Phase-III,G. I. D. C, Vapi 396195, Gujarat. M GC / 514, St. Ex. Lic. No.: 18. (E) M/s Rubicon Formulations Pvt Ltd. Plot No.: M-162 & 163, MIDC, Waluj, Aurangabad - 431136, Maharashtra. M AD/C/009, , St. Ex. Lic. No.: 9.; Phone: 022 6648 0480",297 g,15.1 x 5.1 x 19.2 Centimeters,2,Not available,Not available,No,Not available,Not available,Not available
"Fogg Marco Perfume Body Spray, Long Lasting No Gas Deodorant for Men, 150ml (Pack of 3)",https://m.media-amazon.com/images/I/71pWR3+c4nL._AC_UL320_.jpg,https://amazon.in/Marco-Perfume-Lasting-Everyday-Deodorant/dp/B0B2L9L6XP/ref=sr_1_5?keywords=Deodorants&qid=1681588156&sprefix=suncream%2Caps%2C303&sr=8-5,433.,825,4.0,"21,151",  #149 in Beauty     #6 in Deodorant       #6 in Deodorant,50%,25%,13%,5%,8%,https://amazon.in/Marco-Perfume-Lasting-Everyday-Deodorant/product-reviews/B0B2L9L6XP/ref=cm_cr_dp_d_show_all_btm?ie=UTF8&reviewerType=all_reviews,Not available,FOGG,Aerosol,Fresh,Not available,Not available,3,375.0 gram,150 Millilitres,Whole Body,14 x 6 x 14 cm; 99 Grams,28 May 2022,"Helios packing pvt ltd, Helios Packaging pvt ltd A-140,E.P.I.P Industrial Area,Neemrana,District-Alwar,Rajasthan=301705",B0B2L9L6XP,Impressio,India,"Helios Packaging pvt ltd A-140,E.P.I.P Industrial Area,Neemrana,District-Alwar,Rajasthan=301705",99 g,14 x 6 x 14 Centimeters,Not available,SCENT,No Gas,Not available,Not available,Not available,Not available
"SET WET Deodorant Spray Perfume Cool, Charm & Mischief Avatar for men, 150ml (Pack of 3)",https://m.media-amazon.com/images/I/71pCyCh8ubL._AC_UL320_.jpg,https://amazon.in/Set-Wet-Deodorant-Perfume-Mischief/dp/B079QBB5YT/ref=sr_1_6?keywords=Deodorants&qid=1681588156&sprefix=suncream%2Caps%2C303&sr=8-6,264,660,4.0,"11,374",  #273 in Beauty     #12 in Deodorant       #12 in Deodorant,51%,23%,14%,5%,7%,https://amazon.in/Set-Wet-Deodorant-Perfume-Mischief/product-reviews/B079QBB5YT/ref=cm_cr_dp_d_show_all_btm?ie=UTF8&reviewerType=all_reviews,Not available,Set Wet,Spray,"Lavender, Mint",Not available,Not available,3,450.0 millilitre,450 Millilitres,Not available,15.1 x 5.1 x 19.2 cm; 297 Grams,31 December 2017,"Marico Ltd C/O - Accra Pac (India) Pvt.Ltd,M/s Rubicon Formulations Pvt Ltd, MANUFACTURED IN INDIA BY: See first letter of Batch No. (A) Accra Pac (India) Pvt.Ltd., Plot No.: 1105, Phase-III,G. I. D. C, Vapi 396195, Gujarat. M GC / 514, St. Ex. Lic. No.: 18. (E) M/s Rubicon Formulations Pvt Ltd. Plot No.: M-162 & 163, MIDC, Waluj, Aurangabad - 431136, Maharashtra. M AD/C/009, , St. Ex. Lic. No.: 9.; Phone: 022 6648 0480",B079QBB5YT,712519,India,"MANUFACTURED IN INDIA BY: See first letter of Batch No. (A) Accra Pac (India) Pvt.Ltd., Plot No.: 1105, Phase-III,G. I. D. C, Vapi 396195, Gujarat. M GC / 514, St. Ex. Lic. No.: 18. (E) M/s Rubicon Formulations Pvt Ltd. Plot No.: M-162 & 163, MIDC, Waluj, Aurangabad - 431136, Maharashtra. M AD/C/009, , St. Ex. Lic. No.: 9.; Phone: 022 6648 0480",297 g,15.1 x 5.1 x 19.2 Centimeters,2,Not available,Not available,Not available,Not available,Not available,Not available
"Brut Deodorant Spray for Men | Original | Fresh & Authentic Fragrance | Long Lasting Deo, 2x200 ml",https://m.media-amazon.com/images/I/51KJ-aprEpL._AC_UL320_.jpg,https://amazon.in/BRUT-Original-Deodorant-200ml-Pack/dp/B08CDP1NDM/ref=sr_1_7?keywords=Deodorants&qid=1681588156&sprefix=suncream%2Caps%2C303&sr=8-7,325,650,3.9,"5,457",Not available,48%,22%,13%,6%,11%,https://amazon.in/BRUT-Original-Deodorant-200ml-Pack/product-reviews/B08CDP1NDM?reviewerType=all_reviews,Not available,Brut,Spray,"Fresh, Lavender",Not available,Not available,2,400.0 millilitre,400 Millilitres,Not available,Not available,Not available,Not available,Not available,Not available,Not available,Not available,Not available,Not available,Not available,Not available,Not available,Not available,Not available,Not available,Not available
"Yardley London Morning Dew Refreshing Deodorant Body Spray For Women, 150ml",https://m.media-amazon.com/images/I/51SCB0x0LzL._AC_UL320_.jpg,https://amazon.in/Yardley-London-Morning-Refreshing-Women/dp/B00G4UBJLO/ref=sr_1_8?keywords=Deodorants&qid=1681588156&sprefix=suncream%2Caps%2C303&sr=8-8,164,225,4.1,"14,211",  #389 in Beauty     #14 in Deodorant       #14 in Deodorant,53%,25%,12%,4%,6%,https://amazon.in/Yardley-London-Morning-Refreshing-Women/product-reviews/B00G4UBJLO/ref=cm_cr_dp_d_show_all_btm?ie=UTF8&reviewerType=all_reviews,Not available,Yardley,Spray,Morning Dew,Not available,Not available,1,150.0 millilitre,150 Millilitres,Not available,4.5 x 4.5 x 19.2 cm; 150 Grams,1 January 2017,"Wipro Enterprises (P) Ltd, Wipro Enterprises Pvt Ltd, ‘C’ Block, CCLG Division, Doddakannelli, Sarjapur Road, Bangalore – 560 035",B00G4UBJLO,8903105000376,India,"Wipro Enterprises Pvt Ltd, ‘C’ Block, CCLG Division, Doddakannelli, Sarjapur Road, Bangalore – 560 035",150 g,45 x 45 x 192 Millimeters,Deodrant,Deo Body Spray,Not available,No,Not available,Not available,Not available
"Nivea Fresh Active Original Deodorant for Men, 150ml",https://m.media-amazon.com/images/I/41LhTwHvEvL._AC_UL320_.jpg,https://amazon.in/Nivea-Fresh-Active-Original-Deodorant/dp/B00HT03SJY/ref=sr_1_9?keywords=Deodorants&qid=1681588156&sprefix=suncream%2Caps%2C303&sr=8-9,142,199,4.0,"28,015",  #174 in Beauty     #7 in Deodorant       #7 in Deodorant,48%,27%,14%,5%,7%,https://amazon.in/Nivea-Fresh-Active-Original-Deodorant/product-reviews/B00HT03SJY/ref=cm_cr_dp_d_show_all_btm?ie=UTF8&reviewerType=all_reviews,Not available,Nivea,Spray,Fresh,Not available,Not available,1,1 count,150 Millilitres,Not available,4.5 x 4.5 x 16.8 cm; 150 Grams,1 January 2017,"Nivea, SAI CORPORATION, Khasra No.353/196/186/1-2, Village Johron, Trillokpur Road, Kala Amb, Dist. Sirmour-173030 (H.P); Phone: 022 6248 7999",B00HT03SJY,4005900017512,India,"Nivea India Pvt. Ltd., 4th Floor, A Wing, Art Guild House, Phoenix Market City, Kurla West, Mumbai, Maharashtra 400070; Phone: 022 6248 7999",150 g,45 x 45 x 168 Millimeters,Dedoarnt Male,Deodorant,Not available,No,"Nivea India Pvt. Ltd., 4th Floor, A Wing, Art Guild House, Phoenix Market City, Kurla West, Mumbai, Maharashtra 400070; Phone: 022 6248 7999",Not available,Not available
"Yardley London Gentleman Classic Deodorant Body Spray For Men, 150ml",https://m.media-amazon.com/images/I/616wa-S8P1L._AC_UL320_.jpg,https://amazon.in/Yardley-London-Gentleman-Classic-150ml/dp/B001FORK1C/ref=sr_1_10?keywords=Deodorants&qid=1681588156&sprefix=suncream%2Caps%2C303&sr=8-10,150,225,4.0,"7,552",  #483 in Beauty     #19 in Deodorant       #19 in Deodorant,46%,26%,14%,6%,8%,https://amazon.in/Yardley-London-Gentleman-Classic-150ml/product-reviews/B001FORK1C/ref=cm_cr_dp_d_show_all_btm?ie=UTF8&reviewerType=all_reviews,Not available,Yardley,Spray,Classic,Not available,Not available,1,150.0 millilitre,150 Millilitres,Not available,15.24 x 12.7 x 10.16 cm; 150.25 Grams,1 January 2017,"Yardley, Wipro Enterprises Pvt Ltd, ‘C’ Block, CCLG Division, Doddakannelli, Sarjapur Road, Bangalore – 560 035",B001FORK1C,15685-78-G-1,India,"Wipro Enterprises Pvt Ltd, ‘C’ Block, CCLG Division, Doddakannelli, Sarjapur Road, Bangalore – 560 035",150 g,15.2 x 12.7 x 10.2 Centimeters,Deodrant,Not available,Not available,No,Not available,Not available,Not available
"Nivea Men Deodorant 42K With Silver Ions Technology For Max Freshness, 150ml",https://m.media-amazon.com/images/I/71ZuOVOSKQL._AC_UL320_.jpg,https://amazon.in/Deodorant-Technology-Freshness-Odour-causing-Bacteria/dp/B08CC14DBY/ref=sr_1_11?keywords=Deodorants&qid=1681588156&sprefix=suncream%2Caps%2C303&sr=8-11,150,250,3.7,331,"  #3,056 in Beauty     #137 in Deodorant       #137 in Deodorant",43%,21%,14%,10%,12%,https://amazon.in/Deodorant-Technology-Freshness-Odour-causing-Bacteria/product-reviews/B08CC14DBY/ref=cm_cr_dp_d_show_all_btm?ie=UTF8&reviewerType=all_reviews,Not available,Nivea,Spray,Fresh,Not available,Not available,1,150.0 millilitre,150 Millilitres,Not available,4.5 x 4.5 x 16.7 cm; 130 Grams,15 July 2020,"NIVEA, 4th Floor, A Wing, Art Guild House, Phoenix Market City, Kurla West, Mumbai, Maharashtra 400070",B08CC14DBY,85394-09815-30,Germany,"Nivea India Pvt. Ltd., 4th Floor, A Wing, Art Guild House, Phoenix Market City, Kurla West, Mumbai, Maharashtra 400070; Phone: 022 6248 7999",130 g,45 x 45 x 167 Millimeters,Not available,Men 42k Deodorant,Alcohol Free,No,"Nivea India Pvt. Ltd., 4th Floor, A Wing, Art Guild House, Phoenix Market City, Kurla West, Mumbai, Maharashtra 400070; Phone: 022 6248 7999",Not available,Not available
"Axe Recharge Midnight Deodorant For Men, 150ml (Pack Of 2)",https://m.media-amazon.com/images/I/51tFYrIDGhL._AC_UL320_.jpg,https://amazon.in/Recharge-Midnight-24x7-Deodarant-150ml/dp/B08R717FT7/ref=sr_1_12?keywords=Deodorants&qid=1681588156&sprefix=suncream%2Caps%2C303&sr=8-12,208,245,3.8,"2,502",  #956 in Beauty     #38 in Deodorant       #38 in Deodorant,44%,22%,15%,7%,12%,https://amazon.in/Recharge-Midnight-24x7-Deodarant-150ml/product-reviews/B08R717FT7/ref=cm_cr_dp_d_show_all_btm?ie=UTF8&reviewerType=all_reviews,Not available,AXE,Spray,Fresh,Not available,Not available,1,300.0 millilitre,150 Millilitres,Not available,11 x 5.4 x 14.3 cm; 300 Grams,22 December 2020,"HUL, Unilever Industries Pvt. Ltd. C-9, (Part) MIDC Khamgaon, Pin- 444303, Buldhana, Maharashtra TOLL FREE: 1800-10-22-221 PO BOX 14760, MUMBAI 400 099 LEVER.CARE@UNILEVER.COM",B08R717FT7,29010,India,"Unilever Industries Pvt. Ltd. C-9, (Part) MIDC Khamgaon, Pin- 444303, Buldhana, Maharashtra TOLL FREE: 1800-10-22-221 PO BOX 14760, MUMBAI 400 099 LEVER.CARE@UNILEVER.COM",300 g,11 x 5.4 x 14.3 Centimeters,Not available,Deodorant,Not available,Not available,"Unilever Industries Pvt. Ltd. C-9, (Part) MIDC Khamgaon, Pin- 444303, Buldhana, Maharashtra TOLL FREE: 1800-10-22-221 PO BOX 14760, MUMBAI 400 099 LEVER.CARE@UNILEVER.COM",Not available,Not available
"Nivea Protect & Care Deodorant For Men, 150ml",https://m.media-amazon.com/images/I/41PeMLjv4eL._AC_UL320_.jpg,https://amazon.in/Nivea-Protect-Care-Deodorant-150ml/dp/B01N9ZX851/ref=sr_1_13?keywords=Deodorants&qid=1681588156&sprefix=suncream%2Caps%2C303&sr=8-13,135,199,4.0,"2,409","  #1,279 in Beauty     #46 in Deodorant       #46 in Deodorant",49%,25%,13%,4%,9%,https://amazon.in/Nivea-Protect-Care-Deodorant-150ml/product-reviews/B01N9ZX851/ref=cm_cr_dp_d_show_all_btm?ie=UTF8&reviewerType=all_reviews,Not available,Nivea,Spray,Fresh Woody,Not available,Not available,1,1 count,150 Millilitres,Not available,Not available,6 February 2017,"Nivea India Pvt Ltd, SAI CORPORATION, Khasra No.353/196/186/1-2, Village Johron, Trillokpur Road, Kala Amb, Dist. Sirmour-173030 (H.P); Phone: 022 6248 7999",B01N9ZX851,8904256000284,India,"Nivea India Pvt. Ltd., 4th Floor, A Wing, Art Guild House, Phoenix Market City, Kurla West, Mumbai, Maharashtra 400070; Phone: 022 6248 7999",Not available,45 x 45 x 168 Millimeters,Dedoarnt Male,Deodorant,Alcohol Free,No,"Nivea India Pvt. Ltd., 4th Floor, A Wing, Art Guild House, Phoenix Market City, Kurla West, Mumbai, Maharashtra 400070; Phone: 022 6248 7999",Not available,Not available
"Nivea Deep Impact Freshness Deodorant For Men, 150ml",https://m.media-amazon.com/images/I/71brTv795WL._AC_UL320_.jpg,https://amazon.in/Nivea-Impact-Freshness-Deodorant-Spray/dp/B07D1CRT6R/ref=sr_1_14?keywords=Deodorants&qid=1681588156&sprefix=suncream%2Caps%2C303&sr=8-14,199,210,3.7,"5,988","  #1,038 in Beauty     #42 in Deodorant       #42 in Deodorant",43%,21%,13%,6%,17%,https://amazon.in/Nivea-Impact-Freshness-Deodorant-Spray/product-reviews/B07D1CRT6R/ref=cm_cr_dp_d_show_all_btm?ie=UTF8&reviewerType=all_reviews,Not available,Nivea,Spray,Woody,Not available,Not available,1,1 count,150 Millilitres,Not available,4.5 x 4.5 x 16.7 cm; 150 Grams,11 May 2018,"Cyberpax Co., Ltd., Cyberpax Co. Ltd., 123 Moo 9 Soi 11, Wellgrow Industrial Estate, Bangna-Trad Road KM. 36, Bangpackong District, Chachoengsao 24180, Thailand; Phone: 022 6248 7999",B07D1CRT6R,80027-09817-28,Thailand,"Nivea India Pvt. Ltd., 4th Floor, A Wing, Art Guild House, Phoenix Market City, Kurla West, Mumbai, Maharashtra 400070; Phone: 022 6248 7999",150 g,45 x 45 x 167 Millimeters,Dedoarnt Male,Deodorant,Alcohol Free,No,"Nivea India Pvt. Ltd., 4th Floor, A Wing, Art Guild House, Phoenix Market City, Kurla West, Mumbai, Maharashtra 400070; Phone: 022 6248 7999",Not available,Not available
"Brut Original Deodorant For Men, 200ml",https://m.media-amazon.com/images/I/31zlrHhKLkL._AC_UL320_.jpg,https://amazon.in/Brut-Original-Deodorant-Men-200ml/dp/B07HB4JHKG/ref=sr_1_15?keywords=Deodorants&qid=1681588156&sprefix=suncream%2Caps%2C303&sr=8-15,182,325,3.8,"5,148",  #511 in Beauty     #20 in Deodorant       #20 in Deodorant,44%,22%,15%,7%,13%,https://amazon.in/Brut-Original-Deodorant-Men-200ml/product-reviews/B07HB4JHKG/ref=cm_cr_dp_d_show_all_btm?ie=UTF8&reviewerType=all_reviews,Not available,Brut,Spray,"Sandalwood, Lavender, Jasmine, Vanilla, Patchouli",Not available,Not available,1,200 millilitre,200 Millilitres,Whole Body,17.9 x 4.9 x 4.8 cm; 200 Grams,13 September 2018,"Unilever Ltd, Unilever Dept. ER Wirral CH63 3JW UK",B07HB4JHKG,8886467035340,United Kingdom,""" 1.Sawan Agencies, I-2, Kirti Nagar, Plot No.63 PVT No.15, Rama Road Marg, Najafgarh Industrial Area, New Delhi-110015 2)United Distributors, 324, Mysore Road, Haltsons Compund, Opposite R.V. Bajaj Showroom, Bangalore-560039. 3)Mahaveer Marketing8th Floor, B-9, Sai Niketan, Mazgaon, Dr, Mascarenhas Road, Anjiirwadi, Mumbai-400010 4)Sufal Commercial Pvt Ltd. 4/3 Ho Chi Minh Sarani Ground floor ,Kolkata-700071.""",200 g,17.9 x 4.9 x 4.8 Centimeters,Not available,Deodorant,Not available,Not available,""" 1.Sawan Agencies, I-2, Kirti Nagar, Plot No.63 PVT No.15, Rama Road Marg, Najafgarh Industrial Area, New Delhi-110015 2)United Distributors, 324, Mysore Road, Haltsons Compund, Opposite R.V. Bajaj Showroom, Bangalore-560039. 3)Mahaveer Marketing8th Floor, B-9, Sai Niketan, Mazgaon, Dr, Mascarenhas Road, Anjiirwadi, Mumbai-400010 4)Sufal Commercial Pvt Ltd. 4/3 Ho Chi Minh Sarani Ground floor ,Kolkata-700071.""",Not available,Not available
"Kama Sutra Spark Deodorant Spray for Men, 145g/220ml",https://m.media-amazon.com/images/I/61mFKRPU0cL._AC_UL320_.jpg,https://amazon.in/Kamasutra-Spark-Deo-Spray-260ml/dp/B07GY51BCY/ref=sr_1_16?keywords=Deodorants&qid=1681588156&sprefix=suncream%2Caps%2C303&sr=8-16,169,360,4.0,"1,153",  #637 in Beauty     #24 in Deodorant       #24 in Deodorant,51%,25%,9%,3%,11%,https://amazon.in/Kamasutra-Spark-Deo-Spray-260ml/product-reviews/B07GY51BCY/ref=cm_cr_dp_d_show_all_btm?ie=UTF8&reviewerType=all_reviews,Not available,Kama Sutra,Spray,spark,Not available,Not available,1,220.0 millilitre,220 Millilitres,Not available,5.2 x 5.3 x 20.5 cm; 145 Grams,29 August 2018,"JK Ansell Pvt Ltd, (A) Accra pac(1)pvt ltd, plot 1105,phaseiii,GIDC, vapi-396195 gujrat consumer care-912406611364",B07GY51BCY,Ks-10010,India,Not available,145 g,5.2 x 5.3 x 20.5 Centimeters,Not available,Not available,Not available,Not available,Not available,Not available,Not available
"Engage Floral Zest Deodorant for Women, Citrus and Floral, Skin Friendly, 150ml",https://m.media-amazon.com/images/I/51BM1seIcqS._AC_UL320_.jpg,https://amazon.in/Engage-Floral-Deodorant-Citrus-Friendly/dp/B08WJS8QGJ/ref=sr_1_17?keywords=Deodorants&qid=1681588156&sprefix=suncream%2Caps%2C303&sr=8-17,163,200,4.1,"1,927","  #1,759 in Beauty     #66 in Deodorant       #66 in Deodorant",50%,25%,14%,5%,7%,https://amazon.in/Engage-Floral-Deodorant-Citrus-Friendly/product-reviews/B08WJS8QGJ/ref=cm_cr_dp_d_show_all_btm?ie=UTF8&reviewerType=all_reviews,Not available,Engage,Spray,Citrus,Not available,Not available,1,1 count,150 Millilitres,Not available,5.3 x 16.7 x 16.7 cm; 140 Grams,11 February 2021,"MIDAS-CARE PHARMACEUTICALS PVT. LTD, 1)MIDAS-CARE PHARMACEUTICALS PVT. LTD., LOTUS CORPORATE PARK, 302, ""B"" WING, CTS NO. 185/A , GRAHAM FIRTH COMPOUND, WESTERN EXPRESS HIGHWAY, GOREGAON (EAST), MUMBAI -400 063 Maharashtra AT B-16, MIDC, WALUJ, AURANGABAD - 431136 Maharashtra. MFG. LIC. NO.: M-AD/C-003 ST. EX. LIC. NO.: L-1 8/95-96. 2) M/S. SAI CORPORATION., A-2/494, SECTOR -8, ROHINI, DELHI-110085 AT 353/196/186/1-2, VILLAGE JOHRON, TRILOKPUR ROAD, KALA AMB, DISTRICT SIRMOUR-173030, HIMACHAL PRADESH. M- N-COS/16/43.",B08WJS8QGJ,ENGFLZHERDEO150,India,"1)MIDAS-CARE PHARMACEUTICALS PVT. LTD., LOTUS CORPORATE PARK, 302, ""B"" WING, CTS NO. 185/A , GRAHAM FIRTH COMPOUND, WESTERN EXPRESS HIGHWAY, GOREGAON (EAST), MUMBAI -400 063 Maharashtra AT B-16, MIDC, WALUJ, AURANGABAD - 431136 Maharashtra. MFG. LIC. NO.: M-AD/C-003 ST. EX. LIC. NO.: L-1 8/95-96. 2) M/S. SAI CORPORATION., A-2/494, SECTOR -8, ROHINI, DELHI-110085 AT 353/196/186/1-2, VILLAGE JOHRON, TRILOKPUR ROAD, KALA AMB, DISTRICT SIRMOUR-173030, HIMACHAL PRADESH. M- N-COS/16/43.",140 g,5.3 x 16.7 x 16.7 Centimeters,Deodorant,"Floral Zest Deodorant For Women, Citrus and Floral, Skin Friendly",Not available,Not available,"1)MIDAS-CARE PHARMACEUTICALS PVT. LTD., LOTUS CORPORATE PARK, 302, ""B"" WING, CTS NO. 185/A , GRAHAM FIRTH COMPOUND, WESTERN EXPRESS HIGHWAY, GOREGAON (EAST), MUMBAI -400 063 Maharashtra AT B-16, MIDC, WALUJ, AURANGABAD - 431136 Maharashtra. MFG. LIC. NO.: M-AD/C-003 ST. EX. LIC. NO.: L-1 8/95-96. 2) M/S. SAI CORPORATION., A-2/494, SECTOR -8, ROHINI, DELHI-110085 AT 353/196/186/1-2, VILLAGE JOHRON, TRILOKPUR ROAD, KALA AMB, DISTRICT SIRMOUR-173030, HIMACHAL PRADESH. M- N-COS/16/43.",Not available,Not available
"Nivea Deodorant, Fresh Flower for Women, 150ml",https://m.media-amazon.com/images/I/410-qrd5wBL._AC_UL320_.jpg,https://amazon.in/Nivea-Fresh-Flower-Deodorant-Women/dp/B016MBF2P8/ref=sr_1_18?keywords=Deodorants&qid=1681588156&sprefix=suncream%2Caps%2C303&sr=8-18,133,190,4.2,"9,414",  #520 in Beauty     #21 in Deodorant       #21 in Deodorant,53%,27%,12%,3%,5%,https://amazon.in/Nivea-Fresh-Flower-Deodorant-Women/product-reviews/B016MBF2P8/ref=cm_cr_dp_d_show_all_btm?ie=UTF8&reviewerType=all_reviews,Not available,Nivea,Spray,Fresh Flower,Not Tested On Animals,Not available,1,1 N,150 Millilitres,Whole Body,4.5 x 4.5 x 18 cm; 140 Grams,14 October 2015,"Sai Corporation, SAI CORPORATION, Khasra No.353/196/186/1-2, Village Johron, Trillokpur Road, Kala Amb, Dist. Sirmour-173030 (H.P); Phone: 022 6248 7999",B016MBF2P8,4005900243249,India,"Nivea India Pvt. Ltd., 4th Floor, A Wing, Art Guild House, Phoenix Market City, Kurla West, Mumbai, Maharashtra 400070; Phone: 022 6248 7999",140 g,45 x 45 x 180 Millimeters,Deodorant Female,Deodorant,Not available,No,Not available,Not available,Not available
"Park Avenue Signature Voyage Deodorant for Men, 150ml",https://m.media-amazon.com/images/I/61y2ymmYu9L._AC_UL320_.jpg,https://amazon.in/Park-Avenue-Signature-Voyage-140ml/dp/B007E9INFO/ref=sr_1_19?keywords=Deodorants&qid=1681588156&sprefix=suncream%2Caps%2C303&sr=8-19,150,250,4.0,"4,986",  #954 in Beauty     #37 in Deodorant       #37 in Deodorant,49%,24%,15%,6%,6%,https://amazon.in/Park-Avenue-Signature-Voyage-140ml/product-reviews/B007E9INFO/ref=cm_cr_dp_d_show_all_btm?ie=UTF8&reviewerType=all_reviews,Not available,Park Avenue,Lotion,Amber,Not available,Long Lasting Fragrance,1,140.0 millilitre,150 Millilitres,Not available,53 x 53 x 150 cm; 140 Grams,26 October 2013,"Suhan Aerosol, Suhan Aerosol, J / 1 – 8, Radheyshyam Industrial Complex, Village Asangaon (W), Tal. Shahapur, Thane-421 601, Maharashtra; Email: suhan.aerosol@gmail.com",B007E9INFO,NPABDV100007,India,"Suhan Aerosol, J / 1 – 8, Radheyshyam Industrial Complex, Village Asangaon (W), Tal. Shahapur, Thane-421 601, Maharashtra; Email: suhan.aerosol@gmail.com",140 g,53 x 53 x 150 Centimeters,"Deodorant for Men, 150ml",Deodorant,Not available,No,Not available,Not available,Not available
"Park Avenue Good Morning Body Deodorant for Men, 100g/150ml",https://m.media-amazon.com/images/I/71OI9DfSTPL._AC_UL320_.jpg,https://amazon.in/Park-Avenue-Good-Morning-Deodorant/dp/B007E9I11K/ref=sr_1_20?keywords=Deodorants&qid=1681588156&sprefix=suncream%2Caps%2C303&sr=8-20,157,225,4.0,"7,799",  #682 in Beauty     #29 in Deodorant       #29 in Deodorant,49%,25%,14%,5%,7%,https://amazon.in/Park-Avenue-Good-Morning-Deodorant/product-reviews/B007E9I11K/ref=cm_cr_dp_d_show_all_btm?ie=UTF8&reviewerType=all_reviews,Not available,Park Avenue,Spray,good morning,Not available,Long Lasting Fragrance,1,150.0 millilitre,150 Millilitres,Not available,53 x 53 x 180 cm; 100 Grams,16 January 2014,"Suhan Aerosol, Suhan Aerosol, J / 1 – 8, Radheyshyam Industrial Complex, Village Asangaon (W), Tal. Shahapur, Thane-421 601, Maharashtra; Email: suhan.aerosol@gmail.com",B007E9I11K,NPABDO100004,India,"Suhan Aerosol, J / 1 – 8, Radheyshyam Industrial Complex, Village Asangaon (W), Tal. Shahapur, Thane-421 601, Maharashtra; Email: suhan.aerosol@gmail.com",100 g,53 x 53 x 180 Centimeters,DEO GOOD MORNING 100GM,Deodorant,Gourmand Accords,No,Not available,Not available,Not available
"Nivea Deodorant, Pearl & Beauty for Women, 150ml",https://m.media-amazon.com/images/I/41kCFe+ZRDL._AC_UL320_.jpg,https://amazon.in/Nivea-Pearly-Beauty-Hours-Deodorant/dp/B00JA3YCUW/ref=sr_1_21?keywords=Deodorants&qid=1681588156&sprefix=suncream%2Caps%2C303&sr=8-21,161,225,4.1,"5,542",  #917 in Beauty     #36 in Deodorant       #36 in Deodorant,54%,24%,11%,4%,7%,https://amazon.in/Nivea-Pearly-Beauty-Hours-Deodorant/product-reviews/B00JA3YCUW/ref=cm_cr_dp_d_show_all_btm?ie=UTF8&reviewerType=all_reviews,Not available,Nivea,Spray,Not available,Not available,Not available,1,1 count,150 Millilitres,Not available,4.5 x 4.5 x 17.4 cm; 131.54 Grams,11 April 2014,"Nivea, RPM Group India, Block Number - 109 to 112 | Jay Ambe Complex | Near Pritesh Complex | Val Village | Bhiwandi - 421 302 (Dist-Thane). Tel No:- +91- 8983-023410 | 8983-023411 | 8983-023412 | 8983-023413 (Board Lines)",B00JA3YCUW,4005900060679 - For Pantry,India,"Nivea India Pvt. Ltd., 4th Floor, A Wing, Art Guild House, Phoenix Market City, Kurla West, Mumbai, Maharashtra 400070; Phone: 022 6248 7999",132 g,45 x 45 x 174 Millimeters,Deodorant Female,Deodorant,Alcohol Free,No,"Nivea India Pvt. Ltd., 4th Floor, A Wing, Art Guild House, Phoenix Market City, Kurla West, Mumbai, Maharashtra 400070; Phone: 022 6248 7999",Not available,Not available
"Nivea For Women Fresh Natural Deodorant, 150ml",https://m.media-amazon.com/images/I/41tyyMqxAIL._AC_UL320_.jpg,https://amazon.in/Nivea-Fresh-Natural-Deodorant-Women/dp/B00DRE0SPI/ref=sr_1_22?keywords=Deodorants&qid=1681588156&sprefix=suncream%2Caps%2C303&sr=8-22,160,225,4.2,"5,244",  #834 in Beauty     #34 in Deodorant       #34 in Deodorant,54%,25%,13%,3%,5%,https://amazon.in/Nivea-Fresh-Natural-Deodorant-Women/product-reviews/B00DRE0SPI/ref=cm_cr_dp_d_show_all_btm?ie=UTF8&reviewerType=all_reviews,Not available,Nivea,Spray,Fresh Natural,Not available,Not available,1,1 count,150 Millilitres,Not available,4.5 x 4.5 x 18 cm; 0.14 Grams,1 January 2017,"Sai Corporation, SAI CORPORATION, Khasra No.353/196/186/1-2, Village Johron, Trillokpur Road, Kala Amb, Dist. Sirmour-173030 (H.P); Phone: 022 6248 7999",B00DRE0SPI,4005900017543,India,"Nivea India Pvt. Ltd., 4th Floor, A Wing, Art Guild House, Phoenix Market City, Kurla West, Mumbai, Maharashtra 400070; Phone: 022 6248 7999",0.14 g,45 x 45 x 180 Millimeters,Deodorant Female,Deodorant,Aluminum Free,No,"Nivea India Pvt. Ltd., 4th Floor, A Wing, Art Guild House, Phoenix Market City, Kurla West, Mumbai, Maharashtra 400070; Phone: 022 6248 7999",Not available,Not available
"Just Herbs Long Lasting, Refreshing Body Spray, Natural Deodorant for Women - Phthalate-Free Formula,150 ml (Floral Fiesta)",https://m.media-amazon.com/images/I/417depUCGoL._AC_UL320_.jpg,https://amazon.in/Just-Herbs-Lasting-Refreshing-Deodorant/dp/B0BJPNXP2D/ref=sr_1_23?keywords=Deodorants&qid=1681588156&sprefix=suncream%2Caps%2C303&sr=8-23,198.,325,4.3,264,Not available,67%,14%,7%,2%,10%,https://amazon.in/Just-Herbs-Lasting-Refreshing-Deodorant/product-reviews/B0BJPNXP2D/ref=cm_cr_dp_d_show_all_btm?ie=UTF8&reviewerType=all_reviews,Not available,Not available,Not available,Not available,Not available,Not available,Not available,Not available,Not available,Not available,Not available,Not available,Not available,Not available,Not available,Not available,Not available,Not available,Not available,Not available,Not available,Not available,Not available,Not available,Not available,Not available
"NIVEA Deodorant Roll On, Pearl & Beauty For Women 50ml",https://m.media-amazon.com/images/I/41yTql4T5bL._AC_UL320_.jpg,https://amazon.in/Nivea-Pearl-Beauty-Roll-50ml/dp/B006LXDVTM/ref=sr_1_24?keywords=Deodorants&qid=1681588156&sprefix=suncream%2Caps%2C303&sr=8-24,159,199,4.4,"16,478",  #257 in Beauty     #11 in Deodorant       #11 in Deodorant,62%,24%,8%,2%,3%,https://amazon.in/Nivea-Pearl-Beauty-Roll-50ml/product-reviews/B006LXDVTM/ref=cm_cr_dp_d_show_all_btm?ie=UTF8&reviewerType=all_reviews,Not available,Nivea,"Balm, Gel",Pearl Extract,Not available,Not available,1,50.0 millilitre,50 Millilitres,Not available,3.8 x 3.9 x 10.9 cm; 150 Grams,2 September 2013,"Nivea, NIVEA India Pvt. Ltd., 4th Floor, AGH, Phoenix Market City, Kurla (W), Mumbai-400070.",B006LXDVTM,837350981531,India,"NIVEA India Pvt. Ltd., 4th Floor, AGH, Phoenix Market City, Kurla (W), Mumbai-400070.",150 g,38 x 39 x 109 Millimeters,Not available,Deodorant,Alcohol Free; Colourant Free,No,"NIVEA India Pvt. Ltd., 4th Floor, AGH, Phoenix Market City, Kurla (W), Mumbai-400070.",Not available,Not available
"Revlon Charlie Deodorant For Women, 150ml each (Combo of 3)",https://m.media-amazon.com/images/I/710tgu5ebKL._AC_UL320_.jpg,https://amazon.in/Revlon-Charlie-Deos-Combo-Blue/dp/B00W1OP4PE/ref=sr_1_25?keywords=Deodorants&qid=1681588156&sprefix=suncream%2Caps%2C303&sr=8-25,395.,590,3.9,"1,683","  #4,295 in Beauty     #184 in Deodorant       #184 in Deodorant",47%,22%,16%,7%,8%,https://amazon.in/Revlon-Charlie-Deos-Combo-Blue/product-reviews/B00W1OP4PE/ref=cm_cr_dp_d_show_all_btm?ie=UTF8&reviewerType=all_reviews,Not available,REVLON,Spray,Charlie,Not available,Not available,3,3 count,200 Millilitres,Not available,13 x 4.3 x 17.5 cm; 360 Grams,13 April 2015,"Modi-Mundipharma Beauty Products Pvt. Ltd., Modi-Mundipharma Beauty Products Pvt. Ltd., Modi Nagar- 201204 U.P., customercell@modibeautyproducts.com",B00W1OP4PE,8902656800978,India,"Modi-Mundipharma Beauty Products Pvt. Ltd., Modi Nagar- 201204 U.P., customercell@modibeautyproducts.com",360 g,13 x 4.3 x 17.5 Centimeters,2 Deodorant,Deodorant,Not available,No,Not available,Not available,Not available
"Nivea Deodorant Roll On, Fresh Natural for Unisex, 50ml",https://m.media-amazon.com/images/I/7148EkqETJL._AC_UL320_.jpg,https://amazon.in/Nivea-Fresh-Natural-Roll-50ml/dp/B015A2C4J2/ref=sr_1_26?keywords=Deodorants&qid=1681588156&sprefix=suncream%2Caps%2C303&sr=8-26,131,249,4.4,"3,409",  #815 in Beauty     #32 in Deodorant       #32 in Deodorant,61%,24%,9%,2%,3%,https://amazon.in/Nivea-Fresh-Natural-Roll-50ml/product-reviews/B015A2C4J2/ref=cm_cr_dp_d_show_all_btm?ie=UTF8&reviewerType=all_reviews,Not available,Nivea,Liquid,fresh natural,Travel Size,Not available,1,1 N,50 Millilitres,Not available,4 x 4 x 12 cm; 100 Grams,12 September 2015,"Nivea, Beiersdorf (Thailand) Co.Ltd, 163, Bang Plee Industrial Estate, Bangna-Trad Rd, KM 24, Bangsaothong, Samutprakarn 10540, Thailand; Phone: 022 6248 7999",B015A2C4J2,NIV124,India,"Nivea India Pvt. Ltd., 4th Floor, A Wing, Art Guild House, Phoenix Market City, Kurla West, Mumbai, Maharashtra 400070; Phone: 022 6248 7999",100 g,40 x 40 x 120 Millimeters,Deodorant Female,Anti-perspirant,Alcohol Free,No,"Nivea India Pvt. Ltd., 4th Floor, A Wing, Art Guild House, Phoenix Market City, Kurla West, Mumbai, Maharashtra 400070; Phone: 022 6248 7999",Not available,Not available
"Nivea Fresh Active Deodorant Roll On For Men, 50ml",https://m.media-amazon.com/images/I/61MHOpo28bL._AC_UL320_.jpg,https://amazon.in/Nivea-Fresh-Active-Roll-50ml/dp/B007E9E9CK/ref=sr_1_27?keywords=Deodorants&qid=1681588156&sprefix=suncream%2Caps%2C303&sr=8-27,161,175,4.3,"15,217",  #101 in Beauty     #2 in Deodorant       #2 in Deodorant,60%,25%,9%,3%,3%,https://amazon.in/Nivea-Fresh-Active-Roll-50ml/product-reviews/B007E9E9CK/ref=cm_cr_dp_d_show_all_btm?ie=UTF8&reviewerType=all_reviews,Not available,Nivea,Roll-on,Fresh,Not available,Not available,1,1 count,50 Millilitres,Whole Body,4.1 x 4.1 x 11 cm; 160 Grams,2 September 2013,"PC Thailand, Beiersdorf (Thailand) Co.Ltd, 163, Bang Plee Industrial Estate, Bangna-Trad Rd, KM 24, Bangsaothong, Samutprakarn 10540, Thailand; Phone: 022 6248 7999",B007E9E9CK,828080981531,Thailand,"Nivea India Pvt. Ltd., 4th Floor, A Wing, Art Guild House, Phoenix Market City, Kurla West, Mumbai, Maharashtra 400070; Phone: 022 6248 7999",160 g,41 x 41 x 110 Millimeters,Dedoarnt Male,Anti-perspirant,Alcohol Free,No,"Nivea India Pvt. Ltd., 4th Floor, A Wing, Art Guild House, Phoenix Market City, Kurla West, Mumbai, Maharashtra 400070; Phone: 022 6248 7999",Not available,Not available
Old Spice Pure Sport High Endurance Deodorant Stick For Men 63 G,https://m.media-amazon.com/images/I/61NKKM8jiEL._AC_UL320_.jpg,https://amazon.in/Old-Spice-Deodorant-2-25oz-Sport/dp/B0013NHTSY/ref=sr_1_28?keywords=Deodorants&qid=1681588156&sprefix=suncream%2Caps%2C303&sr=8-28,484,575,4.2,886,"  #3,835 in Beauty     #165 in Deodorant       #165 in Deodorant",59%,21%,8%,4%,8%,https://amazon.in/Old-Spice-Deodorant-2-25oz-Sport/product-reviews/B0013NHTSY/ref=cm_cr_dp_d_show_all_btm?ie=UTF8&reviewerType=all_reviews,Not available,Not available,Not available,Not available,Not available,Not available,Not available,63.0 gram,Not available,Not available,15.24 x 10.16 x 10.16 cm; 62.37 Grams,17 September 2015,"Old Spice, OLD SPIC",B0013NHTSY,B0013NHTSY,USA,MARUTI ENTERPRISES,62.3 g,15.2 x 10.2 x 10.2 Centimeters,Not available,Deodorant,Not available,No,MARUTI ENTERPRISES,Not available,Not available
"NIVEA Natural Glow Smooth Skin Deodorant Roll On for Women, 50ml (originally Whitening Smooth Skin)",https://m.media-amazon.com/images/I/51GPoF39hUL._AC_UL320_.jpg,https://amazon.in/Nivea-Whitening-Smooth-Skin-Roll/dp/B00FRDAGB8/ref=sr_1_29?keywords=Deodorants&qid=1681588156&sprefix=suncream%2Caps%2C303&sr=8-29,139,199,4.4,"31,137",Not available,61%,25%,9%,2%,2%,https://amazon.in/Nivea-Whitening-Smooth-Skin-Roll/product-reviews/B00FRDAGB8?reviewerType=all_reviews,Not available,Nivea,Roll-on,mulethi,Not available,Not available,1,50 millilitre,50 Millilitres,Hands,Not available,Not available,Not available,Not available,Not available,Not available,Not available,Not available,Not available,Not available,Not available,Alcohol Free,Not available,Not available,Not available,Not available
Bombay Shaving Company Black Vibe Deodorant For Men - 150 ML,https://m.media-amazon.com/images/I/51ucq-kbMqL._AC_UL320_.jpg,https://amazon.in/Bombay-Shaving-Company-Black-Deodorant/dp/B0B97SMJ3Z/ref=sr_1_30?keywords=Deodorants&qid=1681588156&sprefix=suncream%2Caps%2C303&sr=8-30,149,355,3.8,"1,502","  #3,610 in Beauty     #157 in Deodorant       #157 in Deodorant",43%,24%,15%,7%,11%,https://amazon.in/Bombay-Shaving-Company-Black-Deodorant/product-reviews/B0B97SMJ3Z/ref=cm_cr_dp_d_show_all_btm?ie=UTF8&reviewerType=all_reviews,Not available,Bombay Shaving Company,Liquid,Maine Woodspice,Not available,Not available,1,150.0 millilitre,150 Millilitres,Whole Body,Not available,10 August 2022,"Visage Lines Personal care Private Limited, Visage Lines Personal care Private Limited, 5th floor, Plot no:-272,Udyog Vihar, Phase-II, Gurugram, Haryana - 122008",B0B97SMJ3Z,DEODORANT_BLACK_VIBE_150ML,India,"Visage Lines Personal care Private Limited, 5th floor, Plot no:-272,Udyog Vihar, Phase-II, Gurugram, Haryana - 122008",Not available,15 x 10 x 5 Millimeters,Not available,Deodrant,Not available,Not available,Not available,Not available,Not available
Bella Vita Organic Deo White Deodorant for Men Long Lasting Freshness 50ml Natural Roll On Under Arms Skin Whitening and Lightening for Dark Underarms,https://m.media-amazon.com/images/I/51pjP-e7Q+L._AC_UL320_.jpg,https://amazon.in/Bella-Vita-Organic-Whitening-Lightening/dp/B0845RXZ7N/ref=sr_1_31?keywords=Deodorants&qid=1681588156&sprefix=suncream%2Caps%2C303&sr=8-31,179,199,3.9,"2,825","  #2,082 in Beauty     #3 in Antiperspirant Deodorant   #85 in Deodorant       #3 in Antiperspirant Deodorant #85 in Deodorant",45%,25%,14%,7%,9%,https://amazon.in/Bella-Vita-Organic-Whitening-Lightening/product-reviews/B0845RXZ7N/ref=cm_cr_dp_d_show_all_btm?ie=UTF8&reviewerType=all_reviews,Not available,Bella Vita Organic,Roll-On,Fresh,Organic; Natural Ingredients,Organic,1,75 millilitre,50 Millilitres,Not available,3 x 3 x 12 cm; 50 Grams,23 January 2020,"IDAM Natural Wellness Pvt. Ltd., 417, First Floor, Udyog Vihar Phase 3, Sector 20, Gurugram, 122008 Haryana, India",B0845RXZ7N,BellaMenRollOn,India,IDAM Natural Wellness Pvt. Ltd.,50 g,30 x 30 x 120 Millimeters,Not available,Deowhite Under Arm Skin Whitening & Lightening Natural Roll On Deodorant For Men,Alcohol Free,No,Not available,Not available,Not available
"Rexona Deodorant Roll On Aloe Vera for Women, 50ml",https://m.media-amazon.com/images/I/51MEtlLCF7L._AC_UL320_.jpg,https://amazon.in/Rexona-Aloe-Underarm-Odour-Protection/dp/B018HSHIHY/ref=sr_1_32?keywords=Deodorants&qid=1681588156&sprefix=suncream%2Caps%2C303&sr=8-32,139.,150,4.3,"4,961","  #2,342 in Beauty     #102 in Deodorant       #102 in Deodorant",56%,25%,11%,3%,4%,https://amazon.in/Rexona-Aloe-Underarm-Odour-Protection/product-reviews/B018HSHIHY/ref=cm_cr_dp_d_show_all_btm?ie=UTF8&reviewerType=all_reviews,Not available,Rexona,Balm,Aloe Vera,Not available,Not available,1,50.0 millilitre,50 Millilitres,Not available,11.4 x 4.4 x 4.6 cm; 50 Grams,1 January 2017,"HUL, Hindustan Unilever Ltd, Unilever House, B D Sawant Marg, Chakala Andheri East - 400099",B018HSHIHY,23724,India,Not available,50 g,11.4 x 4.4 x 4.6 Centimeters,Not available,Aloe Vera Underarm Roll On Deodorant For Women,Alcohol Free,No,Not available,Not available,Not available
"Fogg Paradise Fragrant Body Spray For Women, Long-Lasting, No Gas, Everyday Deodorant & Spray, 150ml",https://m.media-amazon.com/images/I/61LSmk9q5kL._AC_UL320_.jpg,https://amazon.in/Fogg-Fragrant-Spray-Women-Paradise/dp/B00YEK0E5S/ref=sr_1_33?keywords=Deodorants&qid=1681588156&sprefix=suncream%2Caps%2C303&sr=8-33,192,275,4.2,"10,110",  #415 in Beauty     #15 in Deodorant       #15 in Deodorant,57%,24%,10%,3%,6%,https://amazon.in/Fogg-Fragrant-Spray-Women-Paradise/product-reviews/B00YEK0E5S/ref=cm_cr_dp_d_show_all_btm?ie=UTF8&reviewerType=all_reviews,Not available,FOGG,Spray,Paradise,"Long Lasting, No Gas",Not available,Not available,150.0 millilitre,150 Millilitres,Not available,4 x 4 x 18 cm; 160 Grams,1 January 2017,"Perfunova International Ltd., Perfunova International Ltd.Survey No. 205/1 & 208/2,Coastal Highway,Village,Bhimpore,Nain Daman-396210 Contact email: dinesh.patwal@vinisales.co.in",B00YEK0E5S,8908001158923,India,"Perfunova International Ltd.Survey No. 205/1 & 208/2,Coastal Highway,Village,Bhimpore,Nain Daman-396210 Contact email: dinesh.patwal@vinisales.co.in",160 g,40 x 40 x 180 Millimeters,1 Deo,Deo,Not available,No,Not available,Not available,Not available
"Nivea Deodorant Roll On, Protect & Care for Unisex, 50ml",https://m.media-amazon.com/images/I/71MZ5n7xU6L._AC_UL320_.jpg,https://amazon.in/Nivea-Protect-Care-Roll-50ml/dp/B01C6Y4IPK/ref=sr_1_34?keywords=Deodorants&qid=1681588156&sprefix=suncream%2Caps%2C303&sr=8-34,169,199,4.3,"4,550",  #461 in Beauty     #18 in Deodorant       #18 in Deodorant,59%,26%,9%,3%,4%,https://amazon.in/Nivea-Protect-Care-Roll-50ml/product-reviews/B01C6Y4IPK/ref=cm_cr_dp_d_show_all_btm?ie=UTF8&reviewerType=all_reviews,Not available,Nivea,Roll on,Protect & care,Not available,Not available,1,1 count,50 Millilitres,Not available,4.1 x 4.1 x 11 cm; 150 Grams,25 February 2016,"Nivea, Beiersdorf (Thailand) Co.Ltd, 163, Bang Plee Industrial Estate, Bangna-Trad Rd, KM 24, Bangsaothong, Samutprakarn 10540, Thailand; Phone: 022 6248 7999",B01C6Y4IPK,4005900253118,India,"Nivea India Pvt. Ltd., 4th Floor, A Wing, Art Guild House, Phoenix Market City, Kurla West, Mumbai, Maharashtra 400070; Phone: 022 6248 7999",150 g,41 x 41 x 110 Millimeters,Deodorant Female,Deodorant,Alcohol Free,No,"Nivea India Pvt. Ltd., 4th Floor, A Wing, Art Guild House, Phoenix Market City, Kurla West, Mumbai, Maharashtra 400070; Phone: 022 6248 7999",Not available,Not available
"Nivea Deep Impact Freshess, Deodorant Roll On For Men, 50ml",https://m.media-amazon.com/images/I/51l19NyctDL._AC_UL320_.jpg,https://amazon.in/Nivea-Impact-Freshness-Deodorant-Roll/dp/B07D9GF1NW/ref=sr_1_35?keywords=Deodorants&qid=1681588156&sprefix=suncream%2Caps%2C303&sr=8-35,172,240,4.3,"31,725",  #238 in Beauty     #10 in Deodorant       #10 in Deodorant,57%,26%,10%,3%,4%,https://amazon.in/Nivea-Impact-Freshness-Deodorant-Roll/product-reviews/B07D9GF1NW/ref=cm_cr_dp_d_show_all_btm?ie=UTF8&reviewerType=all_reviews,Not available,Nivea,Roll-on,Woody/masculine,Not Tested On Animals,Not available,1,1 count,50 Millilitres,Whole Body,4.1 x 4.1 x 11 cm; 50 Grams,31 December 2017,"PC Thailand, Beiersdorf (Thailand) Co.Ltd, 163, Bang Plee Industrial Estate, Bangna-Trad Rd, KM 24, Bangsaothong, Samutprakarn 10540, Thailand; Phone: 022 6248 7999",B07D9GF1NW,80031-09815-28,Thailand,"Nivea India Pvt. Ltd., 4th Floor, A Wing, Art Guild House, Phoenix Market City, Kurla West, Mumbai, Maharashtra 400070; Phone: 022 6248 7999",50 g,41 x 41 x 110 Millimeters,Dedoarnt Male,Anti-perspirant,Alcohol Free,No,"Nivea India Pvt. Ltd., 4th Floor, A Wing, Art Guild House, Phoenix Market City, Kurla West, Mumbai, Maharashtra 400070; Phone: 022 6248 7999",Not available,Not available
"Nike Up Or Down Deodorant For Women, 200ml",https://m.media-amazon.com/images/I/61Pkyr2C3yL._AC_UL320_.jpg,https://amazon.in/Nike-Down-Deodorant-Women-200ml/dp/B00A3M1UFE/ref=sr_1_36?keywords=Deodorants&qid=1681588156&sprefix=suncream%2Caps%2C303&sr=8-36,359,369,4.3,"1,562","  #4,304 in Beauty     #185 in Deodorant       #185 in Deodorant",59%,22%,11%,3%,5%,https://amazon.in/Nike-Down-Deodorant-Women-200ml/product-reviews/B00A3M1UFE/ref=cm_cr_dp_d_show_all_btm?ie=UTF8&reviewerType=all_reviews,Not available,Nike,Spray,Floral,Not available,Not available,1,200.0 millilitre,200 Millilitres,Not available,18 x 8 x 8 cm; 180 Grams,1 January 2017,Nike,B00A3M1UFE,8414135255655,Spain,Not available,180 g,18 x 8 x 8 Centimeters,Not available,Not available,Not available,No,Not available,Not available,Not available
"Nivea Ice Cool Deodorant For Men, 120ml",https://m.media-amazon.com/images/I/51zNmO4WAtL._AC_UL320_.jpg,https://amazon.in/Nivea-Fresh-Protect-Deodorizer-120ml/dp/B00XHU2ISW/ref=sr_1_37?keywords=Deodorants&qid=1681588156&sprefix=suncream%2Caps%2C303&sr=8-37,250,250,4.2,"5,818",  #841 in Beauty     #35 in Deodorant       #35 in Deodorant,55%,23%,11%,4%,6%,https://amazon.in/Nivea-Fresh-Protect-Deodorizer-120ml/product-reviews/B00XHU2ISW/ref=cm_cr_dp_d_show_all_btm?ie=UTF8&reviewerType=all_reviews,Not available,Nivea,Spray,Ice Cool,Not available,Not available,1,1 count,120 Millilitres,Not available,5.3 x 4.6 x 17.2 cm; 140 Grams,1 January 2017,"Sai Corporation, SAI CORPORATION, Khasra No.353/196/186/1-2, Village Johron, Trillokpur Road, Kala Amb, Dist. Sirmour-173030 (H.P); Phone: 022 6248 7999",B00XHU2ISW,4005900207999,India,"Nivea India Pvt. Ltd., 4th Floor, A Wing, Art Guild House, Phoenix Market City, Kurla West, Mumbai, Maharashtra 400070; Phone: 022 6248 7999",140 g,5.3 x 4.6 x 17.2 Centimeters,Dedoarnt Male,Not available,Not available,No,Not available,Not available,Not available
"Dove Go Fresh Deodorant Stick for Unisex, 40 milliliters",https://m.media-amazon.com/images/I/71nS7VHRVRL._AC_UL320_.jpg,https://amazon.in/Dove-Fresh-Cucumber-Antiperspirant-Deodorant/dp/B073TX9XY7/ref=sr_1_38?keywords=Deodorants&qid=1681588156&sprefix=suncream%2Caps%2C303&sr=8-38,324,599,4.3,"1,239","  #1,974 in Beauty     #78 in Deodorant       #78 in Deodorant",60%,21%,10%,5%,5%,https://amazon.in/Dove-Fresh-Cucumber-Antiperspirant-Deodorant/product-reviews/B073TX9XY7/ref=cm_cr_dp_d_show_all_btm?ie=UTF8&reviewerType=all_reviews,Not available,Dove,Roll-on,"Fresh, Cucumber",Not available,Not available,1,40 millilitre,40 Millilitres,Not available,Not available,10 July 2017,Not available,B073TX9XY7,Not available,USA,Not available,70 g,Not available,Not available,Deodorant,Not available,No,Not available,11.7 x 5.6 x 3.2 cm; 70 Grams,1
"Brut Sport Style Deodorant Spray for Men, Long-Lasting Refreshing Body Deo Spray with Athletic Fragrance, Everyday Wear Imported Perfume for Office, Parties, Dates & Outings, 200 ml",https://m.media-amazon.com/images/I/51es+pav2vL._AC_UL320_.jpg,https://amazon.in/BRUT-Deodorant-Sport-Style-200ml/dp/B00F4L86V0/ref=sr_1_39?keywords=Deodorants&qid=1681588156&sprefix=suncream%2Caps%2C303&sr=8-39,182,325,3.8,629,"  #2,391 in Beauty     #105 in Deodorant       #105 in Deodorant",44%,23%,14%,6%,13%,https://amazon.in/BRUT-Deodorant-Sport-Style-200ml/product-reviews/B00F4L86V0/ref=cm_cr_dp_d_show_all_btm?ie=UTF8&reviewerType=all_reviews,Not available,Brut,Spray,Fresh,Not available,Not available,1,1.00 count,600 Millilitres,Whole Body,5.3 x 5.3 x 18 cm; 178 Grams,30 June 2014,"Unilever Ltd, Unilever UK",B00F4L86V0,3731668,United Kingdom,Not available,178 g,5.3 x 5.3 x 18 Centimeters,Not available,Sport Style Deodorant Spray For Men,Not available,No,Not available,Not available,Not available
"Just Herbs Long Lasting, Refreshing Body Spray, Natural Deodorant for Men - Phthalate-Free Formula,150 ml (Musk Divine)",https://m.media-amazon.com/images/I/51hNgqpWXxL._AC_UL320_.jpg,https://amazon.in/Just-Herbs-Lasting-Refreshing-Deodorant/dp/B0BJPNHQ6F/ref=sr_1_40?keywords=Deodorants&qid=1681588156&sprefix=suncream%2Caps%2C303&sr=8-40,198.,325,4.0,356,"  #2,102 in Beauty     #86 in Deodorant       #86 in Deodorant",53%,19%,11%,7%,10%,https://amazon.in/Just-Herbs-Lasting-Refreshing-Deodorant/product-reviews/B0BJPNHQ6F/ref=cm_cr_dp_d_show_all_btm?ie=UTF8&reviewerType=all_reviews,Not available,Just Herbs,Liquid,Amber,Not Tested On Animals,Natural,1,150.0 millilitre,150 Millilitres,Whole Body,4 x 4 x 17 cm; 150 Grams,18 October 2022,"Next Care Inc, Next Care Inc",B0BJPNHQ6F,8906107054354,India,"NEXT CARE INC. PLOT 155, DIC. INDUSTRIAL AREA, BADDI, DISTT. SOLAN, HP-173205. MFG. LIC. NO. HIM/COS/1B/267 | ST. EX. LIC. NO.: BBN-07/2018-19. COUNTRY OF ORIGIN: INDIA.",150 g,40 x 40 x 170 Millimeters,Not available,Deodorant,Phthalate Free,Not available,"Apcos Naturals Pvt Ltd, Apcos Naturals Pvt Ltd, Plot no 202 , Industrial Focal Point, Phase 9 Mohali 160062, 0172 -5027145",Not available,Not available
"KS Woman Desire, Enigma and Sparkle Deodorant Spray - For Women (450 ml, Pack of 3)",https://m.media-amazon.com/images/I/61LcXUQAV6L._AC_UL320_.jpg,https://amazon.in/KS-Desire-Enigma-Sparkle-Deodorant/dp/B0BRSS5TKG/ref=sr_1_41?keywords=Deodorants&qid=1681588156&sprefix=suncream%2Caps%2C303&sr=8-41,235,559,3.9,53,"  #2,191 in Beauty     #94 in Deodorant       #94 in Deodorant",41%,31%,14%,5%,10%,https://amazon.in/KS-Desire-Enigma-Sparkle-Deodorant/product-reviews/B0BRSS5TKG/ref=cm_cr_dp_d_show_all_btm?ie=UTF8&reviewerType=all_reviews,Not available,KS WOMAN,Aerosol,Fresh,Not available,Not available,3,450.0 millilitre,450 Millilitres,Not available,14.5 x 4.5 x 19.5 cm; 300 Grams,6 January 2023,"A) Suhan Aerosol B) Celine Healh Care Pvt Ltd. C) Primacy Industries Ltd, A) Suhan Aerosol,J/1-8,Radheysham Industrial Complex,Asangaon(W),Tal.Shahapur,District-Thane,Maharashta,Pincode - 421601.Mfg.Lic.No.:M KD/C/450,St.Ex.Lic.No.:92 B)Celine Healh Care Pvt Ltd.,15 SICOP,Industrial Area,Kathua-184102,Jammu & Kashmir. Mfg Lic No : M JK/01/60. State Ex. Lic. in Form 04-JKEL-13 C)Primacy Industries Ltd.,Unit-4,Plot No.7D.Baikampady Ind.Area,Mangaluru-575011,Karnataka,India.Mfg.Lic.No.:M KTK/32/309/2017 D) Aroma De France Block No.324,Near IPCA Laboratory, AT & POST : Ranu, TA : Padra, DIST:Vadodara,Gujarat-391445 Mfg Lic. No. – M GC/942 address.",B0BRSS5TKG,8000002096,India,"A) Suhan Aerosol,J/1-8,Radheysham Industrial Complex,Asangaon(W),Tal.Shahapur,District-Thane,Maharashta,Pincode - 421601.Mfg.Lic.No.:M KD/C/450,St.Ex.Lic.No.:92 B)Celine Healh Care Pvt Ltd.,15 SICOP,Industrial Area,Kathua-184102,Jammu & Kashmir. Mfg Lic No : M JK/01/60. State Ex. Lic. in Form 04-JKEL-13 C)Primacy Industries Ltd.,Unit-4,Plot No.7D.Baikampady Ind.Area,Mangaluru-575011,Karnataka,India.Mfg.Lic.No.:M KTK/32/309/2017 D) Aroma De France Block No.324,Near IPCA Laboratory, AT & POST : Ranu, TA : Padra, DIST:Vadodara,Gujarat-391445 Mfg Lic. No. – M GC/942 address.",300 g,14.5 x 4.5 x 19.5 Centimeters,Not available,Deodorant,Not available,Not available,Not available,Not available,Not available
"The Man Company Body Spray Combo Pack For Men, Active, Legend, Intense & Bold, Long-Lasting Fragrance, Everyday Use Deo, 150ml (Pack Of 4)",https://m.media-amazon.com/images/I/61hOVmQZczL._AC_UL320_.jpg,https://amazon.in/Man-Company-Privilege-Deodorants-150ml/dp/B09RV5XNH3/ref=sr_1_42?keywords=Deodorants&qid=1681588156&sprefix=suncream%2Caps%2C303&sr=8-42,587,996,4.2,"3,385",  #821 in Beauty     #33 in Deodorant       #33 in Deodorant,64%,14%,10%,5%,8%,https://amazon.in/Man-Company-Privilege-Deodorants-150ml/product-reviews/B09RV5XNH3/ref=cm_cr_dp_d_show_all_btm?ie=UTF8&reviewerType=all_reviews,Not available,The Man Company,Liquid,"Sandalwood, Lavender","Not Tested On Animals, Natural Ingredients",Not available,4,150.0 millilitre,150 Millilitres,Not available,Not available,5 February 2022,Not available,B09RV5XNH3,Not available,India,Not available,760 g,Not available,Not available,Not available,Paraben Free,Not available,Not available,24.3 x 22.1 x 13.9 cm; 760 Grams,TMC-WEB-2324
DENVER Black Code Deo - (150ML) | Long Lasting Deodorant Body Spray for Men,https://m.media-amazon.com/images/I/51WxZVf1gsL._AC_UL320_.jpg,https://amazon.in/Denver-Black-Code-Deodorant-150ml/dp/B00JQ7UPRG/ref=sr_1_43?keywords=Deodorants&qid=1681588156&sprefix=suncream%2Caps%2C303&sr=8-43,130.,220,4.1,595,"  #4,130 in Beauty     #174 in Deodorant       #174 in Deodorant",55%,20%,11%,4%,10%,https://amazon.in/Denver-Black-Code-Deodorant-150ml/product-reviews/B00JQ7UPRG/ref=cm_cr_dp_d_show_all_btm?ie=UTF8&reviewerType=all_reviews,Not available,Denver,Aerosol,Fresh,"All Day Protection, Not Tested On Animals, Scented, Travel Size",Not available,1,150.0 millilitre,150 Millilitres,Whole Body,40.1 x 14.7 x 12.6 cm; 150 Grams,16 April 2014,Vanesa Cosmetics Pvt. Ltd.,B00JQ7UPRG,DEN103,India,Not available,150 g,40.1 x 14.7 x 12.6 Centimeters,Not available,Deodorant,Not available,No,Not available,Not available,Not available
"Enchanteur Gorgeous Roll-On Deodorant, 48 hr odour protection, Anti Perspirant for Women, 50ml (2UE0057)",https://m.media-amazon.com/images/I/61vO4Ev4VmL._AC_UL320_.jpg,https://amazon.in/Enchanteur-Deodorant-protection-Perspirant-2UE0057/dp/B07V51W4NB/ref=sr_1_44?keywords=Deodorants&qid=1681588156&sprefix=suncream%2Caps%2C303&sr=8-44,145,199,4.0,451,"  #2,843 in Beauty     #127 in Deodorant       #127 in Deodorant",47%,25%,15%,5%,8%,https://amazon.in/Enchanteur-Deodorant-protection-Perspirant-2UE0057/product-reviews/B07V51W4NB/ref=cm_cr_dp_d_show_all_btm?ie=UTF8&reviewerType=all_reviews,Not available,Enchanteur,Roll-On,Gorgeous,Not available,Not available,1,50.0 millilitre,50 Millilitres,Not available,3.7 x 3.7 x 11 cm; 50 Grams,2 July 2021,"Wipro Enterprises Pvt Ltd, Wipro Unza Vietnam Company, 7vsip Street 4, Vietnam - Singapore Industrial Park, Thuan An Town, Bing Duong Province, Veitnam",B07V51W4NB,8888202045690,Vietnam,"#8, Wipro House, 80 ft road, Koramangala Bangalore – 560 035",50 g,37 x 37 x 110 Millimeters,Not available,Deo Roll-On,Not available,Not available,"Wipro Unza Vietnam Company, 7vsip Street 4, Vietnam - Singapore Industrial Park, Thuan An Town, Bing Duong Province, Veitnam",Not available,Not available
"Bella Vita Organic Deo White Deodorant For Women Long Lasting 50 ml Roll on Natural Under Arms Skin Whitening and Lightening For Ladies, Aluminium Free",https://m.media-amazon.com/images/I/51iIU65tXvL._AC_UL320_.jpg,https://amazon.in/Bella-Vita-Organic-Whitening-Lightening/dp/B08461YWY2/ref=sr_1_45?keywords=Deodorants&qid=1681588156&sprefix=suncream%2Caps%2C303&sr=8-45,179,199,4.0,"2,156","  #1,530 in Beauty     #2 in Antiperspirant Deodorant   #2 in Antiperspirants   #57 in Deodorant       #2 in Antiperspirant Deodorant #2 in Antiperspirants #57 in Deodorant",49%,24%,13%,7%,8%,https://amazon.in/Bella-Vita-Organic-Whitening-Lightening/product-reviews/B08461YWY2/ref=cm_cr_dp_d_show_all_btm?ie=UTF8&reviewerType=all_reviews,Not available,Bella Vita Organic,Roll-On,Fresh,Organic; Natural Ingredients,Organic,1,75 millilitre,50 Millilitres,Not available,3 x 3 x 12 cm; 50 Grams,23 January 2020,"IDAM Natural Wellness Pvt. Ltd, 417, First Floor, Udyog Vihar Phase 3, Sector 20, Gurugram, 122008 Haryana, India",B08461YWY2,BellaWomenDeoWhite,India,"417, First Floor, Udyog Vihar Phase 3, Sector 20, Gurugram, 122008 Haryana, India",50 g,30 x 30 x 120 Millimeters,Not available,"DeoWhite Under Arm Skin Whitening & Lightening Natural Roll On Deodorant For Women, Girls, Ladie",Aluminum Free,No,Plot No 351 Udyog vihar Phase 2 Gurgaon 122016 Contact:- 9811380380 www.bellavitaorganic.com,Not available,Not available
"Engage Spice Mystique Deodorant for Men, Woody and Leather, Skin Friendly, 150ml",https://m.media-amazon.com/images/I/61n1L5AobYL._AC_UL320_.jpg,https://amazon.in/Engage-Mystique-Deodorant-Leather-Friendly/dp/B08WJQ9B8T/ref=sr_1_46?keywords=Deodorants&qid=1681588156&sprefix=suncream%2Caps%2C303&sr=8-46,140,225,3.7,"1,301","  #3,594 in Beauty     #155 in Deodorant       #155 in Deodorant",40%,24%,17%,8%,12%,https://amazon.in/Engage-Mystique-Deodorant-Leather-Friendly/product-reviews/B08WJQ9B8T/ref=cm_cr_dp_d_show_all_btm?ie=UTF8&reviewerType=all_reviews,Not available,Engage,Spray,"Spice,Woody",Not available,Not available,1,1 count,150 Millilitres,Not available,4.5 x 20.7 x 20.7 cm; 140 Grams,11 February 2021,"MIDAS-CARE PHARMACEUTICALS PVT. LTD, 1)MIDAS-CARE PHARMACEUTICALS PVT. LTD., LOTUS CORPORATE PARK, 302, ""B"" WING, CTS NO. 185/A , GRAHAM FIRTH COMPOUND, WESTERN EXPRESS HIGHWAY, GOREGAON (EAST), MUMBAI -400 063 Maharashtra AT B-16, MIDC, WALUJ, AURANGABAD - 431136 Maharashtra. MFG. LIC. NO.: M-AD/C-003 ST. EX. LIC. NO.: L-1 8/95-96. 2) M/S. SAI CORPORATION., A-2/494, SECTOR -8, ROHINI, DELHI-110085 AT 353/196/186/1-2, VILLAGE JOHRON, TRILOKPUR ROAD, KALA AMB, DISTRICT SIRMOUR-173030, HIMACHAL PRADESH. M- N-COS/16/43.",B08WJQ9B8T,ENGSPMHIMDEO150,India,"1)MIDAS-CARE PHARMACEUTICALS PVT. LTD., LOTUS CORPORATE PARK, 302, ""B"" WING, CTS NO. 185/A , GRAHAM FIRTH COMPOUND, WESTERN EXPRESS HIGHWAY, GOREGAON (EAST), MUMBAI -400 063 Maharashtra AT B-16, MIDC, WALUJ, AURANGABAD - 431136 Maharashtra. MFG. LIC. NO.: M-AD/C-003 ST. EX. LIC. NO.: L-1 8/95-96. 2) M/S. SAI CORPORATION., A-2/494, SECTOR -8, ROHINI, DELHI-110085 AT 353/196/186/1-2, VILLAGE JOHRON, TRILOKPUR ROAD, KALA AMB, DISTRICT SIRMOUR-173030, HIMACHAL PRADESH. M- N-COS/16/43.",140 g,45 x 207 x 207 Millimeters,Deodorant,"Spice Mystique Deodorant For Men, Woody and Leather, Skin Friendly",Not available,Not available,"1)MIDAS-CARE PHARMACEUTICALS PVT. LTD., LOTUS CORPORATE PARK, 302, ""B"" WING, CTS NO. 185/A , GRAHAM FIRTH COMPOUND, WESTERN EXPRESS HIGHWAY, GOREGAON (EAST), MUMBAI -400 063 Maharashtra AT B-16, MIDC, WALUJ, AURANGABAD - 431136 Maharashtra. MFG. LIC. NO.: M-AD/C-003 ST. EX. LIC. NO.: L-1 8/95-96. 2) M/S. SAI CORPORATION., A-2/494, SECTOR -8, ROHINI, DELHI-110085 AT 353/196/186/1-2, VILLAGE JOHRON, TRILOKPUR ROAD, KALA AMB, DISTRICT SIRMOUR-173030, HIMACHAL PRADESH. M- N-COS/16/43.",Not available,Not available
"Rexona Powder Dry Underarm Roll On Deodorant For Women, Antiperspirant, Removes Odour, Keeps Skin Fresh & Clean, Alcohol Free, Skin Friendly, 50ml",https://m.media-amazon.com/images/I/51WHERsaKuL._AC_UL320_.jpg,https://amazon.in/Rexona-Powder-Underarm-Odour-Protection/dp/B018HSHI7Y/ref=sr_1_47?keywords=Deodorants&qid=1681588156&sprefix=suncream%2Caps%2C303&sr=8-47,139.,150,4.3,"2,441","  #2,231 in Beauty     #97 in Deodorant       #97 in Deodorant",58%,26%,10%,3%,3%,https://amazon.in/Rexona-Powder-Underarm-Odour-Protection/product-reviews/B018HSHI7Y/ref=cm_cr_dp_d_show_all_btm?ie=UTF8&reviewerType=all_reviews,Not available,Rexona,Powder,Floral,Not available,Alcohol Free,1,1 count,50 Millilitres,Not available,11.4 x 4.4 x 4.6 cm; 50 Grams,1 January 2017,"Rexona, Hindustan Unilever Ltd, Unilever House, B D Sawant Marg, Chakala Andheri East - 400099",B018HSHI7Y,22808,India,Not available,50 g,11.4 x 4.4 x 4.6 Centimeters,Not available,Powder Dry Underarm Roll On Deodorant For Women,Alcohol Free,No,Not available,Not available,Not available
"Caveman Naturals Deodorant | India's 1st Made Safe Certified Natural Deodorant, 50g (Alpine) for Men and Women",https://m.media-amazon.com/images/I/61Qf2xeNqNL._AC_UL320_.jpg,https://amazon.in/Caveman-Naturals-Deodorant-Certified-Natural/dp/B07HLX2PSV/ref=sr_1_48?keywords=Deodorants&qid=1681588156&sprefix=suncream%2Caps%2C303&sr=8-48,549,625,4.1,"1,260","  #3,723 in Beauty     #160 in Deodorant       #160 in Deodorant",56%,21%,11%,3%,8%,https://amazon.in/Caveman-Naturals-Deodorant-Certified-Natural/product-reviews/B07HLX2PSV/ref=cm_cr_dp_d_show_all_btm?ie=UTF8&reviewerType=all_reviews,Not available,Caveman Naturals,Cream,Fresh,Not available,Not available,1,50 gram,Not available,Not available,5.7 x 5.7 x 4.5 cm; 100 Grams,22 September 2018,Caveman Naturals,B07HLX2PSV,Not available,India,Not available,100 g,5.7 x 5.7 x 4.5 Centimeters,Not available,Deodorant,Aluminium free and alcohol free,No,Not available,Not available,DEOMD050
"Park Avenue Signature Voyage Deodorant for Men, 150ml",https://m.media-amazon.com/images/I/61y2ymmYu9L._AC_UL400_.jpg,https://amazon.in/sspa/click?ie=UTF8&spc=MTo3MzM5MTY2MjgxNTQwOTcwOjE2ODE1ODgxNjY6c3BfYXRmX25leHQ6MjAwODI2MDkxNjUxOTg6OjA6Og&url=%2FPark-Avenue-Signature-Voyage-140ml%2Fdp%2FB007E9INFO%2Fref%3Dsr_1_49_sspa%3Fkeywords%3DDeodorants%26qid%3D1681588166%26sprefix%3Dsuncream%252Caps%252C303%26sr%3D8-49-spons%26sp_csd%3Dd2lkZ2V0TmFtZT1zcF9hdGZfbmV4dA%26psc%3D1,150,250,4.0,"4,986",  #954 in Beauty     #37 in Deodorant       #37 in Deodorant,49%,24%,15%,6%,6%,https://amazon.in/Park-Avenue-Signature-Voyage-140ml/product-reviews/B007E9INFO/ref=cm_cr_dp_d_show_all_btm?ie=UTF8&reviewerType=all_reviews,Not available,Park Avenue,Lotion,Amber,Not available,Long Lasting Fragrance,1,140.0 millilitre,150 Millilitres,Not available,53 x 53 x 150 cm; 140 Grams,26 October 2013,"Suhan Aerosol, Suhan Aerosol, J / 1 – 8, Radheyshyam Industrial Complex, Village Asangaon (W), Tal. Shahapur, Thane-421 601, Maharashtra; Email: suhan.aerosol@gmail.com",B007E9INFO,NPABDV100007,India,"Suhan Aerosol, J / 1 – 8, Radheyshyam Industrial Complex, Village Asangaon (W), Tal. Shahapur, Thane-421 601, Maharashtra; Email: suhan.aerosol@gmail.com",140 g,53 x 53 x 150 Centimeters,"Deodorant for Men, 150ml",Deodorant,Not available,No,Not available,Not available,Not available
"Fogg Marco Perfume Body Spray, Long Lasting No Gas Deodorant for Men, 150ml",https://m.media-amazon.com/images/I/611+OfxzQRL._AC_UL400_.jpg,https://amazon.in/sspa/click?ie=UTF8&spc=MTo3MzM5MTY2MjgxNTQwOTcwOjE2ODE1ODgxNjY6c3BfYXRmX25leHQ6MjAwNTM2NDM4MzY1OTg6OjA6Og&url=%2FFogg-Marco-Body-Spray-150ml%2Fdp%2FB00YEJYSEM%2Fref%3Dsr_1_50_sspa%3Fkeywords%3DDeodorants%26qid%3D1681588166%26sprefix%3Dsuncream%252Caps%252C303%26sr%3D8-50-spons%26sp_csd%3Dd2lkZ2V0TmFtZT1zcF9hdGZfbmV4dA%26psc%3D1,192,275,4.0,"21,151",  #149 in Beauty     #6 in Deodorant       #6 in Deodorant,50%,25%,13%,5%,8%,https://amazon.in/Fogg-Marco-Body-Spray-150ml/product-reviews/B00YEJYSEM/ref=cm_cr_dp_d_show_all_btm?ie=UTF8&reviewerType=all_reviews,Not available,FOGG,Spray,Fresh,Scented,Natural,1,150.0 millilitre,150 Millilitres,Not available,17.8 x 5.1 x 5.1 cm; 160 Grams,1 January 2017,Vini Cosmetics,B00YEJYSEM,8908001158862,India,Not available,160 g,17.8 x 5.1 x 5.1 Centimeters,One Fogg Marco Body Spray,Not available,Alcohol Free,No,Not available,Not available,Not available
