ProductName,image,link,price,maxretailprice,stars,GlobalRatings,Best Sellers Rank,5 star ratings,4 star ratings,3 star ratings,2 star ratings,1 star ratings,reviewsLink,packageSize,Brand,Number of Blades,Recommended Uses For Product,Age Range (Description),Skin Type,Net Quantity,Number of Items,Number of Pieces,Product Dimensions,Date First Available,Manufacturer,ASIN,Item model number,Country of Origin,Packer,Importer,Item Weight,Item Dimensions LxWxH,Included Components,Colour,Generic Name,Batteries,Is Discontinued By Manufacturer,Item Form,Scent,Active Ingredients,Use for,Special Ingredients,Material Type Free,Special Feature,Power Source,Model Name,Battery Life,Blade Material,Item part number
Gillette Mach 3 Shaving Blades- Pack of 6 (Cartridges),https://m.media-amazon.com/images/I/71GmLK9g0-S._AC_UL400_.jpg,https://amazon.in/sspa/click?ie=UTF8&spc=MTo2MDQ5NTc4ODc1MjUxNTM0OjE2ODEyMTQ3MTQ6c3BfYXRmOjIwMTI0MzgyMDYzMTk4OjowOjo&url=%2FGillette-Mach-Shaving-Blades-Cartridges%2Fdp%2FB07VGXVZ63%2Fref%3Dsr_1_1_sspa%3Fcrid%3D1EAMOLVYHA0EG%26keywords%3DShaving%26qid%3D1681214714%26sprefix%3Dsuncream%252Caps%252C303%26sr%3D8-1-spons%26sp_csd%3Dd2lkZ2V0TmFtZT1zcF9hdGY%26psc%3D1,656,820,4.5,"18,617",  #63 in Health & Personal Care (See Top 100 in Health & Personal Care)    #2 in Razor Blades       #2 in Razor Blades,65%,24%,7%,2%,3%,https://amazon.in/Gillette-Mach-Shaving-Blades-Cartridges/product-reviews/B07VGXVZ63/ref=cm_cr_dp_d_show_all_btm?ie=UTF8&reviewerType=all_reviews,Not available,Gillette,3,Shaving,Adult,All,6 count,1,6,11.2 x 3.4 x 15.2 cm; 112 Grams,19 July 2019,"Gillete poland international Sp.zo.o., Gillette Poland International SP. z o.o., Ul. Nowy Józefów 70, 94-406 łódź, Poland. Contact: 022-24942113",B07VGXVZ63,82302867,Poland,"Procter & Gamble Home Products Private Ltd, Plot No.1, Indl Area, Villate Katha, Baddi, Dist Solan, HP-173205 Comments/Complaints, call CONSUMER RELATIONS on 022-24942113","Procter & Gamble Hygiene and Health Care Limited, P&G Plaza, Cardinal Gracias Road, Chakala, Andheri (E), Mumbai – 400099. Comments/Complaints, call CONSUMER RELATIONS on 022-24942113",112 g,11.2 x 3.4 x 15.2 Centimeters,Blades & Razors,Not available,Not available,Not available,Not available,Not available,Not available,Not available,Not available,Not available,Not available,Not available,Not available,Not available,Not available,Not available,Not available
Gillette Mach3 Charcoal Shaving Razor for Men with New Enhanced Lubrastrip with a Touch of Charcoal for a Clean Close Shave,https://m.media-amazon.com/images/I/71njh14knhL._AC_UL400_.jpg,https://amazon.in/sspa/click?ie=UTF8&spc=MTo2MDQ5NTc4ODc1MjUxNTM0OjE2ODEyMTQ3MTQ6c3BfYXRmOjIwMTI0MzU3NTE5Mjk4OjowOjo&url=%2FGillette-Charcoal-Shaving-Enhanced-Lubrastrip%2Fdp%2FB0BSFN6HXT%2Fref%3Dsr_1_2_sspa%3Fcrid%3D1EAMOLVYHA0EG%26keywords%3DShaving%26qid%3D1681214714%26sprefix%3Dsuncream%252Caps%252C303%26sr%3D8-2-spons%26sp_csd%3Dd2lkZ2V0TmFtZT1zcF9hdGY%26psc%3D1,255,300,4.7,68,"  #1,029 in Health & Personal Care (See Top 100 in Health & Personal Care)    #9 in Men's Cartridge Razors       #9 in Men's Cartridge Razors",80%,15%,3%,3%,Not available,https://amazon.in/Gillette-Charcoal-Shaving-Enhanced-Lubrastrip/product-reviews/B0BSFN6HXT/ref=cm_cr_dp_d_show_all_btm?ie=UTF8&reviewerType=all_reviews,Not available,Gillette,Not available,Not available,Adult,All,1 count,Not available,Not available,10.5 x 1.9 x 20 cm; 60 Grams,16 January 2023,"Procter & Gamble, PROCTER & GAMBLE INDOCHINA LTD., NO. 1 VSIP II-A, ROAD NO. 18, VIETNAM - SINGAPORE INDUSTRIAL PARK, TAN UYEN TOWN, BINH DUONG, VIETNAM.",B0BSFN6HXT,80731888,Vietnam,"PROCTER & GAMBLE INDOCHINA LTD., NO. 1 VSIP II-A, ROAD NO. 18, VIETNAM - SINGAPORE INDUSTRIAL PARK, TAN UYEN TOWN, BINH DUONG, VIETNAM.","GILLETTE INDIA LIMITED, P&G PLAZA, CARDINAL GRACIAS ROAD, ANDHERI (E),MUMBAI 400099, MH., INDIA. PACKED AT: REFER TO ALPHABET BEFORE BATCH CODE. X: GILLETTE INDIA LIMITED, PLOT NO-4, KATHA BHATOLI KALAN, APPAREL PARK-CUM-INDUSTRIAL AREA, BADDI, HP- 173205, INDIA. Z: HAWKEYE INDUSTRIAL SECURITY SERVICES, PLOT NO. 211, A-1, NEWINDUSTRIAL AREA, MANDIDEEP, DIST. RAISEN, M.P. 462046, iNDIA.",60 g,10.5 x 1.9 x 20 Centimeters,Not available,Black,Razor,Not available,Not available,Not available,Not available,Not available,Not available,Not available,Not available,Not available,Not available,Not available,Not available,Not available,Not available
"Gillette Fusion Premium Gift Set for Men | 1 Gillette Fusion Manual Handle, 4 Gillette Fusion Cartridges, 1 Travel Case",https://m.media-amazon.com/images/I/61fdIl2CwgL._AC_UL400_.jpg,https://amazon.in/sspa/click?ie=UTF8&spc=MTo2MDQ5NTc4ODc1MjUxNTM0OjE2ODEyMTQ3MTQ6c3BfYXRmOjIwMTI5OTcyMDEwMTk4OjowOjo&url=%2FGillette-Fusion-Premium-Valentines-Cartridges%2Fdp%2FB0B8JQQQ1H%2Fref%3Dsr_1_3_sspa%3Fcrid%3D1EAMOLVYHA0EG%26keywords%3DShaving%26qid%3D1681214714%26sprefix%3Dsuncream%252Caps%252C303%26sr%3D8-3-spons%26sp_csd%3Dd2lkZ2V0TmFtZT1zcF9hdGY%26psc%3D1,"1,124","1,499",4.4,374,"  #1,344 in Health & Personal Care (See Top 100 in Health & Personal Care)    #13 in Men's Cartridge Razors   #16 in Razor Blades       #13 in Men's Cartridge Razors #16 in Razor Blades",66%,23%,5%,2%,5%,https://amazon.in/Gillette-Fusion-Premium-Valentines-Cartridges/product-reviews/B0B8JQQQ1H/ref=cm_cr_dp_d_show_all_btm?ie=UTF8&reviewerType=all_reviews,Not available,Gillette,5,Not available,Not available,All,3 count,3,Not available,17.1 x 7.1 x 24.1 cm; 988 Grams,3 August 2022,"Procter & Gamble, TRAVEL CASE MFD. BY: SHENZHEN JINZHENG PLASTIC INDUSTRIAL CO., LTD., 3RD WANFU ROAD, YUANSHAN STREET, LONGGANG DISTRICT, SHENZHEN, P.R. CHINA. CARTRIDGES MFD. BY: PROCTER & GAMBLE MANUFACTURING BERLIN GMBH, OBERLANDSTRASSE 75-84, D-12099, BERLIN, GERMANY. HANDLE MFD. BY: GILLETTE POLAND INTERNATIONAL SP. Z O. O., UL. NOWY JÓZEFÓW 70, 94-406 ŁÓDZ, POLAND. GIFT PACK BUNDLED BY: PLEASE REFER TO ALPHABET BEFORE BATCH CODE.",B0B8JQQQ1H,80720253,China,"TRAVEL CASE MFD. BY: SHENZHEN JINZHENG PLASTIC INDUSTRIAL CO., LTD., 3RD WANFU ROAD, YUANSHAN STREET, LONGGANG DISTRICT, SHENZHEN, P.R. CHINA. CARTRIDGES MFD. BY: PROCTER & GAMBLE MANUFACTURING BERLIN GMBH, OBERLANDSTRASSE 75-84, D-12099, BERLIN, GERMANY. HANDLE MFD. BY: GILLETTE POLAND INTERNATIONAL SP. Z O. O., UL. NOWY JÓZEFÓW 70, 94-406 ŁÓDZ, POLAND. GIFT PACK BUNDLED BY: PLEASE REFER TO ALPHABET BEFORE BATCH CODE.","N CASE OF X: CARE UTILITY PRODUCTS PVT. LTD., HADBAST NO. 207, VILLAGE-BILLANWALI, BADDI, DIST. SOLAN, H.P- 173205, INDIA. IN CASE OF Z: HAWKEYE INDUSTRIAL SECURITY SERVICES, PLOT NO. 211, A-1, NEW INDUSTRIAL AREA, MANDIDEEP, DIST. RAISEN, PIN – 462046, INDIA. IMPORTED & MARKETED BY: GILLETTE INDIA LIMITED, P&G PLAZA, CARDINAL GRACIAS ROAD, CHAKALA, ANDHERI (E), MUMBAI 400099, MAHARASHTRA, INDIA.",988 g,17.1 x 7.1 x 24.1 Centimeters,Not available,Not available,Razor,Not available,Not available,Not available,Not available,Not available,Not available,Not available,Not available,Not available,Not available,Not available,Not available,Not available,Not available
Gillette Fusion Proglide Razor for Men | Pack of 1 | with styling back blade for Perfect Shave and Perfect Beard Shape,https://m.media-amazon.com/images/I/61WhL8ie9nL._AC_UL400_.jpg,https://amazon.in/sspa/click?ie=UTF8&spc=MTo2MDQ5NTc4ODc1MjUxNTM0OjE2ODEyMTQ3MTQ6c3BfYXRmOjIwMTI0NDAzNzk4ODk4OjowOjo&url=%2FGillette-Flexball-Fusion-Glide-Razor%2Fdp%2FB00J2AP9F0%2Fref%3Dsr_1_4_sspa%3Fcrid%3D1EAMOLVYHA0EG%26keywords%3DShaving%26qid%3D1681214714%26sprefix%3Dsuncream%252Caps%252C303%26sr%3D8-4-spons%26sp_csd%3Dd2lkZ2V0TmFtZT1zcF9hdGY%26psc%3D1,411,549,4.5,"6,130",  #378 in Health & Personal Care (See Top 100 in Health & Personal Care)    #3 in Men's Cartridge Razors       #3 in Men's Cartridge Razors,66%,22%,7%,2%,3%,https://amazon.in/Gillette-Flexball-Fusion-Glide-Razor/product-reviews/B00J2AP9F0/ref=cm_cr_dp_d_show_all_btm?ie=UTF8&reviewerType=all_reviews,Not available,Gillette,5,Not available,Not available,Combination,1 count,1,Not available,2.87 x 10.01 x 19.86 cm; 50 Grams,1 January 2017,"Gillette, Pax Australia Pty. Ltd., 9 Williamson Road, Ingleburn NSW Australia 2565 Contact: 022-24942113",B00J2AP9F0,81468462,Australia,"Procter & Gamble Home Products Private Ltd, Plot No.1, Indl Area, Villate Katha, Baddi, Dist Solan, HP-173205 Comments/Complaints, call CONSUMER RELATIONS on 022-24942113","Procter & Gamble Hygiene and Health Care Limited, P&G Plaza, Cardinal Gracias Road, Chakala, Andheri (E), Mumbai – 400099. Comments/Complaints, call CONSUMER RELATIONS on 022-24942113",50 g,29 x 100 x 199 Millimeters,Blades & Razors,Not available,Blades & Razors,1 AA batteries required.,No,Not available,Not available,Not available,Not available,Not available,Not available,Not available,Not available,Not available,Not available,Not available,Not available
GILLETTE Mach 3 Shaving Razor (Handle + 2 Cartridge),https://m.media-amazon.com/images/I/61mr4rOOm5S._AC_UL400_.jpg,https://amazon.in/Gillette-Shaving-Razor-Blade-Cartridge/dp/B07VGXW717/ref=sr_1_5?crid=1EAMOLVYHA0EG&keywords=Shaving&qid=1681214714&sprefix=suncream%2Caps%2C303&sr=8-5,308,385,4.4,"10,108",  #252 in Health & Personal Care (See Top 100 in Health & Personal Care)    #2 in Men's Cartridge Razors       #2 in Men's Cartridge Razors,62%,25%,8%,2%,3%,https://amazon.in/Gillette-Shaving-Razor-Blade-Cartridge/product-reviews/B07VGXW717/ref=cm_cr_dp_d_show_all_btm?ie=UTF8&reviewerType=all_reviews,Not available,Gillette,4,Not available,Not available,All,2 count,1,Not available,4.5 x 10.3 x 17.3 cm; 123 Grams,19 July 2019,"Gillette, Gillette Poland International SP. z o.o., Ul. Nowy Józefów 70, 94-406 łódź, Poland. Contact: 022-24942113",B07VGXW717,82302880,Poland,"Procter & Gamble Home Products Private Ltd, Plot No.1, Indl Area, Villate Katha, Baddi, Dist Solan, HP-173205 Comments/Complaints, call CONSUMER RELATIONS on 022-24942113","Procter & Gamble Hygiene and Health Care Limited, P&G Plaza, Cardinal Gracias Road, Chakala, Andheri (E), Mumbai – 400099. Comments/Complaints, call CONSUMER RELATIONS on 022-24942113",123 g,45 x 103 x 173 Millimeters,Blades & Razors,Not available,Not available,Not available,Not available,Not available,Not available,Not available,Not available,Not available,Not available,Not available,Not available,Not available,Not available,Not available,Not available
Gillette Classic Sensitive Shave Foam - 418 g (33% extra),https://m.media-amazon.com/images/I/51lKNKuqJjL._AC_UL400_.jpg,https://amazon.in/Gillette-Sensitive-Skin-Shave-Foam/dp/B00G4UDYEE/ref=sr_1_6_mod_primary_new?crid=1EAMOLVYHA0EG&keywords=Shaving&qid=1681214714&sbo=RZvfv%2F%2FHxDF%2BO5021pAnSA%3D%3D&sprefix=suncream%2Caps%2C303&sr=8-6,115211,225₹225,4.5,"31,649",  #52 in Health & Personal Care (See Top 100 in Health & Personal Care)    #1 in Razor Blades   #1 in Men's Cartridge Razors   #1 in Men's Shaving Creams       #1 in Razor Blades #1 in Men's Cartridge Razors #1 in Men's Shaving Creams,64%,25%,7%,2%,2%,https://amazon.in/Gillette-Sensitive-Skin-Shave-Foam/product-reviews/B00G4UDYEE/ref=cm_cr_dp_d_show_all_btm?ie=UTF8&reviewerType=all_reviews,Not available,Gillette,Not available,Not available,Adult,Sensitive,1 count,1,Not available,6.4 x 6.4 x 21 cm; 418 Grams,1 January 2017,"Pax Australia Pty. Ltd., Pax Australia Pty. Ltd., 9 Williamson Road, Ingleburn NSW Australia 2565 Contact: 022-24942113",B00G4UDYEE,Fat Foamy (Sen) 300gm,India,"Procter & Gamble Home Products Private Ltd, Plot No.1, Indl Area, Villate Katha, Baddi, Dist Solan, HP-173205 Comments/Complaints, call CONSUMER RELATIONS on 022-24942113","Procter & Gamble Hygiene and Health Care Limited, P&G Plaza, Cardinal Gracias Road, Chakala, Andheri (E), Mumbai – 400099. Comments/Complaints, call CONSUMER RELATIONS on 022-24942113",418 g,6.4 x 6.4 x 21 Centimeters,Saving Foam,Not available,Not available,Not available,No,Foam,Scented,Not available,Not available,Not available,Not available,Not available,Not available,Not available,Not available,Not available,Not available
"Bombay Shaving Co Charcoal Shaving Foam for Men, 425g (43% Extra) | More than 100 shaves | Activated Charcoal and Moroccan Argan Oil",https://m.media-amazon.com/images/I/71K7bbrB4wL._AC_UL400_.jpg,https://amazon.in/Bombay-Shaving-Charcoal-Activated-Moroccan/dp/B0BGLGP83C/ref=sr_1_7?crid=1EAMOLVYHA0EG&keywords=Shaving&qid=1681214714&sprefix=suncream%2Caps%2C303&sr=8-7,157,275,4.1,535,"  #1,155 in Health & Personal Care (See Top 100 in Health & Personal Care)    #2 in Men's Shaving Foams       #2 in Men's Shaving Foams",55%,23%,10%,3%,9%,https://amazon.in/Bombay-Shaving-Charcoal-Activated-Moroccan/product-reviews/B0BGLGP83C/ref=cm_cr_dp_d_show_all_btm?ie=UTF8&reviewerType=all_reviews,Not available,Bombay Shaving Company,Not available,Not available,Not available,All,425.0 gram,1,Not available,10 x 5 x 5 cm; 425 Grams,27 September 2022,"Visage Lines Personal Care Pvt. Ltd, Visage Lines Personal Care Pvt. Ltd, Visage Lines Personal Care Pvt. Ltd. F-213-B, First Floor, Old M.B. Road, Lado Sarai, Delhi-110030, Contact No: 07303488233",B0BGLGP83C,Visage Lines Personal Care Pvt. Ltd.,India,"Visage Lines Personal Care Pvt. Ltd, Visage Lines Personal Care Pvt. Ltd. F-213-B, First Floor, Old M.B. Road, Lado Sarai, Delhi-110030, Contact No: 07303488233",Not available,425 g,10 x 5 x 5 Centimeters,Not available,Not available,Shaving foam,Not available,Not available,Gel,Aloe Vera,Charcoal,Face,Argan Oil,Paraben Free,Not available,Not available,Not available,Not available,Not available,Not available
"Bombay Shaving Company Shaving Cream with Tea Tree oil, Aloe Vera and Menthol Extracts- 100 g | Made in India",https://m.media-amazon.com/images/I/61myZ1DQheL._AC_UL400_.jpg,https://amazon.in/Bombay-Shaving-Company-Cream-100/dp/B01NBMMJET/ref=sr_1_8?crid=1EAMOLVYHA0EG&keywords=Shaving&qid=1681214714&sprefix=suncream%2Caps%2C303&sr=8-8,125,195,4.2,"10,373",  #359 in Health & Personal Care (See Top 100 in Health & Personal Care)    #4 in Men's Shaving Creams       #4 in Men's Shaving Creams,53%,27%,12%,4%,4%,https://amazon.in/Bombay-Shaving-Company-Cream-100/product-reviews/B01NBMMJET/ref=cm_cr_dp_d_show_all_btm?ie=UTF8&reviewerType=all_reviews,Not available,Bombay Shaving Company,Not available,Not available,Adult,"All, Dry, Normal",100.0 gram,1,Not available,6 x 16 x 6 cm; 118 Grams,20 December 2016,"Visage Lines Personal care Private Limited, Visage Lines Personal Care Pvt. Ltd. F-213-B, First Floor, Old M.B. Road, Lado Sarai, Delhi-110030, Contact No: 07303488233",B01NBMMJET,CR100,India,"Visage Lines Personal Care Pvt. Ltd. F-213-B, First Floor, Old M.B. Road, Lado Sarai, Delhi-110030, Contact No: 07303488233","Visage Lines Personal Care Pvt. Ltd. F-213-B, First Floor, Old M.B. Road, Lado Sarai, Delhi-110030, Contact No: 07303488233",118 g,6 x 16 x 6 Centimeters,Shaving Cream,Not available,Shaving Cream,Not available,No,Cream,"Aloe Vera,Peppermint,Musk",Not available,Not available,Not available,"Alcohol Free, Paraben Free",Not available,Not available,Not available,Not available,Not available,Not available
Gillette Presto Manual Shaving Razor(Pack of 5),https://m.media-amazon.com/images/I/61Ajt-l1nsL._AC_UL400_.jpg,https://amazon.in/Gillette-Presto-Sata-Sat-5/dp/B01D8NAX2A/ref=sr_1_9?crid=1EAMOLVYHA0EG&keywords=Shaving&qid=1681214714&sprefix=suncream%2Caps%2C303&sr=8-9,88,88,4.3,"2,726",  #647 in Health & Personal Care (See Top 100 in Health & Personal Care)    #4 in Men's Cartridge Razors       #4 in Men's Cartridge Razors,59%,25%,10%,3%,3%,https://amazon.in/Gillette-Presto-Sata-Sat-5/product-reviews/B01D8NAX2A/ref=cm_cr_dp_d_show_all_btm?ie=UTF8&reviewerType=all_reviews,Not available,Not available,Not available,Not available,Not available,Not available,5 count,Not available,Not available,9.1 x 2.1 x 24.4 cm; 19 Grams,1 January 2017,"Pax Australia Pty. Ltd., Pax Australia Pty. Ltd., 9 Williamson Road, Ingleburn NSW Australia 2565 Contact: 022-24942113",B01D8NAX2A,GPI 5s,Australia,"Procter & Gamble Home Products Private Ltd, Plot No.1, Indl Area, Villate Katha, Baddi, Dist Solan, HP-173205 Comments/Complaints, call CONSUMER RELATIONS on 022-24942113","Procter & Gamble Hygiene and Health Care Limited, P&G Plaza, Cardinal Gracias Road, Chakala, Andheri (E), Mumbai – 400099. Comments/Complaints, call CONSUMER RELATIONS on 022-24942113",19 g,9.1 x 2.1 x 24.4 Centimeters,Blades & Razors,Not available,Not available,Not available,No,Not available,Not available,Not available,Not available,Not available,Not available,Not available,Not available,Not available,Not available,Not available,Not available
Gillette Guard 3 Single Razor with 8 Blades Pack,https://m.media-amazon.com/images/I/61QSTpnWaxL._AC_UL400_.jpg,https://amazon.in/Gillette-Guard-Single-Razor-Blades/dp/B09219VJXM/ref=sr_1_10?crid=1EAMOLVYHA0EG&keywords=Shaving&qid=1681214714&sprefix=suncream%2Caps%2C303&sr=8-10,350,350,4.2,"3,770",  #961 in Health & Personal Care (See Top 100 in Health & Personal Care)    #8 in Men's Cartridge Razors       #8 in Men's Cartridge Razors,55%,26%,10%,3%,5%,https://amazon.in/Gillette-Guard-Single-Razor-Blades/product-reviews/B09219VJXM/ref=cm_cr_dp_d_show_all_btm?ie=UTF8&reviewerType=all_reviews,Not available,Gillette,3,Not available,Not available,All,1 count,1,Not available,13.8 x 2.5 x 19 cm; 90 Grams,7 April 2021,"Gillette, Procter & Gamble Indochina Ltd., No.1 VSIP II-A, Road No.18, Vietnam-Singapore Industrial Park. Tan Uyen Town, Binh Duong, Vietnam",B09219VJXM,82325856,Vietnam,"Procter & Gamble Indochina Ltd., No.1 VSIP II-A, Road No.18, Vietnam-Singapore Industrial Park. Tan Uyen Town, Binh Duong, Vietnam","India P&G plaza, Cardinal Gracias Road, Chakala, Andheri (E), Mumbai - 400099 India",90 g,13.8 x 2.5 x 19 Centimeters,Not available,Not available,Razor,Not available,Not available,Not available,Not available,Not available,Not available,Not available,Not available,Not available,Not available,Not available,Not available,Not available,Not available
Gillette Sensitive Pre Shave Gel Tube - 60 g,https://m.media-amazon.com/images/I/71UgNqA9FEL._AC_UL400_.jpg,https://amazon.in/Gillette-Sensitive-Pre-Shave-Gel-Tube/dp/B00JUJ2P7S/ref=sr_1_11?crid=1EAMOLVYHA0EG&keywords=Shaving&qid=1681214714&sprefix=suncream%2Caps%2C303&sr=8-11,84,90,4.5,"1,614",  #519 in Health & Personal Care (See Top 100 in Health & Personal Care)    #1 in Men's Shaving Gels       #1 in Men's Shaving Gels,63%,27%,6%,1%,2%,https://amazon.in/Gillette-Sensitive-Pre-Shave-Gel-Tube/product-reviews/B00JUJ2P7S/ref=cm_cr_dp_d_show_all_btm?ie=UTF8&reviewerType=all_reviews,Not available,Gillette,Not available,Not available,Adult,Sensitive,60.0 gram,Not available,Not available,3.8 x 13 x 4.1 cm; 83 Grams,22 April 2014,Procter and Gamble,B00JUJ2P7S,TSG (Sen) 60g,India,Not available,Not available,83 g,38 x 130 x 41 Millimeters,Not available,Not available,Not available,Not available,No,Gel,Lime,Not available,Not available,Not available,Not available,Not available,Not available,Not available,Not available,Not available,Not available
Gillette Mach 3 Manual Shaving Razor Blades - 4s Pack (Cartridge),https://m.media-amazon.com/images/I/61iJou+x-gL._AC_UL400_.jpg,https://amazon.in/Gillette-Manual-Shaving-Razor-Blades/dp/B00HYAJPFA/ref=sr_1_12?crid=1EAMOLVYHA0EG&keywords=Shaving&qid=1681214714&sprefix=suncream%2Caps%2C303&sr=8-12,548,549,4.4,"9,978",  #923 in Health & Personal Care (See Top 100 in Health & Personal Care)    #10 in Razor Blades       #10 in Razor Blades,62%,26%,8%,2%,3%,https://amazon.in/Gillette-Manual-Shaving-Razor-Blades/product-reviews/B00HYAJPFA/ref=cm_cr_dp_d_show_all_btm?ie=UTF8&reviewerType=all_reviews,Not available,Gillette,3,Shaving,Adult,Combination,4 count,Not available,4,10.5 x 2.5 x 11.3 cm; 37 Grams,1 January 2017,"Gillette, Pax Australia Pty. Ltd., 9 Williamson Road, Ingleburn NSW Australia 2565 Contact: 022-24942113",B00HYAJPFA,Mach 3 Cart 4s,India,"Procter & Gamble Home Products Private Ltd, Plot No.1, Indl Area, Villate Katha, Baddi, Dist Solan, HP-173205 Comments/Complaints, call CONSUMER RELATIONS on 022-24942113","Procter & Gamble Hygiene and Health Care Limited, P&G Plaza, Cardinal Gracias Road, Chakala, Andheri (E), Mumbai – 400099. Comments/Complaints, call CONSUMER RELATIONS on 022-24942113",37 g,10.5 x 2.5 x 11.3 Centimeters,Blades & Razors,Not available,Not available,Not available,No,Not available,Not available,Not available,Not available,Not available,Not available,Not available,Not available,Not available,Not available,Not available,Not available
"Bombay Shaving Co Trimmer Men, 2X Fast Charging, 2 Yr Warranty, 80Min runtime, Hair Trimmer, Shaving Machine, Cordless Beard, 38 length Settings, Flash USB Cable fast Charging (Black)",https://m.media-amazon.com/images/I/61IgyV8PYZL._AC_UL400_.jpg,https://amazon.in/Cordless-Trimmer-settings-Charging-Warranty/dp/B098P8NRRW/ref=sr_1_13?crid=1EAMOLVYHA0EG&keywords=Shaving&qid=1681214714&sprefix=suncream%2Caps%2C303&sr=8-13,699,"1,199",4.0,"3,049",  #132 in Health & Personal Care (See Top 100 in Health & Personal Care)    #1 in Moustache & Beard Scissors   #4 in Razor Blades       #1 in Moustache & Beard Scissors #4 in Razor Blades,49%,25%,11%,4%,11%,https://amazon.in/Cordless-Trimmer-settings-Charging-Warranty/product-reviews/B098P8NRRW/ref=cm_cr_dp_d_show_all_btm?ie=UTF8&reviewerType=all_reviews,Not available,Bombay Shaving Company,Not available,Beard Trimmer,Not available,Not available,1 count,Not available,Not available,25 x 15 x 10 cm; 200 Grams,5 July 2021,"‎ Visage Lines Personal care Private Limited, F-213-B, First Floor, Old M.B. Road, Lado Sarai, Delhi-110030, Contact No: 07303488233",B098P8NRRW,Beard Trimmer,China,"‎ Visage Lines Personal care Private Limited, F-213-B, First Floor, Old M.B. Road, Lado Sarai, Delhi-110030, Contact No: 07303488233","F-213-B, First Floor, Old M.B. Road, Lado Sarai, Delhi-110030, Contact No: 07303488233",200 g,25 x 15 x 10 Centimeters,"Beard Trimmer,2 comb,USB Charging Cabel,Oil,Cleansing Brush",Black,Beard Trimmer,Not available,Not available,Not available,Not available,Not available,Not available,Not available,Not available,Cordless,Corded Electric,Black Trimmer,80 Minutes,Alloy Steel,Not available
"Bombay Shaving Company Feather Razor Blades, Platinum Coated (Pack of 20)",https://m.media-amazon.com/images/I/71-7x2NrMsL._AC_UL400_.jpg,https://amazon.in/Bombay-Shaving-Company-Feather-Blades/dp/B07L2ZSNY3/ref=sr_1_14?crid=1EAMOLVYHA0EG&keywords=Shaving&qid=1681214714&sprefix=suncream%2Caps%2C303&sr=8-14,400,500,4.3,"1,626","  #2,931 in Health & Personal Care (See Top 100 in Health & Personal Care)    #28 in Razor Blades       #28 in Razor Blades",61%,21%,8%,3%,6%,https://amazon.in/Bombay-Shaving-Company-Feather-Blades/product-reviews/B07L2ZSNY3/ref=cm_cr_dp_d_show_all_btm?ie=UTF8&reviewerType=all_reviews,Not available,Bombay Shaving Company,20,Shaving,Adult,"Sensitive, Normal",20 count,20,20,8 x 8 x 8 cm; 30 Grams,2 December 2018,"Visage Lines Personal care Private Limited, Visage Lines Personal Care Pvt. Ltd. F-213-B, First Floor, Old M.B. Road, Lado Sarai, Delhi-110030, Contact No: 07303488233",B07L2ZSNY3,SHAVE_Feather Blades-20,India,"Visage Lines Personal Care Pvt. Ltd. F-213-B, First Floor, Old M.B. Road, Lado Sarai, Delhi-110030, Contact No: 07303488233","Visage Lines Personal Care Pvt. Ltd. F-213-B, First Floor, Old M.B. Road, Lado Sarai, Delhi-110030, Contact No: 07303488233",30 g,8 x 8 x 8 Centimeters,"Feather Razor Blades, Platinum Coated (Pack of 20)",Not available,Razor Blade,Not available,No,Not available,Not available,Not available,Not available,Not available,Not available,Not available,Not available,Not available,Not available,Not available,Not available
Gillette Vector Plus Manual Shaving Razor Blades (Cartridge) - 6s Pack,https://m.media-amazon.com/images/I/81BLTBSxyHL._AC_UL400_.jpg,https://amazon.in/Gillette-Vector-Manual-Shaving-Cartridge/dp/B00JQHKL7U/ref=sr_1_15?crid=1EAMOLVYHA0EG&keywords=Shaving&qid=1681214714&sprefix=suncream%2Caps%2C303&sr=8-15,180,180,4.4,"2,561","  #1,159 in Health & Personal Care (See Top 100 in Health & Personal Care)    #13 in Razor Blades       #13 in Razor Blades",60%,25%,9%,2%,3%,https://amazon.in/Gillette-Vector-Manual-Shaving-Cartridge/product-reviews/B00JQHKL7U/ref=cm_cr_dp_d_show_all_btm?ie=UTF8&reviewerType=all_reviews,Not available,Gillette,6,Shaving,Adult,All,6 count,1,6,10 x 1 x 10.6 cm; 20 Grams,1 January 2017,"Pax Australia Pty. Ltd., Pax Australia Pty. Ltd., 9 Williamson Road, Ingleburn NSW Australia 2565 Contact: 022-24942113",B00JQHKL7U,Vector 6s,Australia,"Procter & Gamble Home Products Private Ltd, Plot No.1, Indl Area, Villate Katha, Baddi, Dist Solan, HP-173205 Comments/Complaints, call CONSUMER RELATIONS on 022-24942113","Procter & Gamble Hygiene and Health Care Limited, P&G Plaza, Cardinal Gracias Road, Chakala, Andheri (E), Mumbai – 400099. Comments/Complaints, call CONSUMER RELATIONS on 022-24942113",20 g,10 x 1 x 10.6 Centimeters,Blades & Razors,Not available,Not available,Not available,No,Not available,Not available,Not available,Not available,Not available,Not available,Not available,Not available,Not available,Not available,Not available,Not available
"Bombay Shaving Company Charcoal Shaving Foam, 266 ml (33% extra) with Activated Charcoal & Moroccan Argan Oil",https://m.media-amazon.com/images/I/61ahizox93L._AC_UL400_.jpg,https://amazon.in/Bombay-Shaving-Company-Activated-Protection/dp/B07WF39DJC/ref=sr_1_16?crid=1EAMOLVYHA0EG&keywords=Shaving&qid=1681214714&sprefix=suncream%2Caps%2C303&sr=8-16,149,245,4.1,"3,425","  #2,467 in Health & Personal Care (See Top 100 in Health & Personal Care)    #26 in Men's Shaving Creams       #26 in Men's Shaving Creams",51%,28%,11%,4%,6%,https://amazon.in/Bombay-Shaving-Company-Activated-Protection/product-reviews/B07WF39DJC/ref=cm_cr_dp_d_show_all_btm?ie=UTF8&reviewerType=all_reviews,Not available,Bombay Shaving Company,Not available,Not available,Adult,All,264.0 gram,1,Not available,56 x 130 x 56 cm; 264 Grams,10 August 2019,"Visage Lines Personal care Private Limited- DL, Visage Lines Personal Care Pvt. Ltd. F-213-B, First Floor, Old M.B. Road, Lado Sarai, Delhi-110030, Contact No: 07303488233",B07WF39DJC,SHAVE_CHARCOAL_FOAM,India,"Visage Lines Personal Care Pvt. Ltd. F-213-B, First Floor, Old M.B. Road, Lado Sarai, Delhi-110030, Contact No: 07303488233","Visage Lines Personal Care Pvt. Ltd. F-213-B, First Floor, Old M.B. Road, Lado Sarai, Delhi-110030, Contact No: 07303488233",264 g,56 x 130 x 56 Centimeters,Charcoal Shaving Foam - 264 gram,Not available,Charcoal Shaving Foam,Not available,No,Foam,Aloe Vera,Not available,Not available,Not available,Not available,Not available,Not available,Not available,Not available,Not available,Not available
Gillette Mach 3 Manual Shaving Razor Blades - 8s Pack (Cartridge),https://m.media-amazon.com/images/I/616dVBpUDgL._AC_UL400_.jpg,https://amazon.in/Gillette-Manual-Shaving-Razor-Blades/dp/B00HYAJQ9K/ref=sr_1_17?crid=1EAMOLVYHA0EG&keywords=Shaving&qid=1681214714&sprefix=suncream%2Caps%2C303&sr=8-17,875,949,4.4,"4,031","  #2,144 in Health & Personal Care (See Top 100 in Health & Personal Care)    #22 in Razor Blades       #22 in Razor Blades",61%,26%,8%,2%,3%,https://amazon.in/Gillette-Manual-Shaving-Razor-Blades/product-reviews/B00HYAJQ9K/ref=cm_cr_dp_d_show_all_btm?ie=UTF8&reviewerType=all_reviews,Not available,Gillette,8,Shaving,Adult,Combination,8 count,1,8,0.99 x 0.2 x 1.09 cm; 57 Grams,1 January 2017,"Pax Australia Pty. Ltd., Pax Australia Pty. Ltd., 9 Williamson Road, Ingleburn NSW Australia 2565 Contact: 022-24942113",B00HYAJQ9K,82166911,Australia,"Procter & Gamble Home Products Private Ltd, Plot No.1, Indl Area, Villate Katha, Baddi, Dist Solan, HP-173205 Comments/Complaints, call CONSUMER RELATIONS on 022-24942113","Procter & Gamble Hygiene and Health Care Limited, P&G Plaza, Cardinal Gracias Road, Chakala, Andheri (E), Mumbai – 400099. Comments/Complaints, call CONSUMER RELATIONS on 022-24942113",57 g,10 x 2 x 11 Millimeters,Blades & Razors,Not available,Not available,Not available,No,Not available,Not available,Not available,Not available,Not available,Not available,Not available,Not available,Not available,Not available,Not available,Not available
Gillette Mach 3 Manual Shaving Razor Blades - 2s Pack (Cartridge),https://m.media-amazon.com/images/I/611-ClXIY6L._AC_UL400_.jpg,https://amazon.in/Gillette-Manual-Shaving-Razor-Blades/dp/B00G4UDTXU/ref=sr_1_18?crid=1EAMOLVYHA0EG&keywords=Shaving&qid=1681214714&sprefix=suncream%2Caps%2C303&sr=8-18,260,260,4.4,"7,381",  #492 in Health & Personal Care (See Top 100 in Health & Personal Care)    #6 in Razor Blades       #6 in Razor Blades,60%,25%,9%,2%,4%,https://amazon.in/Gillette-Manual-Shaving-Razor-Blades/product-reviews/B00G4UDTXU/ref=cm_cr_dp_d_show_all_btm?ie=UTF8&reviewerType=all_reviews,Not available,Gillette,3,Shaving,Adult,Combination,2 count,1,2,10.5 x 2.5 x 11.3 cm; 33 Grams,25 October 2013,"Pax Australia Pty. Ltd., Pax Australia Pty. Ltd., 9 Williamson Road, Ingleburn NSW Australia 2565 Contact: 022-24942113",B00G4UDTXU,Mach 3 Cart 2s,Australia,"Procter & Gamble Home Products Private Ltd, Plot No.1, Indl Area, Villate Katha, Baddi, Dist Solan, HP-173205 Comments/Complaints, call CONSUMER RELATIONS on 022-24942113","Procter & Gamble Hygiene and Health Care Limited, P&G Plaza, Cardinal Gracias Road, Chakala, Andheri (E), Mumbai – 400099. Comments/Complaints, call CONSUMER RELATIONS on 022-24942113",33 g,10.5 x 2.5 x 11.3 Centimeters,Blades & Razors,Not available,Not available,Not available,No,Not available,Not available,Not available,Not available,Not available,Not available,Not available,Not available,Not available,Not available,Not available,Not available
Gillette Shaving Brush (1 Piece pack),https://m.media-amazon.com/images/I/71RRx0llxpL._AC_UL400_.jpg,https://amazon.in/Gillette-Shaving-Brush-Piece-pack/dp/B0075JNWXG/ref=sr_1_19?crid=1EAMOLVYHA0EG&keywords=Shaving&qid=1681214714&sprefix=suncream%2Caps%2C303&sr=8-19,70,70,4.3,"2,339","  #1,696 in Health & Personal Care (See Top 100 in Health & Personal Care)    #1 in Shaving Brushes       #1 in Shaving Brushes",56%,27%,11%,2%,3%,https://amazon.in/Gillette-Shaving-Brush-Piece-pack/product-reviews/B0075JNWXG/ref=cm_cr_dp_d_show_all_btm?ie=UTF8&reviewerType=all_reviews,Not available,Not available,Not available,Not available,Not available,Not available,1 count,Not available,Not available,8.5 x 19 x 4 cm; 47 Grams,1 January 2017,"Pax Australia Pty. Ltd., Pax Australia Pty. Ltd., 9 Williamson Road, Ingleburn NSW Australia 2565 Contact: 022-24942113",B0075JNWXG,Gil SBR,Australia,"Procter & Gamble Home Products Private Ltd, Plot No.1, Indl Area, Villate Katha, Baddi, Dist Solan, HP-173205 Comments/Complaints, call CONSUMER RELATIONS on 022-24942113","Procter & Gamble Hygiene and Health Care Limited, P&G Plaza, Cardinal Gracias Road, Chakala, Andheri (E), Mumbai – 400099. Comments/Complaints, call CONSUMER RELATIONS on 022-24942113",47 g,8.5 x 19 x 4 Centimeters,Shaving Brush,Not available,Not available,Not available,No,Not available,Not available,Not available,Not available,Not available,Not available,Not available,Not available,Not available,Not available,Not available,Not available
Gillette Fusion Proglide Razor for Men | Pack of 1 | with styling back blade for Perfect Shave and Perfect Beard Shape,https://m.media-amazon.com/images/I/61WhL8ie9nL._AC_UL400_.jpg,https://amazon.in/Gillette-Flexball-Fusion-Glide-Razor/dp/B00J2AP9F0/ref=sr_1_20?crid=1EAMOLVYHA0EG&keywords=Shaving&qid=1681214714&sprefix=suncream%2Caps%2C303&sr=8-20,411,549,4.5,"6,130",  #378 in Health & Personal Care (See Top 100 in Health & Personal Care)    #3 in Men's Cartridge Razors       #3 in Men's Cartridge Razors,66%,22%,7%,2%,3%,https://amazon.in/Gillette-Flexball-Fusion-Glide-Razor/product-reviews/B00J2AP9F0/ref=cm_cr_dp_d_show_all_btm?ie=UTF8&reviewerType=all_reviews,Not available,Gillette,5,Not available,Not available,Combination,1 count,1,Not available,2.87 x 10.01 x 19.86 cm; 50 Grams,1 January 2017,"Gillette, Pax Australia Pty. Ltd., 9 Williamson Road, Ingleburn NSW Australia 2565 Contact: 022-24942113",B00J2AP9F0,81468462,Australia,"Procter & Gamble Home Products Private Ltd, Plot No.1, Indl Area, Villate Katha, Baddi, Dist Solan, HP-173205 Comments/Complaints, call CONSUMER RELATIONS on 022-24942113","Procter & Gamble Hygiene and Health Care Limited, P&G Plaza, Cardinal Gracias Road, Chakala, Andheri (E), Mumbai – 400099. Comments/Complaints, call CONSUMER RELATIONS on 022-24942113",50 g,29 x 100 x 199 Millimeters,Blades & Razors,Not available,Blades & Razors,1 AA batteries required.,No,Not available,Not available,Not available,Not available,Not available,Not available,Not available,Not available,Not available,Not available,Not available,Not available
Gillette Fusion Manual Razor for Men with styling back blade | Pack of 1 | For Perfect Shave and Perfect Beard Shape,https://m.media-amazon.com/images/I/71YpFdK5aHL._AC_UL400_.jpg,https://amazon.in/sspa/click?ie=UTF8&spc=MTo2MDQ5NTc4ODc1MjUxNTM0OjE2ODEyMTQ3MTQ6c3BfbXRmOjIwMTI0MzcwMTQ5Mzk4OjowOjo&url=%2FGillette-75069679-Fusion-Manual-Razor%2Fdp%2FB001XURGVM%2Fref%3Dsr_1_21_sspa%3Fcrid%3D1EAMOLVYHA0EG%26keywords%3DShaving%26qid%3D1681214714%26sprefix%3Dsuncream%252Caps%252C303%26sr%3D8-21-spons%26sp_csd%3Dd2lkZ2V0TmFtZT1zcF9tdGY%26psc%3D1,319,399,4.4,"4,324",  #774 in Health & Personal Care (See Top 100 in Health & Personal Care)    #6 in Men's Cartridge Razors       #6 in Men's Cartridge Razors,64%,22%,8%,2%,4%,https://amazon.in/Gillette-75069679-Fusion-Manual-Razor/product-reviews/B001XURGVM/ref=cm_cr_dp_d_show_all_btm?ie=UTF8&reviewerType=all_reviews,Not available,Gillette,5,Not available,Not available,Sensitive,1 count,1,Not available,10.3 x 4.8 x 20 cm; 60 Grams,1 January 2017,"Procter & Gamble, Pax Australia Pty. Ltd., 9 Williamson Road, Ingleburn NSW Australia 2565 Contact: 022-24942113",B001XURGVM,75069679,Australia,"Procter & Gamble Home Products Private Ltd, Plot No.1, Indl Area, Villate Katha, Baddi, Dist Solan, HP-173205 Comments/Complaints, call CONSUMER RELATIONS on 022-24942113","Procter & Gamble Hygiene and Health Care Limited, P&G Plaza, Cardinal Gracias Road, Chakala, Andheri (E), Mumbai – 400099. Comments/Complaints, call CONSUMER RELATIONS on 022-24942113",60 g,10.3 x 4.8 x 20 Centimeters,Blades & Razors,Not available,Manual Razor,Not available,No,Not available,Not available,Not available,Not available,Not available,Not available,Not available,Not available,Not available,Not available,Not available,Not available
GILLETTE Mach 3 Shaving Razor (Handle + 2 Cartridge),https://m.media-amazon.com/images/I/61mr4rOOm5S._AC_UL400_.jpg,https://amazon.in/sspa/click?ie=UTF8&spc=MTo2MDQ5NTc4ODc1MjUxNTM0OjE2ODEyMTQ3MTQ6c3BfbXRmOjIwMTI0NDIxNjQ5MDk4OjowOjo&url=%2FGillette-Shaving-Razor-Blade-Cartridge%2Fdp%2FB07VGXW717%2Fref%3Dsr_1_22_sspa%3Fcrid%3D1EAMOLVYHA0EG%26keywords%3DShaving%26qid%3D1681214714%26sprefix%3Dsuncream%252Caps%252C303%26sr%3D8-22-spons%26sp_csd%3Dd2lkZ2V0TmFtZT1zcF9tdGY%26psc%3D1,308,385,4.4,"10,108",  #252 in Health & Personal Care (See Top 100 in Health & Personal Care)    #2 in Men's Cartridge Razors       #2 in Men's Cartridge Razors,62%,25%,8%,2%,3%,https://amazon.in/Gillette-Shaving-Razor-Blade-Cartridge/product-reviews/B07VGXW717/ref=cm_cr_dp_d_show_all_btm?ie=UTF8&reviewerType=all_reviews,Not available,Gillette,4,Not available,Not available,All,2 count,1,Not available,4.5 x 10.3 x 17.3 cm; 123 Grams,19 July 2019,"Gillette, Gillette Poland International SP. z o.o., Ul. Nowy Józefów 70, 94-406 łódź, Poland. Contact: 022-24942113",B07VGXW717,82302880,Poland,"Procter & Gamble Home Products Private Ltd, Plot No.1, Indl Area, Villate Katha, Baddi, Dist Solan, HP-173205 Comments/Complaints, call CONSUMER RELATIONS on 022-24942113","Procter & Gamble Hygiene and Health Care Limited, P&G Plaza, Cardinal Gracias Road, Chakala, Andheri (E), Mumbai – 400099. Comments/Complaints, call CONSUMER RELATIONS on 022-24942113",123 g,45 x 103 x 173 Millimeters,Blades & Razors,Not available,Not available,Not available,Not available,Not available,Not available,Not available,Not available,Not available,Not available,Not available,Not available,Not available,Not available,Not available,Not available
Gillette Fusion Manual Blades for men - 6 count for Perfect Shave and Perfect Beard Shape with styling back blade,https://m.media-amazon.com/images/I/61ah-LO9ASL._AC_UL400_.jpg,https://amazon.in/sspa/click?ie=UTF8&spc=MTo2MDQ5NTc4ODc1MjUxNTM0OjE2ODEyMTQ3MTQ6c3BfbXRmOjIwMTI0Mzc5MTYwNjk4OjowOjo&url=%2FGillette-Fusion-Shaving-Blades-Cartridges%2Fdp%2FB07VGXL32B%2Fref%3Dsr_1_23_sspa%3Fcrid%3D1EAMOLVYHA0EG%26keywords%3DShaving%26qid%3D1681214714%26sprefix%3Dsuncream%252Caps%252C303%26sr%3D8-23-spons%26sp_csd%3Dd2lkZ2V0TmFtZT1zcF9tdGY%26psc%3D1,"1,240","1,410",4.5,"3,421",  #454 in Health & Personal Care (See Top 100 in Health & Personal Care)    #5 in Razor Blades       #5 in Razor Blades,69%,19%,7%,1%,4%,https://amazon.in/Gillette-Fusion-Shaving-Blades-Cartridges/product-reviews/B07VGXL32B/ref=cm_cr_dp_d_show_all_btm?ie=UTF8&reviewerType=all_reviews,Not available,Gillette,Not available,"Shave―even,Shaving",Adult,All,6 count,1,1,11.2 x 4.3 x 17.3 cm; 116 Grams,19 July 2019,"Gillete poland international Sp.zo.o., Gillette Poland International SP. z o.o., Ul. Nowy Józefów 70, 94-406 łódź, Poland. Contact: 022-24942113",B07VGXL32B,82302873,Poland,"Procter & Gamble Home Products Private Ltd, Plot No.1, Indl Area, Villate Katha, Baddi, Dist Solan, HP-173205 Comments/Complaints, call CONSUMER RELATIONS on 022-24942113","Procter & Gamble Hygiene and Health Care Limited, P&G Plaza, Cardinal Gracias Road, Chakala, Andheri (E), Mumbai – 400099. Comments/Complaints, call CONSUMER RELATIONS on 022-24942113",116 g,11.2 x 4.3 x 17.3 Centimeters,Blades & Razors,Not available,Not available,Not available,Not available,Not available,Not available,Not available,Not available,Not available,Not available,Not available,Not available,Not available,Not available,Not available,Not available
Kloze Advance 5 | Shaving Razor for Men| 1 Handle + 2 Trimmer Blades (Cartridges) | Easy & Smooth Shave with 5 Blades,https://m.media-amazon.com/images/I/81UZNtwhEFL._AC_UL400_.jpg,https://amazon.in/sspa/click?ie=UTF8&spc=MTo2MDQ5NTc4ODc1MjUxNTM0OjE2ODEyMTQ3MTQ6c3BfbXRmOjIwMTA0ODQ3ODUyNzk4OjowOjo&url=%2FAdvance-Shaving-Blades-Trimmer-Cartridges%2Fdp%2FB0B2QQBSWJ%2Fref%3Dsr_1_24_sspa%3Fcrid%3D1EAMOLVYHA0EG%26keywords%3DShaving%26qid%3D1681214714%26sprefix%3Dsuncream%252Caps%252C303%26sr%3D8-24-spons%26sp_csd%3Dd2lkZ2V0TmFtZT1zcF9tdGY%26psc%3D1,270,375,3.7,777,Not available,Not available,Not available,Not available,Not available,Not available,https://amazon.inundefined,Not available,Not available,Not available,Not available,Not available,Not available,Not available,Not available,Not available,Not available,Not available,Not available,Not available,Not available,Not available,Not available,Not available,Not available,Not available,Not available,Not available,Not available,Not available,Not available,Not available,Not available,Not available,Not available,Not available,Not available,Not available,Not available,Not available,Not available,Not available,Not available
Unikveda Hydrating n Nourishing Non Foaming Shaving Gel for Men With Aloe Vera n Glycerin | Transparent Shave Gel For Maximum Visibility n Smooth Beard Shaving | Vegan n Paraben Free | 450 Grams,https://m.media-amazon.com/images/I/61Pd+KL5wzL._AC_UL400_.jpg,https://amazon.in/Unikveda-Hydrating-Nourishing-Transparent-Visibility/dp/B09NFV6GDP/ref=sr_1_25?crid=1EAMOLVYHA0EG&keywords=Shaving&qid=1681214714&sprefix=suncream%2Caps%2C303&sr=8-25,280,280,3.8,86,"  #5,351 in Health & Personal Care (See Top 100 in Health & Personal Care)    #49 in Men's Shaving Creams       #49 in Men's Shaving Creams",41%,26%,14%,8%,11%,https://amazon.in/Unikveda-Hydrating-Nourishing-Transparent-Visibility/product-reviews/B09NFV6GDP/ref=cm_cr_dp_d_show_all_btm?ie=UTF8&reviewerType=all_reviews,Not available,Not available,Not available,Not available,Not available,Not available,1.00 count,Not available,Not available,8 x 7 x 20 cm; 500 Grams,11 December 2021,UNIKVEDA,B09NFV6GDP,Not available,India,Not available,Not available,500 g,8 x 7 x 20 Centimeters,Not available,Not available,Shaving Gel,Not available,Not available,Not available,Not available,Not available,Not available,Not available,Not available,Not available,Not available,Not available,Not available,Not available,UNIKVEDA NON FOAMING SHAVING GEL 450GMS
GILLETTE SHAVING GEL COMFORT GLIDE 195g,https://m.media-amazon.com/images/I/617XOyhwUTL._AC_UL400_.jpg,https://amazon.in/GILLETTE-SHAVING-COMFORT-GLIDE-195g/dp/B09QL3BFT2/ref=sr_1_26?crid=1EAMOLVYHA0EG&keywords=Shaving&qid=1681214714&sprefix=suncream%2Caps%2C303&sr=8-26,269,299,4.4,300,Not available,63%,21%,10%,3%,4%,https://amazon.in/GILLETTE-SHAVING-COMFORT-GLIDE-195g/product-reviews/B09QL3BFT2?reviewerType=all_reviews,Not available,Gillette,Not available,Not available,Adult,All,195.0 gram,Not available,Not available,Not available,Not available,Not available,Not available,Not available,Not available,Not available,Not available,195 Grams,Not available,Not available,Not available,Not available,Not available,Not available,Cream,Not available,Not available,Not available,Not available,Not available,Not available,Not available,Not available,Not available,Not available,Not available
Gillette Classic Regular Pre Shave Foam - 50 g,https://m.media-amazon.com/images/I/71QYEGzB6CL._AC_UL400_.jpg,https://amazon.in/Gillette-Classic-Regular-Shave-Foam/dp/B00CGVFFS8/ref=sr_1_27?crid=1EAMOLVYHA0EG&keywords=Shaving&qid=1681214714&sprefix=suncream%2Caps%2C303&sr=8-27,81,90,4.4,818,  #958 in Health & Personal Care (See Top 100 in Health & Personal Care)    #1 in Men's Shaving Foams   #7 in Men's Shaving Creams       #1 in Men's Shaving Foams #7 in Men's Shaving Creams,60%,25%,8%,2%,4%,https://amazon.in/Gillette-Classic-Regular-Shave-Foam/product-reviews/B00CGVFFS8/ref=cm_cr_dp_d_show_all_btm?ie=UTF8&reviewerType=all_reviews,Not available,Gillette,Not available,Not available,Adult,All,50.0 gram,Not available,Not available,2.2 x 11.4 x 2.6 cm; 0.05 Grams,1 January 2017,P & G,B00CGVFFS8,Foam (Reg) 50gm,India,Not available,Not available,0.05 g,22 x 114 x 26 Millimeters,Not available,Not available,Not available,Not available,No,Foam,Menthol,Not available,Not available,Not available,Not available,Not available,Not available,Not available,Not available,Not available,Not available
Bombay Shaving Company Fitkari After Shave Gel For Men -100g,https://m.media-amazon.com/images/I/71vgFvTxhEL._AC_UL400_.jpg,https://amazon.in/Bombay-Shaving-Company-Fitkari-After/dp/B08WQ4PNXV/ref=sr_1_28?crid=1EAMOLVYHA0EG&keywords=Shaving&qid=1681214714&sprefix=suncream%2Caps%2C303&sr=8-28,170,245,4.0,"2,279","  #1,682 in Health & Personal Care (See Top 100 in Health & Personal Care)    #1 in After Shave Gels       #1 in After Shave Gels",45%,28%,14%,6%,7%,https://amazon.in/Bombay-Shaving-Company-Fitkari-After/product-reviews/B08WQ4PNXV/ref=cm_cr_dp_d_show_all_btm?ie=UTF8&reviewerType=all_reviews,Not available,Bombay Shaving Company,Not available,Not available,Not available,All,100.0 gram,1,Not available,10 x 10 x 5 cm; 100 Grams,16 February 2021,"BO International, Visage Lines Personal Care Pvt. Ltd. F-213-B, First Floor, Old M.B. Road, Lado Sarai, Delhi-110030",B08WQ4PNXV,SHAVE_FITKARI_GEL_100,India,"Visage Lines Personal Care Pvt. Ltd. F-213-B, First Floor, Old M.B. Road, Lado Sarai, Delhi-110030","Visage Lines Personal Care Pvt. Ltd. F-213-B, First Floor, Old M.B. Road, Lado Sarai, Delhi-110030",100 g,10 x 10 x 5 Centimeters,Fitkari Gel,Not available,Fitkari After Shave Gel,Not available,Not available,Gel,Fitkari gel 100g,Aloe vera & Witch hazel,Face,Aloe Vera,Paraben Free,Not available,Not available,Not available,Not available,Not available,Not available
"AXE Denim Lather Shaving Cream, 60 g (with 30% Extra)",https://m.media-amazon.com/images/I/51Ea-G26llL._AC_UL400_.jpg,https://amazon.in/AXE-Denim-Lather-Shaving-Cream/dp/B006LXDEE4/ref=sr_1_29_mod_primary_new?crid=1EAMOLVYHA0EG&keywords=Shaving&qid=1681214714&sbo=RZvfv%2F%2FHxDF%2BO5021pAnSA%3D%3D&sprefix=suncream%2Caps%2C303&sr=8-29,6168,89,4.3,"2,399",Not available,54%,28%,11%,4%,3%,https://amazon.in/AXE-Denim-Lather-Shaving-Cream/product-reviews/B006LXDEE4?reviewerType=all_reviews,Not available,AXE,Not available,Not available,Adult,All,60.0 gram,1,Not available,Not available,Not available,Not available,Not available,Not available,Not available,Not available,Not available,60 Grams,Not available,Not available,Not available,Not available,Not available,Not available,Cream,Citrus,Not available,Not available,Not available,Not available,Not available,Not available,Not available,Not available,Not available,Not available
Bombay Shaving Company Hair Removal Razor for Women (Pack of 3) | Safe and Hygienic | Experience Close and Irritation-Free Shaves | Aloe Vera and Vitamin E,https://m.media-amazon.com/images/I/71AGPufU1HL._AC_UL400_.jpg,https://amazon.in/Bombay-Shaving-Company-Experience-irritation-free/dp/B09516VQRR/ref=sr_1_30?crid=1EAMOLVYHA0EG&keywords=Shaving&qid=1681214714&sprefix=suncream%2Caps%2C303&sr=8-30,189,225,3.8,363,"  #2,204 in Health & Personal Care (See Top 100 in Health & Personal Care)    #16 in Women's Cartridge Razors   #22 in Men's Shaving Creams       #16 in Women's Cartridge Razors #22 in Men's Shaving Creams",43%,20%,19%,7%,11%,https://amazon.in/Bombay-Shaving-Company-Experience-irritation-free/product-reviews/B09516VQRR/ref=cm_cr_dp_d_show_all_btm?ie=UTF8&reviewerType=all_reviews,Not available,Not available,Not available,Not available,Not available,Not available,3 count,Not available,Not available,25 x 15 x 10 cm; 200 Grams,15 May 2021,"Visage Lines Personal Care Pvt. Ltd., Visage Lines Personal Care Pvt. Ltd. F-213-B, First Floor, Old M.B. Road, Lado Sarai, Delhi-110030",B09516VQRR,SHAVE_DISPOSABLE_RZR_3PCS,India,"Visage Lines Personal Care Pvt. Ltd. F-213-B, First Floor, Old M.B. Road, Lado Sarai, Delhi-110030","Visage Lines Personal Care Pvt. Ltd. F-213-B, First Floor, Old M.B. Road, Lado Sarai, Delhi-110030",200 g,25 x 15 x 10 Centimeters,Disposable Razor Pack of 3,Not available,Disposable Razor (Pack of 3),Not available,Not available,Not available,Not available,Not available,Not available,Not available,Not available,Not available,Not available,Not available,Not available,Not available,Not available
Gillette Guard Manual Shaving Razor Blades - 6 Cartridges,https://m.media-amazon.com/images/I/41+ir5JI4CL._AC_UL400_.jpg,https://amazon.in/Gillette-Guard-Manual-Shaving-Blades/dp/B01FJTGAY6/ref=sr_1_31?crid=1EAMOLVYHA0EG&keywords=Shaving&qid=1681214714&sprefix=suncream%2Caps%2C303&sr=8-31,55,55,4.5,343,"  #3,179 in Health & Personal Care (See Top 100 in Health & Personal Care)    #29 in Razor Blades       #29 in Razor Blades",68%,19%,8%,1%,4%,https://amazon.in/Gillette-Guard-Manual-Shaving-Blades/product-reviews/B01FJTGAY6/ref=cm_cr_dp_d_show_all_btm?ie=UTF8&reviewerType=all_reviews,Not available,Gillette,1,Shaving,Adult,All,6 count,1,6,12.7 x 10.2 x 2.5 cm; 20 Grams,12 May 2016,Procter and Gamble,B01FJTGAY6,Guard Cart 6s SBD,Not available,Not available,Not available,20 g,12.7 x 10.2 x 2.5 Centimeters,Not available,Not available,Not available,Not available,No,Not available,Not available,Not available,Not available,Not available,Not available,Not available,Not available,Not available,Not available,Not available,Not available
Park Avenue Essential Grooming Collection 7 in 1 Combo Grooming Kit for men | Gift Set for men | Gift Hamper for men,https://m.media-amazon.com/images/I/71Zral8OYUL._AC_UL400_.jpg,https://amazon.in/Park-Avenue-Essential-Grooming-kit/dp/B00G23S3S0/ref=sr_1_32?crid=1EAMOLVYHA0EG&keywords=Shaving&qid=1681214714&sprefix=suncream%2Caps%2C303&sr=8-32,262,460,4.2,"5,244",Not available,54%,25%,11%,4%,6%,https://amazon.in/Park-Avenue-Essential-Grooming-kit/product-reviews/B00G23S3S0?reviewerType=all_reviews,Not available,Not available,Not available,Not available,Not available,Not available,Not available,Not available,Not available,Not available,Not available,Not available,Not available,Not available,Not available,Not available,Not available,Not available,Not available,Not available,Not available,Not available,Not available,Not available,Not available,Not available,Not available,Not available,Not available,Not available,Not available,Not available,Not available,Not available,Not available,Not available
"LetsShave Pro 3 Plus Disposable Shaving Razor for Men, Triple Blade Razor with Rubber Grip Handle and Safety Cap, Pack of 5",https://m.media-amazon.com/images/I/71isgKcjNKL._AC_UL400_.jpg,https://amazon.in/LetsShave-Disposable-Shaving-Triple-5-Count/dp/B07Q7ZWH6B/ref=sr_1_33?crid=1EAMOLVYHA0EG&keywords=Shaving&qid=1681214714&sprefix=suncream%2Caps%2C303&sr=8-33,179,199,3.8,"1,692",Not available,Not available,Not available,Not available,Not available,Not available,https://amazon.inundefined,Not available,Not available,Not available,Not available,Not available,Not available,Not available,Not available,Not available,Not available,Not available,Not available,Not available,Not available,Not available,Not available,Not available,Not available,Not available,Not available,Not available,Not available,Not available,Not available,Not available,Not available,Not available,Not available,Not available,Not available,Not available,Not available,Not available,Not available,Not available,Not available
Kloze Advance 5 | Shaving Razor for Men| 1 Handle + 2 Trimmer Blades (Cartridges) | Easy & Smooth Shave with 5 Blades,https://m.media-amazon.com/images/I/81UZNtwhEFL._AC_UL400_.jpg,https://amazon.in/Advance-Shaving-Blades-Trimmer-Cartridges/dp/B0B2QQBSWJ/ref=sr_1_34?crid=1EAMOLVYHA0EG&keywords=Shaving&qid=1681214714&sprefix=suncream%2Caps%2C303&sr=8-34,270,375,3.7,777,Not available,Not available,Not available,Not available,Not available,Not available,https://amazon.inundefined,Not available,Not available,Not available,Not available,Not available,Not available,Not available,Not available,Not available,Not available,Not available,Not available,Not available,Not available,Not available,Not available,Not available,Not available,Not available,Not available,Not available,Not available,Not available,Not available,Not available,Not available,Not available,Not available,Not available,Not available,Not available,Not available,Not available,Not available,Not available,Not available
Pink Woolf Luxury Shaving Soap | For a True Wet Traditional Shaving Experience | Fresh Fragrance | With Shea Butter to Moisturize Skin | OCEANIC BLUE | 50gm,https://m.media-amazon.com/images/I/714p144YLqL._AC_UL400_.jpg,https://amazon.in/Pink-Woolf-Luxury-Shaving-Soap/dp/B07RHF4VTK/ref=sr_1_35?crid=1EAMOLVYHA0EG&keywords=Shaving&qid=1681214714&sprefix=suncream%2Caps%2C303&sr=8-35,349,449,4.2,964,Not available,Not available,Not available,Not available,Not available,Not available,https://amazon.inundefined,Not available,Not available,Not available,Not available,Not available,Not available,Not available,Not available,Not available,Not available,Not available,Not available,Not available,Not available,Not available,Not available,Not available,Not available,Not available,Not available,Not available,Not available,Not available,Not available,Not available,Not available,Not available,Not available,Not available,Not available,Not available,Not available,Not available,Not available,Not available,Not available
Bombay Shaving Co Silver Metal Precision Safety Razor for Men with Feather Blades | Men's Gift Set | Shaving Razor for Men,https://m.media-amazon.com/images/I/61g1izv2J5L._AC_UL400_.jpg,https://amazon.in/Bombay-Shaving-Company-Precision-Feather/dp/B01MRHQYHV/ref=sr_1_36?crid=1EAMOLVYHA0EG&keywords=Shaving&qid=1681214714&sprefix=suncream%2Caps%2C303&sr=8-36,999,"1,495",4.0,"2,472","  #2,645 in Health & Personal Care (See Top 100 in Health & Personal Care)    #2 in Men's Safety Razors   #2 in Post-Treatment Kits       #2 in Men's Safety Razors #2 in Post-Treatment Kits",56%,19%,9%,4%,12%,https://amazon.in/Bombay-Shaving-Company-Precision-Feather/product-reviews/B01MRHQYHV/ref=cm_cr_dp_d_show_all_btm?ie=UTF8&reviewerType=all_reviews,Not available,Bombay Shaving Company,1,Not available,Not available,"Sensitive, Normal",1 count,1,Not available,6 x 16 x 6 cm; 220 Grams,9 November 2016,"Visage Lines Personal care Private Limited, Visage Lines Personal Care Pvt. Ltd. F-213-B, First Floor, Old M.B. Road, Lado Sarai, Delhi-110030, Contact No: 07303488233",B01MRHQYHV,Shaving Razor for Men,India,"Visage Lines Personal Care Pvt. Ltd. F-213-B, First Floor, Old M.B. Road, Lado Sarai, Delhi-110030, Contact No: 07303488233","Visage Lines Personal Care Pvt. Ltd. F-213-B, First Floor, Old M.B. Road, Lado Sarai, Delhi-110030, Contact No: 07303488233",220 g,6 x 16 x 6 Centimeters,Precision Safety Razor + 5 Blades,Not available,Razor For men,Not available,No,Not available,Not available,Not available,Not available,Not available,Not available,Not available,Not available,Not available,Not available,Not available,Not available
"Bombay Shaving Company Turmeric Shaving Foam,266 ml (33% Extra) with Turmeric & Sandalwood",https://m.media-amazon.com/images/I/41-Gr+506qL._AC_UL400_.jpg,https://amazon.in/Bombay-Shaving-Company-Turmeric-Accessories/dp/B084VKRZSW/ref=sr_1_37?crid=1EAMOLVYHA0EG&keywords=Shaving&qid=1681214714&sprefix=suncream%2Caps%2C303&sr=8-37,149,345,4.0,"2,303",Not available,Not available,Not available,Not available,Not available,Not available,https://amazon.inundefined,Not available,Not available,Not available,Not available,Not available,Not available,Not available,Not available,Not available,Not available,Not available,Not available,Not available,Not available,Not available,Not available,Not available,Not available,Not available,Not available,Not available,Not available,Not available,Not available,Not available,Not available,Not available,Not available,Not available,Not available,Not available,Not available,Not available,Not available,Not available,Not available
"LetsShave Shave Foam Menthol for Men- 200 gm x 2, Coconut Oil Enriched - | Shaving Foam with Skin Nourishing Agents for Sensitive Skin | No artificial color and No alcohol | 200 g Each, Pack of 2",https://m.media-amazon.com/images/I/71LeXcjP2lL._AC_UL400_.jpg,https://amazon.in/LetsShave-Shave-Foam-200-Pack/dp/B07MNFWL11/ref=sr_1_38?crid=1EAMOLVYHA0EG&keywords=Shaving&qid=1681214714&sprefix=suncream%2Caps%2C303&sr=8-38,189,498,4.1,"1,416",Not available,51%,27%,12%,4%,6%,https://amazon.in/LetsShave-Shave-Foam-200-Pack/product-reviews/B07MNFWL11?reviewerType=all_reviews,Not available,Not available,Not available,Not available,Not available,Not available,Not available,Not available,Not available,Not available,Not available,Not available,Not available,Not available,Not available,Not available,Not available,Not available,Not available,Not available,Not available,Not available,Not available,Not available,Not available,Not available,Not available,Not available,Not available,Not available,Not available,Not available,Not available,Not available,Not available,Not available
"Bombae Face Razor for women | Painless and Instant Biodegradable face and eyebrow razor for women | 5-in-1 Women Razor for Eyebrow, Upper Lip, Forehead, Peach Fuzz, Chin | Safe for all skin types|Dermaplaning Tool",https://m.media-amazon.com/images/I/61PMm-K8IgL._AC_UL400_.jpg,https://amazon.in/Bombay-Shaving-Company-Reusable-Biodegradable/dp/B08WRN1R2L/ref=sr_1_39?crid=1EAMOLVYHA0EG&keywords=Shaving&qid=1681214714&sprefix=suncream%2Caps%2C303&sr=8-39,279,499,4.2,"2,147",Not available,Not available,Not available,Not available,Not available,Not available,https://amazon.inundefined,Not available,Not available,Not available,Not available,Not available,Not available,Not available,Not available,Not available,Not available,Not available,Not available,Not available,Not available,Not available,Not available,Not available,Not available,Not available,Not available,Not available,Not available,Not available,Not available,Not available,Not available,Not available,Not available,Not available,Not available,Not available,Not available,Not available,Not available,Not available,Not available
"Gillette Sensitive Shave Gel, Deep Comfort | 0% Paraben | 195 g, White",https://m.media-amazon.com/images/I/617E8xfwPhL._AC_UL400_.jpg,https://amazon.in/Gillette-Sensitive-Shave-Comfort-Paraben/dp/B09QL4CYJS/ref=sr_1_40?crid=1EAMOLVYHA0EG&keywords=Shaving&qid=1681214714&sprefix=suncream%2Caps%2C303&sr=8-40,315,350,4.4,339,Not available,60%,27%,8%,1%,4%,https://amazon.in/Gillette-Sensitive-Shave-Comfort-Paraben/product-reviews/B09QL4CYJS?reviewerType=all_reviews,Not available,Gillette,Not available,Not available,Adult,Sensitive,196.0 gram,Not available,Not available,Not available,Not available,Not available,Not available,Not available,Not available,Not available,Not available,196 Grams,Not available,Not available,Not available,Not available,Not available,Not available,Cream,Aloe Vera,Not available,Not available,Not available,Not available,Not available,Not available,Not available,Not available,Not available,Not available
"NIVEA MEN Shaving, Sensitive Shaving Foam for Face, 250ml",https://m.media-amazon.com/images/I/51rEUByzDcL._AC_UL400_.jpg,https://amazon.in/Nivea-Men-Sensitive-Shaving-Foam/dp/B00FMUM060/ref=sr_1_41?crid=1EAMOLVYHA0EG&keywords=Shaving&qid=1681214714&sprefix=suncream%2Caps%2C303&sr=8-41,299,299,4.4,"2,272",Not available,Not available,Not available,Not available,Not available,Not available,https://amazon.inundefined,Not available,Not available,Not available,Not available,Not available,Not available,Not available,Not available,Not available,Not available,Not available,Not available,Not available,Not available,Not available,Not available,Not available,Not available,Not available,Not available,Not available,Not available,Not available,Not available,Not available,Not available,Not available,Not available,Not available,Not available,Not available,Not available,Not available,Not available,Not available,Not available
"NIVEA MEN Shaving, Deep Impact Smooth Shaving Foam, 200ml",https://m.media-amazon.com/images/I/51H6VJnzM1L._AC_UL400_.jpg,https://amazon.in/Nivea-Impact-Smooth-Shave-Shaving/dp/B07D9LMCC7/ref=sr_1_42?crid=1EAMOLVYHA0EG&keywords=Shaving&qid=1681214714&sprefix=suncream%2Caps%2C303&sr=8-42,225,225,4.3,"2,195",Not available,Not available,Not available,Not available,Not available,Not available,https://amazon.inundefined,Not available,Not available,Not available,Not available,Not available,Not available,Not available,Not available,Not available,Not available,Not available,Not available,Not available,Not available,Not available,Not available,Not available,Not available,Not available,Not available,Not available,Not available,Not available,Not available,Not available,Not available,Not available,Not available,Not available,Not available,Not available,Not available,Not available,Not available,Not available,Not available
"Yardley London Gentleman Classic Shaving with Aloe Vera Foam, 200g (Pack of 2)",https://m.media-amazon.com/images/I/6102MNEgC5L._AC_UL400_.jpg,https://amazon.in/Yardley-London-Gentleman-Classic-Shaving/dp/B08TN84YX5/ref=sr_1_43?crid=1EAMOLVYHA0EG&keywords=Shaving&qid=1681214714&sprefix=suncream%2Caps%2C303&sr=8-43,315,398,4.0,136,Not available,Not available,Not available,Not available,Not available,Not available,https://amazon.inundefined,Not available,Not available,Not available,Not available,Not available,Not available,Not available,Not available,Not available,Not available,Not available,Not available,Not available,Not available,Not available,Not available,Not available,Not available,Not available,Not available,Not available,Not available,Not available,Not available,Not available,Not available,Not available,Not available,Not available,Not available,Not available,Not available,Not available,Not available,Not available,Not available
Bombay Shaving Co Shaving Brush with Cruelty-Free Imitation Badger Bristles (Polished Black Handle),https://m.media-amazon.com/images/I/81bkAA3b6SL._AC_UL400_.jpg,https://amazon.in/Bombay-Shaving-Company-Brush-Polished/dp/B07HKF17QG/ref=sr_1_44?crid=1EAMOLVYHA0EG&keywords=Shaving&qid=1681214714&sprefix=suncream%2Caps%2C303&sr=8-44,,,4.4,"1,665",Not available,64%,23%,7%,3%,3%,https://amazon.in/Bombay-Shaving-Company-Brush-Polished/product-reviews/B07HKF17QG?reviewerType=all_reviews,Not available,Not available,Not available,Not available,Not available,Not available,Not available,Not available,Not available,Not available,Not available,Not available,Not available,Not available,Not available,Not available,Not available,Not available,Not available,Not available,Not available,Not available,Not available,Not available,Not available,Not available,Not available,Not available,Not available,Not available,Not available,Not available,Not available,Not available,Not available,Not available
Dettol lather shaving cream 60g+18gfree=78g,https://m.media-amazon.com/images/I/51jKKPFayKL._AC_UL400_.jpg,https://amazon.in/Dettol-lather-shaving-cream-18gfree/dp/B002ZVK8LS/ref=sr_1_45_mod_primary_new?crid=1EAMOLVYHA0EG&keywords=Shaving&qid=1681214714&sbo=RZvfv%2F%2FHxDF%2BO5021pAnSA%3D%3D&sprefix=suncream%2Caps%2C303&sr=8-45,7082,85₹85,4.2,"2,092",Not available,Not available,Not available,Not available,Not available,Not available,https://amazon.inundefined,Not available,Not available,Not available,Not available,Not available,Not available,Not available,Not available,Not available,Not available,Not available,Not available,Not available,Not available,Not available,Not available,Not available,Not available,Not available,Not available,Not available,Not available,Not available,Not available,Not available,Not available,Not available,Not available,Not available,Not available,Not available,Not available,Not available,Not available,Not available,Not available
"Bombay Shaving Co Premium Grooming and Shaving Kit Gift Hamper for Men | Pre Shave Scrub, Shaving Cream, Post Shave Balm, Charcoal Soap, Towel, Shaving Kit Bag | Gift For Men/Husband/Boyfriend",https://m.media-amazon.com/images/I/81xsxPkSkVL._AC_UL400_.jpg,https://amazon.in/Bombay-Shaving-Company-Premium-Charcoal/dp/B08LR6TF53/ref=sr_1_46?crid=1EAMOLVYHA0EG&keywords=Shaving&qid=1681214714&sprefix=suncream%2Caps%2C303&sr=8-46,550,942,4.4,"2,153",Not available,Not available,Not available,Not available,Not available,Not available,https://amazon.inundefined,Not available,Not available,Not available,Not available,Not available,Not available,Not available,Not available,Not available,Not available,Not available,Not available,Not available,Not available,Not available,Not available,Not available,Not available,Not available,Not available,Not available,Not available,Not available,Not available,Not available,Not available,Not available,Not available,Not available,Not available,Not available,Not available,Not available,Not available,Not available,Not available
Gillette Presto Sata Sat Razor- Pack of 5,https://m.media-amazon.com/images/I/71ouk1VpCHL._AC_UL400_.jpg,https://amazon.in/Gillette-Presto-Sata-Razor-Count/dp/B01HBJI2GQ/ref=sr_1_47?crid=1EAMOLVYHA0EG&keywords=Shaving&qid=1681214714&sprefix=suncream%2Caps%2C303&sr=8-47,88,88,4.3,609,Not available,60%,25%,8%,3%,4%,https://amazon.in/Gillette-Presto-Sata-Razor-Count/product-reviews/B01HBJI2GQ?reviewerType=all_reviews,Not available,Gillette,2,Not available,Not available,All,5.00 count,Not available,Not available,Not available,Not available,Not available,Not available,Not available,Not available,Not available,Not available,Not available,Not available,Not available,Blue,Not available,Not available,Not available,Not available,Not available,Not available,Not available,Not available,Not available,Not available,Not available,Not available,Not available,Not available,Not available
Pearl Shaving Double Edge Safety Razor (SS-04 OC (CHROME)) | Proudly Made In India | Classic & Traditional Premium Shaving Kit | Open Comb Shaving Razor | 10 Razor Blade Refills| Valentines Day Gift,https://m.media-amazon.com/images/I/81GKovfDuhL._AC_UL400_.jpg,https://amazon.in/Pearl-Shaving-Double-Safety-Razor/dp/B082WDN8ZW/ref=sr_1_48?crid=1EAMOLVYHA0EG&keywords=Shaving&qid=1681214714&sprefix=suncream%2Caps%2C303&sr=8-48,349,600,4.1,"2,010",Not available,Not available,Not available,Not available,Not available,Not available,https://amazon.inundefined,Not available,Not available,Not available,Not available,Not available,Not available,Not available,Not available,Not available,Not available,Not available,Not available,Not available,Not available,Not available,Not available,Not available,Not available,Not available,Not available,Not available,Not available,Not available,Not available,Not available,Not available,Not available,Not available,Not available,Not available,Not available,Not available,Not available,Not available,Not available,Not available
"Bombay Shaving Company Sensitive Shaving Foam,266 ml (33% Extra) with Aloe Vera & Oats (Aloe Vera)",https://m.media-amazon.com/images/I/61Rr0+pCgjL._AC_UL400_.jpg,https://amazon.in/Bombay-Shaving-Company-Sensitive-Accessories/dp/B084VKT9K3/ref=sr_1_49?crid=1EAMOLVYHA0EG&keywords=Shaving&qid=1681214714&sprefix=suncream%2Caps%2C303&sr=8-49,148,275,4.1,"1,857",Not available,Not available,Not available,Not available,Not available,Not available,https://amazon.inundefined,Not available,Not available,Not available,Not available,Not available,Not available,Not available,Not available,Not available,Not available,Not available,Not available,Not available,Not available,Not available,Not available,Not available,Not available,Not available,Not available,Not available,Not available,Not available,Not available,Not available,Not available,Not available,Not available,Not available,Not available,Not available,Not available,Not available,Not available,Not available,Not available
Gillette Mach 3 Shaving Blades- Pack of 6 (Cartridges),https://m.media-amazon.com/images/I/71GmLK9g0-S._AC_UL400_.jpg,https://amazon.in/Gillette-Mach-Shaving-Blades-Cartridges/dp/B07VGXVZ63/ref=sr_1_50?crid=1EAMOLVYHA0EG&keywords=Shaving&qid=1681214714&sprefix=suncream%2Caps%2C303&sr=8-50,656,820,4.5,"18,617",Not available,65%,24%,7%,2%,3%,https://amazon.in/Gillette-Mach-Shaving-Blades-Cartridges/product-reviews/B07VGXVZ63?reviewerType=all_reviews,Not available,Gillette,3,Shaving,Adult,All,6 count,1,6,Not available,Not available,Not available,Not available,Not available,Not available,Not available,Not available,Not available,Not available,Not available,Not available,Not available,Not available,Not available,Not available,Not available,Not available,Not available,Not available,Not available,Not available,Not available,Not available,Not available,Not available,Not available
