ProductName,image,link,price,maxretailprice,stars,GlobalRatings,Best Sellers Rank,5 star ratings,4 star ratings,3 star ratings,2 star ratings,1 star ratings,reviewsLink,packageSize,Brand,Item Form,Item Volume,Scent,Special Feature,Product Dimensions,Date First Available,Manufacturer,ASIN,Item model number,Country of Origin,Packer,Item Dimensions LxWxH,Net Quantity,Generic Name,Item Weight,Package Dimensions,Number of Items,Is Discontinued By Manufacturer,Included Components,Item part number,Material Type Free,Material Feature,Importer,Age Range (Description),Fragrance concentration
Bella Vita Luxury Man Perfume Gift Set for Men 4x20 ml Perfumes Luxury Scent with Long Lasting Fragrance,https://m.media-amazon.com/images/I/61W+8YKi2kL._AC_UL320_.jpg,https://amazon.in/sspa/click?ie=UTF8&spc=MTo0NjMyNDM1NjAyNTUwOTczOjE2ODEyMTQ0NjU6c3BfYXRmOjIwMDk2MjA4NzU2OTk4OjowOjo&url=%2FBella-Vita-Organic-Perfumes-Fragrance%2Fdp%2FB09231NL5H%2Fref%3Dsr_1_1_sspa%3Fcrid%3D1EAMOLVYHA0EG%26keywords%3DPerfumes%26qid%3D1681214465%26sprefix%3Dsuncream%252Caps%252C303%26sr%3D8-1-spons%26sp_csd%3Dd2lkZ2V0TmFtZT1zcF9hdGY%26psc%3D1,550,849,4.0,"10,608",  #40 in Beauty     #1 in Fragrance Sets   #1 in Eau de Toilette       #1 in Fragrance Sets #1 in Eau de Toilette,50%,22%,12%,6%,10%,https://amazon.in/Bella-Vita-Organic-Perfumes-Fragrance/product-reviews/B09231NL5H/ref=cm_cr_dp_d_show_all_btm?ie=UTF8&reviewerType=all_reviews,Not available,Bella Vita Organic,Spray,60 Millilitres,Fresh,"Scented, Travel Size, Long lasting",12 x 13 x 2 cm; 0.06 Grams,8 April 2021,"IDAM Natural Wellness Pvt. Ltd., 417, First Floor, Udyog Vihar Phase 3, Sector 20, Gurugram, 122008 Haryana, India",B09231NL5H,MPS-01,India,"IDAM NATURAL WELLNESS PRIVATE LIITED, 417, First Floor, Udyog Vihar Phase 3, Sector 20, Gurugram, 122008 Haryana, India",12 x 13 x 2 Centimeters,80 millilitre,Man Perfume Gift Set,Not available,Not available,Not available,Not available,Not available,Not available,Not available,Not available,Not available,Not available,Not available
Bella Vita Luxury Unisex Luxury Perfume Gift Set 4x20 ML For Men & Women | Luxury Scent with Long Lasting Fragrance Eau De Parfum | SKAI | FRESH | WHITEOUD | PATCHOULI,https://m.media-amazon.com/images/I/61yHSJE-cZL._AC_UL320_.jpg,https://amazon.in/sspa/click?ie=UTF8&spc=MTo0NjMyNDM1NjAyNTUwOTczOjE2ODEyMTQ0NjU6c3BfYXRmOjIwMDk2MjA4NzU2ODk4OjowOjo&url=%2FBella-Vita-Organic-Fragrance-PATCHOULI%2Fdp%2FB09XLK9GVS%2Fref%3Dsr_1_2_sspa%3Fcrid%3D1EAMOLVYHA0EG%26keywords%3DPerfumes%26qid%3D1681214465%26sprefix%3Dsuncream%252Caps%252C303%26sr%3D8-2-spons%26sp_csd%3Dd2lkZ2V0TmFtZT1zcF9hdGY%26psc%3D1,550,849,4.2,"3,786",  #100 in Beauty     #1 in Eau de Parfum   #2 in Perfume   #3 in Fragrance Sets       #1 in Eau de Parfum #2 in Perfume #3 in Fragrance Sets,57%,22%,10%,4%,7%,https://amazon.in/Bella-Vita-Organic-Fragrance-PATCHOULI/product-reviews/B09XLK9GVS/ref=cm_cr_dp_d_show_all_btm?ie=UTF8&reviewerType=all_reviews,Not available,Bella Vita Organic,Liquid,80 Millilitres,Oriental,Aromatherapy,16 x 13.1 x 3.5 cm; 80 Grams,10 April 2022,"IDAM NATURAL WELLNESS PVT LTD, 417, First Floor, Udyog Vihar Phase 3, Sector 20, Gurugram, 122008 Haryana, India",B09XLK9GVS,8906150340428,India,"417, First Floor, Udyog Vihar Phase 3, Sector 20, Gurugram, 122008 Haryana, India",16 x 13.1 x 3.5 Centimeters,80.0 millilitre,Unisex Luxury Perfume Gift Set 4x20 ML,80 g,Not available,Not available,Not available,Not available,Not available,Not available,Not available,Not available,Not available,Not available
"Bella Vita Luxury Trial Pack of 10 x 5ml Pocket Perfumes for Men Women Unisex Fragrance Mix of EDP, EDT & EDC Long Lasting Perfume Sweet, Floral, Woody, Musky & Spicy",https://m.media-amazon.com/images/I/618wYK9lf-L._AC_UL320_.jpg,https://amazon.in/sspa/click?ie=UTF8&spc=MTo0NjMyNDM1NjAyNTUwOTczOjE2ODEyMTQ0NjU6c3BfYXRmOjIwMTI5Nzc4NjIxNTk4OjowOjo&url=%2FBella-Vita-Perfumes-Fragrance-Lasting%2Fdp%2FB0BR3XCDYZ%2Fref%3Dsr_1_3_sspa%3Fcrid%3D1EAMOLVYHA0EG%26keywords%3DPerfumes%26qid%3D1681214465%26sprefix%3Dsuncream%252Caps%252C303%26sr%3D8-3-spons%26sp_csd%3Dd2lkZ2V0TmFtZT1zcF9hdGY%26psc%3D1,349,349,4.3,488,  #200 in Beauty     #2 in Eau de Parfum   #4 in Fragrance Sets   #4 in Perfume       #2 in Eau de Parfum #4 in Fragrance Sets #4 in Perfume,64%,18%,8%,3%,7%,https://amazon.in/Bella-Vita-Perfumes-Fragrance-Lasting/product-reviews/B0BR3XCDYZ/ref=cm_cr_dp_d_show_all_btm?ie=UTF8&reviewerType=all_reviews,Not available,Bella Vita Organic,Liquid,5 Millilitres,Fresh,Organic,24 x 7.2 x 2 cm; 50 Grams,26 December 2022,"IDAM NATURAL WELLNESS PRIVATE LIMITED, IDAM NATURAL WELLNESS PRIVATE LIMITED",B0BR3XCDYZ,8906150342958,India,IDAM NATURAL WELLNESS PRIVATE LIMITED,24 x 7.2 x 2 Centimeters,50.0 millilitre,Ultimate Perfume Trial Pack of 10 x 5ml,50 g,Not available,Not available,Not available,Not available,Not available,Not available,Not available,Not available,Not available,Not available
Villain Perfume For Men 100 Ml - Eau De Parfum - Premium Long Lasting Fragrance Spray - Woody & Spicy,https://m.media-amazon.com/images/I/61LL68H0ymL._AC_UL320_.jpg,https://amazon.in/sspa/click?ie=UTF8&spc=MTo0NjMyNDM1NjAyNTUwOTczOjE2ODEyMTQ0NjU6c3BfYXRmOjIwMDk4MDIxMjczOTk4OjowOjo&url=%2FVillain-Eau-Parfum-Perfume-men%2Fdp%2FB08GFM1X1Y%2Fref%3Dsr_1_4_sspa%3Fcrid%3D1EAMOLVYHA0EG%26keywords%3DPerfumes%26qid%3D1681214465%26sprefix%3Dsuncream%252Caps%252C303%26sr%3D8-4-spons%26sp_csd%3Dd2lkZ2V0TmFtZT1zcF9hdGY%26psc%3D1,549,750,3.8,"21,058",  #279 in Beauty     #3 in Eau de Parfum       #3 in Eau de Parfum,46%,21%,13%,6%,13%,https://amazon.in/Villain-Eau-Parfum-Perfume-men/product-reviews/B08GFM1X1Y/ref=cm_cr_dp_d_show_all_btm?ie=UTF8&reviewerType=all_reviews,Not available,VILLAIN,Spray,100 Millilitres,Wood ,Not Tested On Animals,4.6 x 10.3 x 15.1 cm; 120 Grams,21 August 2020,"Aroma De France, Vadodara, Gujarat, India, Eurolux Fragrances Pvt Ltd",B08GFM1X1Y,Classic-100,India,Eurolux Fragrances Pvt Ltd,46 x 103 x 151 Millimeters,100 millilitre,Perfume - Eau De Parfum,120 g,Not available,Not available,Not available,Not available,Not available,Not available,Not available,Not available,Not available,Not available
"RENEE Eau De Parfum Bloom 8ml, Premium Long Lasting Luxury Perfume Scent for All Occasions, Travel Friendly Mini Perfume",https://m.media-amazon.com/images/I/41VH+kTbEgL._AC_UL320_.jpg,https://amazon.in/RENEE-Eau-Parfum-Bloom-8ml/dp/B0B5N8MTPN/ref=sr_1_5?crid=1EAMOLVYHA0EG&keywords=Perfumes&qid=1681214465&sprefix=suncream%2Caps%2C303&sr=8-5,149,199,4.0,"4,199",  #9 in Beauty     #1 in Perfume       #1 in Perfume,53%,20%,12%,6%,9%,https://amazon.in/RENEE-Eau-Parfum-Bloom-8ml/product-reviews/B0B5N8MTPN/ref=cm_cr_dp_d_show_all_btm?ie=UTF8&reviewerType=all_reviews,Not available,RENEE,Liquid,8 Millilitres,Floral,Not Tested On Animals,7 x 3 x 3 cm; 20 Grams,2 July 2022,"Aroma De France, Aroma de France",B0B5N8MTPN,B8ml,India,Aroma De France,7 x 3 x 3 Centimeters,8.0 millilitre,Perfume,20 g,Not available,Not available,Not available,Not available,Not available,Not available,Not available,Not available,Not available,Not available
Bella Vita Luxury Women's Perfume Gift Set 4x20 ML | Luxury Scent with Long Lasting Fragrance Eau De Parfum | CEO Woman | Honey Oud | Glam | Rose 80 ML,https://m.media-amazon.com/images/I/61Lf31rBHiL._AC_UL320_.jpg,https://amazon.in/Bella-Vita-Organic-Perfumes-Fragrance/dp/B09232XNTX/ref=sr_1_6?crid=1EAMOLVYHA0EG&keywords=Perfumes&qid=1681214465&sprefix=suncream%2Caps%2C303&sr=8-6,550,849,4.2,"5,899",  #82 in Beauty     #1 in Attar   #2 in Fragrance Sets       #1 in Attar #2 in Fragrance Sets,58%,22%,9%,3%,7%,https://amazon.in/Bella-Vita-Organic-Perfumes-Fragrance/product-reviews/B09232XNTX/ref=cm_cr_dp_d_show_all_btm?ie=UTF8&reviewerType=all_reviews,Not available,Bella Vita Organic,Spray,80 Millilitres,Mix,Organic,1 x 2 x 1 cm; 100 Grams,8 April 2021,"IDAM NATURAL WELLNESS PRIVATE LIMITED, IDAM NATURAL WELLNESS PRIVATE LIMITED",B09232XNTX,WPS-01,India,"417, First Floor, Udyog Vihar Phase 3, Sector 20, Gurugram, 122008 Haryana, India",10 x 20 x 10 Millimeters,60 millilitre,Women Perfume Gift Set,100 g,Not available,Not available,Not available,Not available,Not available,Not available,Not available,Not available,Not available,Not available
Bella Vita Luxury Man Perfume Gift Set for Men 4x20 ml Perfumes Luxury Scent with Long Lasting Fragrance,https://m.media-amazon.com/images/I/61W+8YKi2kL._AC_UL320_.jpg,https://amazon.in/Bella-Vita-Organic-Perfumes-Fragrance/dp/B09231NL5H/ref=sr_1_7?crid=1EAMOLVYHA0EG&keywords=Perfumes&qid=1681214465&sprefix=suncream%2Caps%2C303&sr=8-7,550,849,4.0,"10,608",  #40 in Beauty     #1 in Fragrance Sets   #1 in Eau de Toilette       #1 in Fragrance Sets #1 in Eau de Toilette,50%,22%,12%,6%,10%,https://amazon.in/Bella-Vita-Organic-Perfumes-Fragrance/product-reviews/B09231NL5H/ref=cm_cr_dp_d_show_all_btm?ie=UTF8&reviewerType=all_reviews,Not available,Bella Vita Organic,Spray,60 Millilitres,Fresh,"Scented, Travel Size, Long lasting",12 x 13 x 2 cm; 0.06 Grams,8 April 2021,"IDAM Natural Wellness Pvt. Ltd., 417, First Floor, Udyog Vihar Phase 3, Sector 20, Gurugram, 122008 Haryana, India",B09231NL5H,MPS-01,India,"IDAM NATURAL WELLNESS PRIVATE LIITED, 417, First Floor, Udyog Vihar Phase 3, Sector 20, Gurugram, 122008 Haryana, India",12 x 13 x 2 Centimeters,80 millilitre,Man Perfume Gift Set,Not available,Not available,Not available,Not available,Not available,Not available,Not available,Not available,Not available,Not available,Not available
"Park Avenue Voyage Amazon Woods Perfume, 120ml",https://m.media-amazon.com/images/I/614GA7ARZxL._AC_UL320_.jpg,https://amazon.in/Park-Avenue-Voyage-Amazon-Perfume/dp/B084V46KGT/ref=sr_1_8?crid=1EAMOLVYHA0EG&keywords=Perfumes&qid=1681214465&sprefix=suncream%2Caps%2C303&sr=8-8,214,299,4.0,337,  #716 in Beauty     #12 in Perfume       #12 in Perfume,52%,22%,12%,4%,10%,https://amazon.in/Park-Avenue-Voyage-Amazon-Perfume/product-reviews/B084V46KGT/ref=cm_cr_dp_d_show_all_btm?ie=UTF8&reviewerType=all_reviews,Not available,Park Avenue,Spray,120 Millilitres,Fresh,Organic,Not available,19 February 2020,J K Helene Curtis,B084V46KGT,8000001021,India,Not available,Not available,120.0 millilitre,Voyage Amazon Woods Perfume,150 g,18.3 x 4.9 x 4.8 cm; 150 Grams,Not available,Not available,Not available,Not available,Not available,Not available,Not available,Not available,Not available
Villain Perfume For Men 100 Ml - Eau De Parfum - Premium Long Lasting Fragrance Spray - Woody & Spicy,https://m.media-amazon.com/images/I/61LL68H0ymL._AC_UL320_.jpg,https://amazon.in/Villain-Eau-Parfum-Perfume-men/dp/B08GFM1X1Y/ref=sr_1_9?crid=1EAMOLVYHA0EG&keywords=Perfumes&qid=1681214465&sprefix=suncream%2Caps%2C303&sr=8-9,549,750,3.8,"21,058",  #279 in Beauty     #3 in Eau de Parfum       #3 in Eau de Parfum,46%,21%,13%,6%,13%,https://amazon.in/Villain-Eau-Parfum-Perfume-men/product-reviews/B08GFM1X1Y/ref=cm_cr_dp_d_show_all_btm?ie=UTF8&reviewerType=all_reviews,Not available,VILLAIN,Spray,100 Millilitres,Wood ,Not Tested On Animals,4.6 x 10.3 x 15.1 cm; 120 Grams,21 August 2020,"Aroma De France, Vadodara, Gujarat, India, Eurolux Fragrances Pvt Ltd",B08GFM1X1Y,Classic-100,India,Eurolux Fragrances Pvt Ltd,46 x 103 x 151 Millimeters,100 millilitre,Perfume - Eau De Parfum,120 g,Not available,Not available,Not available,Not available,Not available,Not available,Not available,Not available,Not available,Not available
Bella Vita Luxury Unisex Luxury Perfume Gift Set 4x20 ML For Men & Women | Luxury Scent with Long Lasting Fragrance Eau De Parfum | SKAI | FRESH | WHITEOUD | PATCHOULI,https://m.media-amazon.com/images/I/61yHSJE-cZL._AC_UL320_.jpg,https://amazon.in/Bella-Vita-Organic-Fragrance-PATCHOULI/dp/B09XLK9GVS/ref=sr_1_10?crid=1EAMOLVYHA0EG&keywords=Perfumes&qid=1681214465&sprefix=suncream%2Caps%2C303&sr=8-10,550,849,4.2,"3,786",  #100 in Beauty     #1 in Eau de Parfum   #2 in Perfume   #3 in Fragrance Sets       #1 in Eau de Parfum #2 in Perfume #3 in Fragrance Sets,57%,22%,10%,4%,7%,https://amazon.in/Bella-Vita-Organic-Fragrance-PATCHOULI/product-reviews/B09XLK9GVS/ref=cm_cr_dp_d_show_all_btm?ie=UTF8&reviewerType=all_reviews,Not available,Bella Vita Organic,Liquid,80 Millilitres,Oriental,Aromatherapy,16 x 13.1 x 3.5 cm; 80 Grams,10 April 2022,"IDAM NATURAL WELLNESS PVT LTD, 417, First Floor, Udyog Vihar Phase 3, Sector 20, Gurugram, 122008 Haryana, India",B09XLK9GVS,8906150340428,India,"417, First Floor, Udyog Vihar Phase 3, Sector 20, Gurugram, 122008 Haryana, India",16 x 13.1 x 3.5 Centimeters,80.0 millilitre,Unisex Luxury Perfume Gift Set 4x20 ML,80 g,Not available,Not available,Not available,Not available,Not available,Not available,Not available,Not available,Not available,Not available
"SET WET Deodorant Spray Perfume Cool, Charm & Swag Avatar for men, 150ml (Pack of 3)",https://m.media-amazon.com/images/I/71Evo57slzL._AC_UL320_.jpg,https://amazon.in/Set-Wet-Deodorant-Perfume-Avatar/dp/B079Q17WXZ/ref=sr_1_11?crid=1EAMOLVYHA0EG&keywords=Perfumes&qid=1681214465&sprefix=suncream%2Caps%2C303&sr=8-11,264,660,4.0,"30,697",  #140 in Beauty     #6 in Deodorant       #6 in Deodorant,50%,23%,14%,5%,7%,https://amazon.in/Set-Wet-Deodorant-Perfume-Avatar/product-reviews/B079Q17WXZ/ref=cm_cr_dp_d_show_all_btm?ie=UTF8&reviewerType=all_reviews,Not available,Set Wet,Spray,450 Millilitres,Fresh,Not available,15.1 x 5.1 x 19.2 cm; 297 Grams,31 December 2017,"Marico Ltd C/O - Accra Pac (India) Pvt.Ltd,M/s Rubicon Formulations Pvt Ltd, MANUFACTURED IN INDIA BY: See first letter of Batch No. (A) Accra Pac (India) Pvt.Ltd., Plot No.: 1105, Phase-III,G. I. D. C, Vapi 396195, Gujarat. M GC / 514, St. Ex. Lic. No.: 18. (E) M/s Rubicon Formulations Pvt Ltd. Plot No.: M-162 & 163, MIDC, Waluj, Aurangabad - 431136, Maharashtra. M AD/C/009, , St. Ex. Lic. No.: 9.; Phone: 022 6648 0480",B079Q17WXZ,712597,India,"MANUFACTURED IN INDIA BY: See first letter of Batch No. (A) Accra Pac (India) Pvt.Ltd., Plot No.: 1105, Phase-III,G. I. D. C, Vapi 396195, Gujarat. M GC / 514, St. Ex. Lic. No.: 18. (E) M/s Rubicon Formulations Pvt Ltd. Plot No.: M-162 & 163, MIDC, Waluj, Aurangabad - 431136, Maharashtra. M AD/C/009, , St. Ex. Lic. No.: 9.; Phone: 022 6648 0480",15.1 x 5.1 x 19.2 Centimeters,450 count,Not available,297 g,Not available,3,No,2,Not available,Not available,Not available,Not available,Not available,Not available
"The Man Company Black EDT Perfume For Men - 50ml | Premium Long Lasting Fragrance Spray | Gift for Husband, Boyfriend",https://m.media-amazon.com/images/I/71GkGHg3KnL._AC_UL320_.jpg,https://amazon.in/Man-Company-Black-EDT-India/dp/B08BLKW619/ref=sr_1_12?crid=1EAMOLVYHA0EG&keywords=Perfumes&qid=1681214465&sprefix=suncream%2Caps%2C303&sr=8-12,428,"1,299",3.8,"8,762",  #400 in Beauty     #1 in Bath Sets & Kits   #2 in Eau de Toilette   #7 in Perfume       #1 in Bath Sets & Kits #2 in Eau de Toilette #7 in Perfume,47%,19%,14%,7%,13%,https://amazon.in/Man-Company-Black-EDT-India/product-reviews/B08BLKW619/ref=cm_cr_dp_d_show_all_btm?ie=UTF8&reviewerType=all_reviews,Not available,The Man Company,Liquid,50 Millilitres,Fresh,Scented,Not available,22 June 2020,"Helios Packaging Private Limited, Helios Packaging Pvt. Ltd. Plot No - A-140, EPIP Neemrana Industrial Area Rajasthan, Neemrana, Rajasthan, 301705, India",B08BLKW619,Not available,India,Not available,Not available,1.00 count,Not available,120 g,10.8 x 6.2 x 2.9 cm; 120 Grams,Not available,No,Not available,TMC-WEB-727,Not available,Not available,Not available,Not available,Not available
"SET WET Deodorant Spray Perfume Cool, Charm & Mischief Avatar for men, 150ml (Pack of 3)",https://m.media-amazon.com/images/I/71pCyCh8ubL._AC_UL320_.jpg,https://amazon.in/Set-Wet-Deodorant-Perfume-Mischief/dp/B079QBB5YT/ref=sr_1_13?crid=1EAMOLVYHA0EG&keywords=Perfumes&qid=1681214465&sprefix=suncream%2Caps%2C303&sr=8-13,274,660,4.0,"11,316",  #173 in Beauty     #8 in Deodorant       #8 in Deodorant,51%,23%,14%,5%,7%,https://amazon.in/Set-Wet-Deodorant-Perfume-Mischief/product-reviews/B079QBB5YT/ref=cm_cr_dp_d_show_all_btm?ie=UTF8&reviewerType=all_reviews,Not available,Set Wet,Spray,450 Millilitres,"Lavender, Mint",Not available,15.1 x 5.1 x 19.2 cm; 297 Grams,31 December 2017,"Marico Ltd C/O - Accra Pac (India) Pvt.Ltd,M/s Rubicon Formulations Pvt Ltd, MANUFACTURED IN INDIA BY: See first letter of Batch No. (A) Accra Pac (India) Pvt.Ltd., Plot No.: 1105, Phase-III,G. I. D. C, Vapi 396195, Gujarat. M GC / 514, St. Ex. Lic. No.: 18. (E) M/s Rubicon Formulations Pvt Ltd. Plot No.: M-162 & 163, MIDC, Waluj, Aurangabad - 431136, Maharashtra. M AD/C/009, , St. Ex. Lic. No.: 9.; Phone: 022 6648 0480",B079QBB5YT,712519,India,"MANUFACTURED IN INDIA BY: See first letter of Batch No. (A) Accra Pac (India) Pvt.Ltd., Plot No.: 1105, Phase-III,G. I. D. C, Vapi 396195, Gujarat. M GC / 514, St. Ex. Lic. No.: 18. (E) M/s Rubicon Formulations Pvt Ltd. Plot No.: M-162 & 163, MIDC, Waluj, Aurangabad - 431136, Maharashtra. M AD/C/009, , St. Ex. Lic. No.: 9.; Phone: 022 6648 0480",15.1 x 5.1 x 19.2 Centimeters,450.0 millilitre,Not available,297 g,Not available,3,Not available,2,Not available,Not available,Not available,Not available,Not available,Not available
DJOKR Signature Perfume For Men 100 ml | Eau De Parfum | Premium Luxury Long Lasting Fragrance Spray,https://m.media-amazon.com/images/I/51OVgInfeKL._AC_UL320_.jpg,https://amazon.in/DJOKR-Signature-Perfume-Premium-Fragrance/dp/B0BPY5Z6WF/ref=sr_1_14?crid=1EAMOLVYHA0EG&keywords=Perfumes&qid=1681214465&sprefix=suncream%2Caps%2C303&sr=8-14,493,650,4.4,845,  #545 in Beauty     #5 in Eau de Parfum   #9 in Perfume       #5 in Eau de Parfum #9 in Perfume,67%,19%,5%,3%,6%,https://amazon.in/DJOKR-Signature-Perfume-Premium-Fragrance/product-reviews/B0BPY5Z6WF/ref=cm_cr_dp_d_show_all_btm?ie=UTF8&reviewerType=all_reviews,Not available,DJOKR,Liquid,100 Millilitres,Wood ,Not Tested On Animals,12.7 x 7.6 x 2.5 cm; 350 Grams,4 August 2022,"DJOKR, New Delhi",B0BPY5Z6WF,DJ_SIGNATURE_001,India,DJOKR,12.7 x 7.6 x 2.5 Centimeters,100.0 millilitre,Perfume For Men - Eau De Parfum,350 g,Not available,Not available,Not available,Not available,Not available,Not available,Not available,Not available,Not available,Not available
"Engage Femme EDP Perfume for Women 90ml, Citrus and Floral, Premium Long Lasting Fragrance, Skin Friendly, Everyday Fragrance",https://m.media-amazon.com/images/I/71iHFh87VAL._AC_UL320_.jpg,https://amazon.in/Engage-Femme-Eau-Parfum-90ml/dp/B07953XZNR/ref=sr_1_15?crid=1EAMOLVYHA0EG&keywords=Perfumes&qid=1681214465&sprefix=suncream%2Caps%2C303&sr=8-15,312,499,4.0,"2,883","  #1,366 in Beauty     #26 in Perfume       #26 in Perfume",47%,24%,15%,6%,9%,https://amazon.in/Engage-Femme-Eau-Parfum-90ml/product-reviews/B07953XZNR/ref=cm_cr_dp_d_show_all_btm?ie=UTF8&reviewerType=all_reviews,Not available,Engage,Spray,90 Millilitres,Fruit; Floral; Woody,Long Lasting,3.8 x 13.8 x 3.8 cm; 350 Grams,19 January 2018,"Engage, Vanesa Cosmetics 196/186/11/3-4, Village Johron, Trilokpur Road, Kala Amb, District Sirmour-173030, Himachal Pradesh. Licence No-HIM/COS/6/93, +91-6307384140",B07953XZNR,ENGAGE-FEMME-EDP,India,"Vanesa Cosmetics 196/186/11/3-4, Village Johron, Trilokpur Road, Kala Amb, District Sirmour-173030, Himachal Pradesh. Licence No-HIM/COS/6/93, +91-6307384140",38 x 138 x 38 Millimeters,90.0 millilitre,Femme Eau De Perfume For Woman,350 g,Not available,Not available,Not available,1 Bottle with cap,Not available,Not available,Not available,Not available,Not available,Not available
"Fogg Marco Perfume Body Spray, Long Lasting No Gas Deodorant for Men, 150ml",https://m.media-amazon.com/images/I/611+OfxzQRL._AC_UL320_.jpg,https://amazon.in/Fogg-Marco-Body-Spray-150ml/dp/B00YEJYSEM/ref=sr_1_16?crid=1EAMOLVYHA0EG&keywords=Perfumes&qid=1681214465&sprefix=suncream%2Caps%2C303&sr=8-16,158,230,4.0,"21,074",  #60 in Beauty     #2 in Deodorant       #2 in Deodorant,50%,25%,13%,5%,8%,https://amazon.in/Fogg-Marco-Body-Spray-150ml/product-reviews/B00YEJYSEM/ref=cm_cr_dp_d_show_all_btm?ie=UTF8&reviewerType=all_reviews,Not available,FOGG,Spray,150 Millilitres,Fresh,Scented,17.8 x 5.1 x 5.1 cm; 160 Grams,1 January 2017,Vini Cosmetics,B00YEJYSEM,8908001158862,India,Not available,17.8 x 5.1 x 5.1 Centimeters,150.0 millilitre,Not available,160 g,Not available,1,No,One Fogg Marco Body Spray,Not available,Alcohol Free,Natural,Not available,Not available,Not available
"Fogg Long-Lasting Fresh & Soothing Fragrance Impressio Scent For Men, Eau De Parfum, 100ml",https://m.media-amazon.com/images/I/81M9ZNu2IiL._AC_UL320_.jpg,https://amazon.in/Fogg-Impressio-Scent-Men-100ml/dp/B016BVZCEK/ref=sr_1_17?crid=1EAMOLVYHA0EG&keywords=Perfumes&qid=1681214465&sprefix=suncream%2Caps%2C303&sr=8-17,380,650,4.0,"14,948",  #559 in Beauty     #10 in Perfume       #10 in Perfume,49%,25%,13%,5%,8%,https://amazon.in/Fogg-Impressio-Scent-Men-100ml/product-reviews/B016BVZCEK/ref=cm_cr_dp_d_show_all_btm?ie=UTF8&reviewerType=all_reviews,Not available,FOGG,Liquid,100 Millilitres,Fresh,Scented,14 x 6 x 14 cm; 99.22 Grams,8 October 2015,"Helios packing pvt ltd, Helios Packaging pvt ltd A-140,E.P.I.P Industrial Area,Neemrana,District-Alwar,Rajasthan=301705",B016BVZCEK,Impressio,India,"Helios Packaging pvt ltd A-140,E.P.I.P Industrial Area,Neemrana,District-Alwar,Rajasthan=301705",14 x 6 x 14 Centimeters,100.0 millilitre,SCENT,99 g,Not available,Not available,No,1 pack of deodorant,Not available,Not available,Not available,"Helios Packaging pvt ltd A-140,E.P.I.P Industrial Area,Neemrana,District-Alwar,Rajasthan=301705",Not available,Not available
"Bella Vita Luxury Trial Pack of 10 x 5ml Pocket Perfumes for Men Women Unisex Fragrance Mix of EDP, EDT & EDC Long Lasting Perfume Sweet, Floral, Woody, Musky & Spicy",https://m.media-amazon.com/images/I/618wYK9lf-L._AC_UL320_.jpg,https://amazon.in/Bella-Vita-Perfumes-Fragrance-Lasting/dp/B0BR3XCDYZ/ref=sr_1_18?crid=1EAMOLVYHA0EG&keywords=Perfumes&qid=1681214465&sprefix=suncream%2Caps%2C303&sr=8-18,349,349,4.3,488,  #200 in Beauty     #2 in Eau de Parfum   #4 in Fragrance Sets   #4 in Perfume       #2 in Eau de Parfum #4 in Fragrance Sets #4 in Perfume,64%,18%,8%,3%,7%,https://amazon.in/Bella-Vita-Perfumes-Fragrance-Lasting/product-reviews/B0BR3XCDYZ/ref=cm_cr_dp_d_show_all_btm?ie=UTF8&reviewerType=all_reviews,Not available,Bella Vita Organic,Liquid,5 Millilitres,Fresh,Organic,24 x 7.2 x 2 cm; 50 Grams,26 December 2022,"IDAM NATURAL WELLNESS PRIVATE LIMITED, IDAM NATURAL WELLNESS PRIVATE LIMITED",B0BR3XCDYZ,8906150342958,India,IDAM NATURAL WELLNESS PRIVATE LIMITED,24 x 7.2 x 2 Centimeters,50.0 millilitre,Ultimate Perfume Trial Pack of 10 x 5ml,50 g,Not available,Not available,Not available,Not available,Not available,Not available,Not available,Not available,Not available,Not available
"Phy Social Eau de Toilette (EDT) | For that chilled out vibe | Freshness of Mint with citrusy Mandarin | Perfect for a party or evening out | Long lasting fragrance, Premium perfume for men, 100 ml",https://m.media-amazon.com/images/I/61c6VFj5aCL._AC_UL320_.jpg,https://amazon.in/Phy-Toilette-Chilled-Out-Long-lasting-Fragrance/dp/B09NKZQSVX/ref=sr_1_19?crid=1EAMOLVYHA0EG&keywords=Perfumes&qid=1681214465&sprefix=suncream%2Caps%2C303&sr=8-19,488,750,3.7,931,"  #1,065 in Beauty     #4 in Eau de Toilette       #4 in Eau de Toilette",42%,20%,15%,7%,15%,https://amazon.in/Phy-Toilette-Chilled-Out-Long-lasting-Fragrance/product-reviews/B09NKZQSVX/ref=cm_cr_dp_d_show_all_btm?ie=UTF8&reviewerType=all_reviews,Not available,Phy,Liquid,100 Millilitres,Mandarin Orange + Ginger + Sandalwood,Long Lasting,Not available,13 December 2021,"Aarvee Enterprises, Aarvee Enterprises",B09NKZQSVX,PHSC0100EDT4680,India,Aarvee Enterprises,11 x 6.6 x 5 Centimeters,100.0 millilitre,Perfume,Not available,Not available,Not available,Not available,Not available,Not available,Not available,Not available,Aarvee Enterprises,Not available,Not available
"Fogg Paradise, No Gas Perfume Body Spray for Women, Long Lasting Everyday Deodorant, 65ml",https://m.media-amazon.com/images/I/61LSmk9q5kL._AC_UL320_.jpg,https://amazon.in/Paradise-Perfume-Lasting-Everyday-Deodorant/dp/B0BCGL1PX6/ref=sr_1_20?crid=1EAMOLVYHA0EG&keywords=Perfumes&qid=1681214465&sprefix=suncream%2Caps%2C303&sr=8-20,105,150,4.2,"10,065",  #219 in Beauty     #10 in Deodorant       #10 in Deodorant,57%,24%,10%,3%,6%,https://amazon.in/Paradise-Perfume-Lasting-Everyday-Deodorant/product-reviews/B0BCGL1PX6/ref=cm_cr_dp_d_show_all_btm?ie=UTF8&reviewerType=all_reviews,Not available,FOGG,Aerosol,65 Millilitres,Fresh,Not available,3 x 3 x 14 cm; 54 Grams,30 August 2022,"Perfunova International Ltd., Perfunova International Ltd.Survey No. 205/1 & 208/2,Coastal Highway,Village,Bhimpore,Nain Daman-396210",B0BCGL1PX6,33072000,India,"PERFUNOVA INTERNATIONAL LTD. SURVEY NO 205/1 & 208/2, COASTAL HIGHWAY, VILLAGE BHIMPORE, NANI DAMAN - 396210",30 x 30 x 140 Millimeters,54.17 gram,Deodorant,54 g,Not available,1,Not available,Not available,Not available,Gas Free,Not available,"PERFUNOVA INTERNATIONAL LTD. SURVEY NO 205/1 & 208/2, COASTAL HIGHWAY, VILLAGE BHIMPORE, NANI DAMAN - 396210",Not available,Not available
Villain Rebel Luxury Perfume Gift Set for Men 4x20 ML | Perfume with Long Lasting Fragrance | EDP,https://m.media-amazon.com/images/I/61la0hgrutL._AC_UL320_.jpg,https://amazon.in/sspa/click?ie=UTF8&spc=MTo0NjMyNDM1NjAyNTUwOTczOjE2ODEyMTQ0NjU6c3BfbXRmOjIwMTI0MTEwNDUxMDk4OjowOjo&url=%2FVillain-Luxury-Perfume-Lasting-Fragrance%2Fdp%2FB0BMQD8T58%2Fref%3Dsr_1_21_sspa%3Fcrid%3D1EAMOLVYHA0EG%26keywords%3DPerfumes%26qid%3D1681214465%26sprefix%3Dsuncream%252Caps%252C303%26sr%3D8-21-spons%26sp_csd%3Dd2lkZ2V0TmFtZT1zcF9tdGY%26psc%3D1,669,999,4.4,188,"  #1,352 in Beauty     #8 in Eau de Parfum       #8 in Eau de Parfum",66%,18%,9%,2%,5%,https://amazon.in/Villain-Luxury-Perfume-Lasting-Fragrance/product-reviews/B0BMQD8T58/ref=cm_cr_dp_d_show_all_btm?ie=UTF8&reviewerType=all_reviews,Not available,VILLAIN,Liquid,20 Millilitres,"Spicy, Smoky, Aquatic & Woody",Long Lasting,Not available,17 November 2022,Not available,B0BMQD8T58,Not available,India,Not available,Not available,80.0 millilitre,Not available,170 g,17 x 13 x 3 cm; 170 Grams,Not available,Not available,Not available,rebelcombo,Not available,Not available,Not available,Not available,Not available
Bella Vita Luxury SKAI AQUATIC Eau De Cologne Unisex Perfume For Men & Women 100 ML,https://m.media-amazon.com/images/I/61MZa0dzjNL._AC_UL320_.jpg,https://amazon.in/sspa/click?ie=UTF8&spc=MTo0NjMyNDM1NjAyNTUwOTczOjE2ODEyMTQ0NjU6c3BfbXRmOjIwMDkxMDU5NzQ0NTk4OjowOjo&url=%2FBella-Vita-Organic-AQUATIC-Cologne%2Fdp%2FB09X9XPKX5%2Fref%3Dsr_1_22_sspa%3Fcrid%3D1EAMOLVYHA0EG%26keywords%3DPerfumes%26qid%3D1681214465%26sprefix%3Dsuncream%252Caps%252C303%26sr%3D8-22-spons%26sp_csd%3Dd2lkZ2V0TmFtZT1zcF9tdGY%26psc%3D1,499,699,4.3,778,  #806 in Beauty     #1 in Eau de Cologne   #13 in Perfume       #1 in Eau de Cologne #13 in Perfume,68%,15%,6%,3%,8%,https://amazon.in/Bella-Vita-Organic-AQUATIC-Cologne/product-reviews/B09X9XPKX5/ref=cm_cr_dp_d_show_all_btm?ie=UTF8&reviewerType=all_reviews,Not available,Bella Vita Organic,Liquid,100 Millilitres,Fresh,Boosts Confidence,8 x 4.5 x 12.5 cm; 100 Grams,6 April 2022,"IDAM Naturals Wellness Pvt Ltd, PLOT NO. 417, UDYOG VIHAR PHASE-III, Gurgaon, Haryana, 122008, IDAM Naturals Wellness Pvt Ltd, PLOT NO. 417, UDYOG VIHAR PHASE-III, Gurgaon, Haryana, 122008",B09X9XPKX5,33030090,India,IDAM Naturals Wellness Pvt Ltd,8 x 4.5 x 12.5 Centimeters,100.0 millilitre,SKAI AQUATIC Eau De Cologne,100 g,Not available,Not available,Not available,Not available,Not available,Not available,Not available,Not available,Not available,Not available
"Engage Indigo Skies Perfume for Men, Long Lasting, Fresh and Earthy, for Everyday Use, Gift for Men, Free Tester with pack, 100ml",https://m.media-amazon.com/images/I/51QJzYUXsDL._AC_UL320_.jpg,https://amazon.in/sspa/click?ie=UTF8&spc=MTo0NjMyNDM1NjAyNTUwOTczOjE2ODEyMTQ0NjU6c3BfbXRmOjIwMDg0MzEzNjU4MDk4OjowOjo&url=%2FEngage-Indigo-Perfume-Lasting-Everyday%2Fdp%2FB0BCK3Y26J%2Fref%3Dsr_1_23_sspa%3Fcrid%3D1EAMOLVYHA0EG%26keywords%3DPerfumes%26qid%3D1681214465%26sprefix%3Dsuncream%252Caps%252C303%26sr%3D8-23-spons%26sp_csd%3Dd2lkZ2V0TmFtZT1zcF9tdGY%26psc%3D1,422,599,3.9,149,"  #2,306 in Beauty     #43 in Perfume       #43 in Perfume",49%,23%,7%,9%,12%,https://amazon.in/Engage-Indigo-Perfume-Lasting-Everyday/product-reviews/B0BCK3Y26J/ref=cm_cr_dp_d_show_all_btm?ie=UTF8&reviewerType=all_reviews,Not available,Engage,Aerosol,100 Millilitres,Fresh,Long Lasting,6.3 x 4.5 x 10 cm; 100 Grams,31 August 2022,"ITC Ltd, ITC LIMITED, MANPURA, BADDI, SOLAN, HIMACHAL PRADESH - 174 101. M HIM/COS/09/135",B0BCK3Y26J,PENPS0134,India,"ITC Ltd., Virginia House, 37 J.L. Nehru Road, Kolkata - 700 071",6.3 x 4.5 x 10 Centimeters,100.0 gram,Engage Indigo Skies Perfume for Men,100 g,Not available,Not available,Not available,Not available,Not available,Not available,Not available,"ITC Ltd., Virginia House, 37 J.L. Nehru Road, Kolkata - 700 071",Not available,Not available
"Bella Vita Luxury FRESH Eau De Toilette Unisex Perfume For Men & Women with Bergamot, Orris Lavender & Ylang Ylang | Fresh Perfume EDT Long Lasting Fragrance For All Occasions, 100 ML",https://m.media-amazon.com/images/I/61HeUvQzmoL._AC_UL320_.jpg,https://amazon.in/sspa/click?ie=UTF8&spc=MTo0NjMyNDM1NjAyNTUwOTczOjE2ODEyMTQ0NjU6c3BfbXRmOjIwMDkxMDU5NzQ0Njk4OjowOjo&url=%2FBella-Vita-Organic-Perfume-Fragrance%2Fdp%2FB08H27SFFJ%2Fref%3Dsr_1_24_sspa%3Fcrid%3D1EAMOLVYHA0EG%26keywords%3DPerfumes%26qid%3D1681214465%26sprefix%3Dsuncream%252Caps%252C303%26sr%3D8-24-spons%26sp_csd%3Dd2lkZ2V0TmFtZT1zcF9tdGY%26psc%3D1,494,899,4.0,"2,459",  #848 in Beauty     #3 in Eau de Toilette   #14 in Perfume       #3 in Eau de Toilette #14 in Perfume,55%,19%,10%,5%,10%,https://amazon.in/Bella-Vita-Organic-Perfume-Fragrance/product-reviews/B08H27SFFJ/ref=cm_cr_dp_d_show_all_btm?ie=UTF8&reviewerType=all_reviews,Not available,Bella Vita Organic,Spray,100 Millilitres,Fresh,Unique Long lasting fragrances; Soothing experience throughout the day,6 x 5 x 6 cm; 100 Grams,31 August 2020,"IDAM Natural Wellness Pvt. Ltd., Udyog Vihar Phase -2 Gurgaon-122016 Haryana, India Customer Care 9311732440 Email:- shop@bellavitaorganic.com",B08H27SFFJ,FRESH01,India,"IDAM Natural Wellness Pvt. Ltd. Udyog Vihar Phase -2 Gurgaon-122016 Haryana, India Customer Care 9311732440 Email:- shop@bellavitaorganic.com",6 x 5 x 6 Centimeters,100 millilitre,Parfum,100 g,Not available,Not available,Not available,"""Ingredients: Alcohol Denat., Aqua (Water), Parfume, PPG 20 Methyl Glucose Ether, Benzophenone 3. Fragrance Notes: - Top Notes: Lemon, Mint, Pink Pepper, And Grapefruit - Mid Notes: Ginger, Nutmeg, And Jasmine - Base Notes: Labdanum, Sandalwood, Patchouli, Vetiver, Incense, Cedar, And White Musk.""",Not available,Not available,Not available,Not available,Not available,Not available
"Fogg Royal Perfume Body Spray, Long Lasting No Gas Deodorant for Men, 150ml",https://m.media-amazon.com/images/I/61AhDcMgHFL._AC_UL320_.jpg,https://amazon.in/Fogg-Sprays-Royal-Spray-150ml/dp/B00YEJZVRU/ref=sr_1_25?crid=1EAMOLVYHA0EG&keywords=Perfumes&qid=1681214465&sprefix=suncream%2Caps%2C303&sr=8-25,165,275,4.1,"11,248",  #349 in Beauty     #12 in Deodorant       #12 in Deodorant,50%,25%,13%,5%,7%,https://amazon.in/Fogg-Sprays-Royal-Spray-150ml/product-reviews/B00YEJZVRU/ref=cm_cr_dp_d_show_all_btm?ie=UTF8&reviewerType=all_reviews,Not available,FOGG,Spray,150 Millilitres,Fresh,"Long Lasting, No Gas",4 x 4 x 18 cm; 160 Grams,1 January 2017,"Perfunova International Ltd., Perfunova International Ltd.Survey No. 205/1 & 208/2,Coastal Highway,Village,Bhimpore,Nain Daman-396210 Contact email: dinesh.patwal@vinisales.co.in",B00YEJZVRU,8908001158879,India,"Perfunova International Ltd.Survey No. 205/1 & 208/2,Coastal Highway,Village,Bhimpore,Nain Daman-396210 Contact email: dinesh.patwal@vinisales.co.in",40 x 40 x 180 Millimeters,150.0 millilitre,Deo,160 g,Not available,Not available,No,1 Deo,Not available,Not available,Not available,Not available,Not available,Not available
Ajmal Silver Shade EDP 100ML Long Lasting Scent Spray Citrus Perfume Gift For Men - Made In Dubai (Online Exclusive),https://m.media-amazon.com/images/I/71GhzIs4fCL._AC_UL320_.jpg,https://amazon.in/Ajmal-Silver-Shade-Citrus-perfume/dp/B00LGO7G56/ref=sr_1_26?crid=1EAMOLVYHA0EG&keywords=Perfumes&qid=1681214465&sprefix=suncream%2Caps%2C303&sr=8-26,"1,260","1,800",3.9,783,"  #1,840 in Beauty     #33 in Perfume       #33 in Perfume",48%,24%,13%,4%,11%,https://amazon.in/Ajmal-Silver-Shade-Citrus-perfume/product-reviews/B00LGO7G56/ref=cm_cr_dp_d_show_all_btm?ie=UTF8&reviewerType=all_reviews,Not available,AJMAL,Liquid,100 Millilitres,"Fruity Citrus Fresh, Floral, Woody Musky",Long Lasting,Not available,2 July 2014,"Ajmals Perfume, Ajmals Perfume, Manufacturing & oudh Processing industry (L.L.C) P.O.Box:3141, Dubai U.A.E, Contact:3382211",B00LGO7G56,'08010470,United Arab Emirates,"Ajmals Perfume, Manufacturing & oudh Processing industry (L.L.C) P.O.Box:3141, Dubai U.A.E, Contact:3382211",6.5 x 6.5 x 12 Centimeters,1 count,Silver Shade EDP Citrus Perfume for Men,Not available,Not available,Not available,No,1 Bottle of Perfume,Not available,Not available,Not available,"M/s Belleza Enterprises Pvt Ltd, 3/24 1st Floor, Kamal Mansion, Arthur Bunder Rd, Colaba, Mumbai - 400005 Maharashtra. Contact:3382211",Not available,Not available
"Wild Stone Hydra Energy Perfume Spray, 100ml",https://m.media-amazon.com/images/I/615cQS3EznL._AC_UL320_.jpg,https://amazon.in/Wild-Stone-Hydra-Energy-Perfume/dp/B01MRXSAGD/ref=sr_1_27?crid=1EAMOLVYHA0EG&keywords=Perfumes&qid=1681214465&sprefix=suncream%2Caps%2C303&sr=8-27,359,599,4.1,"16,721",  #182 in Beauty     #3 in Perfume       #3 in Perfume,51%,24%,12%,5%,7%,https://amazon.in/Wild-Stone-Hydra-Energy-Perfume/product-reviews/B01MRXSAGD/ref=cm_cr_dp_d_show_all_btm?ie=UTF8&reviewerType=all_reviews,Not available,Wild Stone,Spray,398 Millilitres,Hydra Energy,Not available,19.1 x 11.4 x 10.2 cm; 100 Grams,15 December 2016,"Wild Stone, Mcnroe Consumer Products Pvt Ltd",B01MRXSAGD,Not available,India,Mcnroe Consumer Products Pvt Ltd,19.1 x 11.4 x 10.2 Centimeters,100 millilitre,"Hydra Energy Perfume Spray, 100ml",100 g,Not available,Not available,No,Not available,8904006302361,Not available,Not available,Not available,Adult,Not available
Park Avenue Regal NO GAS Premium Perfume For Men Long Lasting Fragrance 130ml,https://m.media-amazon.com/images/I/712bge4Vs-L._AC_UL320_.jpg,https://amazon.in/Park-Avenue-Premium-Perfume-Regal/dp/B00PS8DUJW/ref=sr_1_28?crid=1EAMOLVYHA0EG&keywords=Perfumes&qid=1681214465&sprefix=suncream%2Caps%2C303&sr=8-28,182,280,4.0,"8,813",  #977 in Beauty     #16 in Perfume       #16 in Perfume,49%,23%,13%,6%,10%,https://amazon.in/Park-Avenue-Premium-Perfume-Regal/product-reviews/B00PS8DUJW/ref=cm_cr_dp_d_show_all_btm?ie=UTF8&reviewerType=all_reviews,Not available,Park Avenue,Spray,130 Millilitres,Citrus,Unscented,46 x 46 x 180 cm; 125 Grams,1 January 2017,"Park Avenue, Suhan Aerosol, J / 1 – 8, Radheyshyam Industrial Complex, Village Asangaon (W), Tal. Shahapur, Thane-421 601, Maharashtra; Email: suhan.aerosol@gmail.com",B00PS8DUJW,8901277013729,India,"Helios Packaging, A-140, Ind. Area, EPIP Neemrana, Dist. Alwar - 301 705, Rajasthan; legal@heliospack.com",46 x 46 x 180 Centimeters,150.0 millilitre,Perfume,125 g,Not available,1,No,"Perfume For Men, 130ml",Not available,Not available,Natural,Not available,Not available,Not available
"Engage Indigo Skies Perfume for Men, Long Lasting, Fresh and Earthy, for Everyday Use, Gift for Men, Free Tester with pack, 100ml",https://m.media-amazon.com/images/I/51QJzYUXsDL._AC_UL320_.jpg,https://amazon.in/Engage-Indigo-Perfume-Lasting-Everyday/dp/B0BCK3Y26J/ref=sr_1_29?crid=1EAMOLVYHA0EG&keywords=Perfumes&qid=1681214465&sprefix=suncream%2Caps%2C303&sr=8-29,422,599,3.9,149,"  #2,306 in Beauty     #43 in Perfume       #43 in Perfume",49%,23%,7%,9%,12%,https://amazon.in/Engage-Indigo-Perfume-Lasting-Everyday/product-reviews/B0BCK3Y26J/ref=cm_cr_dp_d_show_all_btm?ie=UTF8&reviewerType=all_reviews,Not available,Engage,Aerosol,100 Millilitres,Fresh,Long Lasting,6.3 x 4.5 x 10 cm; 100 Grams,31 August 2022,"ITC Ltd, ITC LIMITED, MANPURA, BADDI, SOLAN, HIMACHAL PRADESH - 174 101. M HIM/COS/09/135",B0BCK3Y26J,PENPS0134,India,"ITC Ltd., Virginia House, 37 J.L. Nehru Road, Kolkata - 700 071",6.3 x 4.5 x 10 Centimeters,100.0 gram,Engage Indigo Skies Perfume for Men,100 g,Not available,Not available,Not available,Not available,Not available,Not available,Not available,"ITC Ltd., Virginia House, 37 J.L. Nehru Road, Kolkata - 700 071",Not available,Not available
"Engage M2 Perfume Spray For Men, Citrus and Lavender, Skin Friendly, 120ml",https://m.media-amazon.com/images/I/61FqEQmwF-L._AC_UL320_.jpg,https://amazon.in/Engage-Perfume-Spray-Men-120ml/dp/B018QGPOUA/ref=sr_1_30?crid=1EAMOLVYHA0EG&keywords=Perfumes&qid=1681214465&sprefix=suncream%2Caps%2C303&sr=8-30,168,225,4.0,"4,961","  #1,397 in Beauty     #3 in Women's Body Sprays & Mists   #64 in Deodorant       #3 in Women's Body Sprays & Mists #64 in Deodorant",50%,23%,13%,5%,9%,https://amazon.in/Engage-Perfume-Spray-Men-120ml/product-reviews/B018QGPOUA/ref=cm_cr_dp_d_show_all_btm?ie=UTF8&reviewerType=all_reviews,Not available,Not available,Not available,Not available,Not available,Not available,4 x 16.3 x 4 cm; 140 Grams,30 November 2015,"Engage, 1. MIDAS-CARE PHARMACEUTICALS PVT. LTD., B-16, MIDC, WALUJ, AURANGABAD - 431136 Maharashtra , Licence No. AD/009, +91-9890225544 2. Vanesa Cosmetics 196/186/11/3-4, Village Johron, Trilokpur Road, Kala Amb, District Sirmour-173030, Himachal Pradesh. Licence No-HIM/COS/6/93, +91-6307384140 3. ITC LIMITED, MANPURA, BADDI, SOLAN, HIMACHAL PRADESH-174101, M HIM/COS/09/134, +91-9593024442",B018QGPOUA,PENPS0002,India,"1. MIDAS-CARE PHARMACEUTICALS PVT. LTD., B-16, MIDC, WALUJ, AURANGABAD - 431136 Maharashtra , Licence No. AD/009, +91-9890225544 2. Vanesa Cosmetics 196/186/11/3-4, Village Johron, Trilokpur Road, Kala Amb, District Sirmour-173030, Himachal Pradesh. Licence No-HIM/COS/6/93, +91-6307384140 3. ITC LIMITED, MANPURA, BADDI, SOLAN, HIMACHAL PRADESH-174101, M HIM/COS/09/134, +91-9593024442",40 x 163 x 40 Millimeters,120.0 millilitre,Not available,140 g,Not available,Not available,No,1 Bottle with cap,Not available,Not available,Not available,Not available,Not available,Not available
"Yardley London Gentleman Classic Perfume For Men, 100ml",https://m.media-amazon.com/images/I/61-3sDp2zpL._AC_UL320_.jpg,https://amazon.in/Yardley-London-Gentleman-Classic-Perfume/dp/B08T28XGRG/ref=sr_1_31?crid=1EAMOLVYHA0EG&keywords=Perfumes&qid=1681214465&sprefix=suncream%2Caps%2C303&sr=8-31,471,649,3.9,"2,458",  #895 in Beauty     #15 in Perfume       #15 in Perfume,47%,23%,14%,7%,9%,https://amazon.in/Yardley-London-Gentleman-Classic-Perfume/product-reviews/B08T28XGRG/ref=cm_cr_dp_d_show_all_btm?ie=UTF8&reviewerType=all_reviews,Not available,Yardley,Not available,100 Millilitres,Classic,Long Lasting,6.1 x 3 x 13.1 cm; 380 Grams,14 January 2021,"Wipro Enterprises Pvt Ltd, Mfg By: Rubicon Formulations Pvt Ltd, Plot No L-21/1, MIDC, Waluj, Aurangabad - 431136, Maharashtra. ML NO - MH/103400 Mkt By: Wipro Enterprises Private Ltd, C Block, CCLG Division, Doddakannelli, Sarjapur Road, Bengaluru - 560035, Karnataka, India.",B08T28XGRG,8903105031257,India,"Mfg By: Rubicon Formulations Pvt Ltd, Plot No L-21/1, MIDC, Waluj, Aurangabad - 431136, Maharashtra. ML NO - MH/103400 Mkt By: Wipro Enterprises Private Ltd, C Block, CCLG Division, Doddakannelli, Sarjapur Road, Bengaluru - 560035, Karnataka, India.",6.1 x 3 x 13.1 Centimeters,100.0 millilitre,Gentleman Classic Daily Wear Perfume (EDC) for Men,380 g,Not available,Not available,Not available,Perfume,Not available,Not available,Not available,"Mfg By: Rubicon Formulations Pvt Ltd, Plot No L-21/1, MIDC, Waluj, Aurangabad - 431136, Maharashtra. ML NO - MH/103400 Mkt By: Wipro Enterprises Private Ltd, C Block, CCLG Division, Doddakannelli, Sarjapur Road, Bengaluru - 560035, Karnataka, India.",Adult,Not available
The Man Company Blanc Perfume for Men | Long Lasting Fragrance | No Gas Deodorant Combo Set for Men | Luxury Premium Body Spray - 120ml * 2,https://m.media-amazon.com/images/I/61e20zLjbvL._AC_UL320_.jpg,https://amazon.in/Man-Company-Perfume-Fragrance-Deodorant/dp/B09LVDMXLF/ref=sr_1_32?crid=1EAMOLVYHA0EG&keywords=Perfumes&qid=1681214465&sprefix=suncream%2Caps%2C303&sr=8-32,537,698,4.2,310,"  #3,153 in Beauty     #61 in Perfume       #61 in Perfume",63%,16%,10%,3%,8%,https://amazon.in/Man-Company-Perfume-Fragrance-Deodorant/product-reviews/B09LVDMXLF/ref=cm_cr_dp_d_show_all_btm?ie=UTF8&reviewerType=all_reviews,Not available,The Man Company,Liquid,120 Millilitres,Citrus,Not available,Not available,27 April 2021,Not available,B09LVDMXLF,Not available,India,Not available,Not available,240.0 millilitre,Not available,Not available,19.4 x 12.9 x 10.8 cm; 0.16 Grams,2,Not available,Not available,TMC-WEB-1147,Alcohol Free,Cruelty Free,Not available,Not available,Not available
Ustraa Scuba Cologne - 100 ml - Perfume for Men,https://m.media-amazon.com/images/I/61JpLN6rMOL._AC_UL320_.jpg,https://amazon.in/Ustraa-Cologne-Scuba-Men-100/dp/B083J7VQKG/ref=sr_1_33?crid=1EAMOLVYHA0EG&keywords=Perfumes&qid=1681214465&sprefix=suncream%2Caps%2C303&sr=8-33,543,899,3.8,"4,137","  #3,157 in Beauty     #6 in Eau de Cologne       #6 in Eau de Cologne",42%,23%,17%,7%,11%,https://amazon.in/Ustraa-Cologne-Scuba-Men-100/product-reviews/B083J7VQKG/ref=cm_cr_dp_d_show_all_btm?ie=UTF8&reviewerType=all_reviews,Not available,Ustraa,Liquid,100 Millilitres,Fresh,Not Tested On Animals,5 x 5 x 18 cm; 100 Grams,6 January 2020,"Ustraa, Stella Industries Ltd., Old Khandsa Road, Sector - 37, HSIIDC, Gurugram -122001, Haryana",B083J7VQKG,8904223819277,India,"Happily Unmarried Marketing Private Limited, A48, FIRE Complex, Okhla Phase 2, New Delhi 110020, help@happilyunmarried.com, 1800 103 6121",50 x 50 x 180 Millimeters,100.0 millilitre,Cologne,100 g,Not available,Not available,Not available,Cologne,Not available,Not available,Not available,Not available,Not available,Not available
"Yardley London Gentleman Royale Compact Perfume for Men, 18ml",https://m.media-amazon.com/images/I/61qtGuVTF5L._AC_UL320_.jpg,https://amazon.in/Yardley-London-Gentleman-Compact-Perfume/dp/B07K363Y7M/ref=sr_1_34?crid=1EAMOLVYHA0EG&keywords=Perfumes&qid=1681214465&sprefix=suncream%2Caps%2C303&sr=8-34,69,70,4.2,486,"  #2,639 in Beauty     #52 in Perfume       #52 in Perfume",55%,26%,9%,5%,6%,https://amazon.in/Yardley-London-Gentleman-Compact-Perfume/product-reviews/B07K363Y7M/ref=cm_cr_dp_d_show_all_btm?ie=UTF8&reviewerType=all_reviews,Not available,Yardley,Spray,18 Millilitres,Wood ,Travel Size,1.9 x 5.8 x 11 cm; 40 Grams,31 October 2018,Wipro Enterprises Pvt. Ltd,B07K363Y7M,8903105011013,India,Not available,19 x 58 x 110 Millimeters,18 count,Not available,40 g,Not available,Not available,Not available,Not available,Not available,Not available,Not available,Not available,Not available,Not available
"Fogg Amber Extreme Perfume, Long-Lasting Perfume, Eau De Parfum For Men, 100ml",https://m.media-amazon.com/images/I/81lopCM7E-L._AC_UL320_.jpg,https://amazon.in/Amber-Extreme-Perfume-Long-lasting-Parfum/dp/B0B7BWWBP8/ref=sr_1_35?crid=1EAMOLVYHA0EG&keywords=Perfumes&qid=1681214465&sprefix=suncream%2Caps%2C303&sr=8-35,397,799,3.9,259,"  #1,980 in Beauty     #36 in Perfume       #36 in Perfume",47%,24%,12%,5%,12%,https://amazon.in/Amber-Extreme-Perfume-Long-lasting-Parfum/product-reviews/B0B7BWWBP8/ref=cm_cr_dp_d_show_all_btm?ie=UTF8&reviewerType=all_reviews,Not available,FOGG,Liquid,100 Millilitres,Fresh,Long Lasting,6 x 6 x 14.3 cm; 83 Grams,22 July 2022,"Helios Packaging pvt.Ltd., Helios Packaging pvt ltd A-140,E.P.I.P Industrial Area,Neemrana,District-Alwar,Rajasthan=301705",B0B7BWWBP8,33030090,India,"Helios Packaging pvt ltd A-140,E.P.I.P Industrial Area,Neemrana,District-Alwar,Rajasthan=301705",6 x 6 x 14.3 Centimeters,100.0 millilitre,Scent,83 g,Not available,Not available,Not available,Not available,Not available,Not available,Not available,"Helios Packaging pvt ltd A-140,E.P.I.P Industrial Area,Neemrana,District-Alwar,Rajasthan=301705",Not available,Not available
"Yardley London Morning Dew Compact Perfume, 18ml",https://m.media-amazon.com/images/I/61iyLCdKv7L._AC_UL320_.jpg,https://amazon.in/Yardley-London-Morning-Compact-Perfume/dp/B07K2HD8T7/ref=sr_1_36?crid=1EAMOLVYHA0EG&keywords=Perfumes&qid=1681214465&sprefix=suncream%2Caps%2C303&sr=8-36,69,70,4.2,385,"  #3,640 in Beauty     #79 in Perfume       #79 in Perfume",55%,22%,12%,4%,6%,https://amazon.in/Yardley-London-Morning-Compact-Perfume/product-reviews/B07K2HD8T7/ref=cm_cr_dp_d_show_all_btm?ie=UTF8&reviewerType=all_reviews,Not available,Yardley,Spray,18 Millilitres,Apple ,Travel Size,4.3 x 15.2 x 28.2 cm; 18 Grams,31 October 2018,Wipro Enterprises Pvt. Ltd,B07K2HD8T7,8903105011075,India,Not available,43 x 152 x 282 Millimeters,18.0 millilitre,Not available,18 g,Not available,Not available,Not available,Not available,Not available,Not available,Not available,Not available,Not available,Not available
"Bella Vita Luxury Date Eau De Parfum Floral, Fruity and Spicy Perfume, Long Lasting EDP Fragrance for Women with Notes of Pink Pepper, Red Fruits, Jasmine, Orange Blossom, Musk & sweetness of Vanilla 100 ml",https://m.media-amazon.com/images/I/614Agy8rSAL._AC_UL320_.jpg,https://amazon.in/Bella-Vita-Perfume-Fragrance-sweetness/dp/B0BMLRHC6T/ref=sr_1_37?crid=1EAMOLVYHA0EG&keywords=Perfumes&qid=1681214465&sprefix=suncream%2Caps%2C303&sr=8-37,549,999,4.9,178,"  #2,011 in Beauty     #13 in Eau de Parfum   #37 in Perfume       #13 in Eau de Parfum #37 in Perfume",92%,5%,2%,2%,Not available,https://amazon.in/Bella-Vita-Perfume-Fragrance-sweetness/product-reviews/B0BMLRHC6T/ref=cm_cr_dp_d_show_all_btm?ie=UTF8&reviewerType=all_reviews,Not available,Bella Vita Organic,Liquid,100 Millilitres,Fresh,Natural Ingredients,8 x 4.5 x 12.5 cm; 100 Grams,16 November 2022,"IDAM NATURAL WELLNESS PRIVATE LIMITED, IDAM NATURAL WELLNESS PRIVATE LIMITED",B0BMLRHC6T,8906150342804,India,IDAM NATURAL WELLNESS PRIVATE LIMITED,8 x 4.5 x 12.5 Centimeters,100.0 millilitre,"Date EDP Floral, Fruity and Spicy Perfume",100 g,Not available,Not available,Not available,Not available,Not available,Not available,Not available,Not available,Not available,Not available
Just Herbs Luxury Scent Long Lasting Silk & Spice Travel Friendly Perfume 10ml,https://m.media-amazon.com/images/I/61fZm6OYYXL._AC_UL320_.jpg,https://amazon.in/Just-Herbs-Lasting-Friendly-Perfume/dp/B0BT9CZ4FD/ref=sr_1_38?crid=1EAMOLVYHA0EG&keywords=Perfumes&qid=1681214465&sprefix=suncream%2Caps%2C303&sr=8-38,149,149,4.6,530,  #332 in Beauty     #5 in Perfume       #5 in Perfume,79%,11%,3%,2%,5%,https://amazon.in/Just-Herbs-Lasting-Friendly-Perfume/product-reviews/B0BT9CZ4FD/ref=cm_cr_dp_d_show_all_btm?ie=UTF8&reviewerType=all_reviews,Not available,Just Herbs,Liquid,10 Millilitres,Fresh,Long Lasting,6 x 4 x 2 cm; 10 Grams,28 January 2023,"Next Care Inc, Next Care Inc",B0BT9CZ4FD,JHEDP10M,India,Apcos,6 x 4 x 2 Centimeters,10.0 millilitre,Perume,10 g,Not available,Not available,Not available,Not available,Not available,Not available,Not available,Not available,Not available,Not available
Bombay Shaving Co Perfume for Men | Premium Perfume Set for Men - 8ml x 4 | Perfume Gift Set for men | long lasting fragrance perfume Set,https://m.media-amazon.com/images/I/715JGsR7-DL._AC_UL320_.jpg,https://amazon.in/Bombay-Shaving-Perfume-Lasting-Fragrance/dp/B0B49J5X83/ref=sr_1_39?crid=1EAMOLVYHA0EG&keywords=Perfumes&qid=1681214465&sprefix=suncream%2Caps%2C303&sr=8-39,399,649,4.2,501,"  #5,952 in Beauty     #12 in Fragrance Sets       #12 in Fragrance Sets",63%,18%,7%,5%,7%,https://amazon.in/Bombay-Shaving-Perfume-Lasting-Fragrance/product-reviews/B0B49J5X83/ref=cm_cr_dp_d_show_all_btm?ie=UTF8&reviewerType=all_reviews,Not available,Bombay Shaving Company,Liquid,8 Millilitres,Fresh,Travel Size,5 x 5 x 5 cm; 100 Grams,15 June 2022,"Visage Lines Personal care Private Limited, Visage Lines Personal care Private Limited, 5th floor, Plot no:-272,Udyog Vihar, Phase-II, Gurugram, Haryana - 122008",B0B49J5X83,PERFUME_STARTER_KIT,India,"Visage Lines Personal care Private Limited, 5th floor, Plot no:-272,Udyog Vihar, Phase-II, Gurugram, Haryana - 122008",50 x 50 x 50 Millimeters,32.0 millilitre,Perfume set,100 g,Not available,Not available,Not available,Not available,Not available,Not available,Not available,Not available,Not available,Not available
"Yardley London Morning Dew Perfume For Women, 100ml",https://m.media-amazon.com/images/I/61q-MGcfo4L._AC_UL320_.jpg,https://amazon.in/Yardley-London-Morning-Daily-Perfume/dp/B07FK733X4/ref=sr_1_40?crid=1EAMOLVYHA0EG&keywords=Perfumes&qid=1681214465&sprefix=suncream%2Caps%2C303&sr=8-40,395,549,4.2,"2,191","  #1,729 in Beauty     #30 in Perfume       #30 in Perfume",52%,28%,12%,4%,5%,https://amazon.in/Yardley-London-Morning-Daily-Perfume/product-reviews/B07FK733X4/ref=cm_cr_dp_d_show_all_btm?ie=UTF8&reviewerType=all_reviews,Not available,Yardley,Spray,100 Millilitres,Fresh,Travel Size,17 x 7.6 x 4.8 cm; 300 Grams,9 July 2018,Wipro Enterprise Pvt. Ltd,B07FK733X4,8903105011365 - For CT,Indonesia,Not available,17 x 7.6 x 4.8 Centimeters,100.0 millilitre,Not available,300 g,Not available,Not available,No,Not available,Not available,Not available,Not available,Not available,Not available,Not available
"Engage XX1 Cologne No Gas Perfume for Men, Citrus and Spicy, Skin Friendly, 135ml",https://m.media-amazon.com/images/I/61E+brIOHoL._AC_UL320_.jpg,https://amazon.in/Engage-Cologne-Spray-XX1-135ml/dp/B00Q31WLQG/ref=sr_1_41?crid=1EAMOLVYHA0EG&keywords=Perfumes&qid=1681214465&sprefix=suncream%2Caps%2C303&sr=8-41,149,299,4.2,"1,568","  #2,397 in Beauty     #69 in Fragrance       #69 in Fragrance",55%,23%,11%,4%,6%,https://amazon.in/Engage-Cologne-Spray-XX1-135ml/product-reviews/B00Q31WLQG/ref=cm_cr_dp_d_show_all_btm?ie=UTF8&reviewerType=all_reviews,Not available,Engage,Spray,135 Millilitres,"Fresh, Floral",Long Lasting,5.3 x 16.7 x 5.3 cm; 199.51 Grams,1 January 2017,"Engage, 1. MIDAS-CARE PHARMACEUTICALS PVT. LTD., B-16, MIDC, WALUJ, AURANGABAD - 431136 Maharashtra , Licence No. AD/009, +91-9890225544 2. Vanesa Cosmetics 196/186/11/3-4, Village Johron, Trilokpur Road, Kala Amb, District Sirmour-173030, Himachal Pradesh. Licence No-HIM/COS/6/93, +91-6307384140",B00Q31WLQG,8901725952006,India,"1. MIDAS-CARE PHARMACEUTICALS PVT. LTD., B-16, MIDC, WALUJ, AURANGABAD - 431136 Maharashtra , Licence No. AD/009, +91-9890225544 2. Vanesa Cosmetics 196/186/11/3-4, Village Johron, Trilokpur Road, Kala Amb, District Sirmour-173030, Himachal Pradesh. Licence No-HIM/COS/6/93, +91-6307384140",5.3 x 16.7 x 5.3 Centimeters,135.0 millilitre,Cologne Spray Xx1 for Men,200 g,Not available,Not available,No,1 Can with cap,Not available,Not available,Not available,Not available,Not available,Not available
"MINISO Eau De Toilette Long Lasting Floral Perfume For Women, 15ml, Paradise Moonlight",https://m.media-amazon.com/images/I/51-RxkVL7CL._AC_UL320_.jpg,https://amazon.in/MINISO-Toilette-Lasting-Paradise-Moonlight/dp/B09PBTSP3P/ref=sr_1_42?crid=1EAMOLVYHA0EG&keywords=Perfumes&qid=1681214465&sprefix=suncream%2Caps%2C303&sr=8-42,200,200,4.0,746,"  #1,635 in Beauty     #6 in Eau de Toilette       #6 in Eau de Toilette",56%,16%,12%,5%,11%,https://amazon.in/MINISO-Toilette-Lasting-Paradise-Moonlight/product-reviews/B09PBTSP3P/ref=cm_cr_dp_d_show_all_btm?ie=UTF8&reviewerType=all_reviews,Not available,MINISO,Spray,15 Millilitres,Paradise Moonlight,Travel Size,Not available,28 December 2021,MINISO,B09PBTSP3P,Not available,India,Not available,Not available,15.0 millilitre,Not available,40 g,15.5 x 2.9 x 2.8 cm; 40 Grams,Not available,Not available,Not available,4260661756807,Not available,Not available,Not available,Not available,Not available
"MINISO 100ML Dazzle EDT Eau the Parfum for Women Long Lasting, Stars",https://m.media-amazon.com/images/I/51wGlJIAR+L._AC_UL320_.jpg,https://amazon.in/MINISO-100ML-Dazzle-Parfum-Lasting/dp/B08JV2RHNM/ref=sr_1_43?crid=1EAMOLVYHA0EG&keywords=Perfumes&qid=1681214465&sprefix=suncream%2Caps%2C303&sr=8-43,504,560,4.2,"1,703","  #1,287 in Beauty     #23 in Perfume       #23 in Perfume",57%,21%,11%,5%,7%,https://amazon.in/MINISO-100ML-Dazzle-Parfum-Lasting/product-reviews/B08JV2RHNM/ref=cm_cr_dp_d_show_all_btm?ie=UTF8&reviewerType=all_reviews,Not available,MINISO,Spray,100 Millilitres,Stars,"Portable, Lightweight, Travel Size, Long Lasting",7.2 x 6.2 x 10.8 cm; 440 Grams,12 December 2020,MINISO,B08JV2RHNM,Not available,India,Not available,7.2 x 6.2 x 10.8 Centimeters,1.00 count,Not available,440 g,Not available,Not available,Not available,Not available,Not available,Not available,Not available,Not available,Not available,Not available
La French Luxury Perfume Gift SET For Her 4x20 ML | Luxury Scent Extra Long Lasting Eau De Parfum | Party Girl | Classy Girl Hottie Girl Dream Girl | Valentines Day Gift Set (Pack of 1),https://m.media-amazon.com/images/I/61TsxWRR4yL._AC_UL320_.jpg,https://amazon.in/French-Luxury-Perfume-Lasting-Valentines/dp/B0BVHVP5RF/ref=sr_1_44?crid=1EAMOLVYHA0EG&keywords=Perfumes&qid=1681214465&sprefix=suncream%2Caps%2C303&sr=8-44,475,849,4.4,99,"  #2,801 in Beauty     #7 in Fragrance Sets       #7 in Fragrance Sets",79%,4%,4%,3%,10%,https://amazon.in/French-Luxury-Perfume-Lasting-Valentines/product-reviews/B0BVHVP5RF/ref=cm_cr_dp_d_show_all_btm?ie=UTF8&reviewerType=all_reviews,Not available,LA' French,Liquid,20 Millilitres,Fresh,"Not Tested On Animals, Travel Size, Organic, Natural Ingredients, Extra Long Lasting Perfume",5 x 5 x 10 cm; 20 Grams,10 February 2023,Not available,B0BVHVP5RF,La French,India,Glide Route Ventures LLP,50 x 50 x 100 Millimeters,20.0 millilitre,Perfume - Eau De Parfum,20 g,Not available,Not available,Not available,Not available,Not available,Not available,Not available,Made in India,Not available,Not available
Riya Born Rich Perfume 100ML,https://m.media-amazon.com/images/I/71XmznbvhHL._AC_UL320_.jpg,https://amazon.in/Riya-Born-Rich-Perfume-100ML/dp/B07HL22R7S/ref=sr_1_45?crid=1EAMOLVYHA0EG&keywords=Perfumes&qid=1681214465&sprefix=suncream%2Caps%2C303&sr=8-45,249,380,4.2,110,"  #4,595 in Beauty     #101 in Perfume       #101 in Perfume",61%,18%,7%,6%,7%,https://amazon.in/Riya-Born-Rich-Perfume-100ML/product-reviews/B07HL22R7S/ref=cm_cr_dp_d_show_all_btm?ie=UTF8&reviewerType=all_reviews,Not available,Generic,Liquid,100 Millilitres,Fresh; Spicy,Long Lasting,Not available,22 September 2018,RIYA PERFUME,B07HL22R7S,Not available,India,Not available,Not available,100 millilitre,Not available,100 g,16 x 6 x 4.5 cm; 100 Grams,Not available,Not available,Not available,MSAS0010,Not available,Not available,Not available,Not available,Not available
"Fogg Women's Long-Lasting Fresh & Floral Fragrance I Am Queen Scent, Eau De Parfum - 100ml",https://m.media-amazon.com/images/I/71qS0pJMj9L._AC_UL320_.jpg,https://amazon.in/Fogg-Queen-Scent-Women-100ml/dp/B016BVZTPC/ref=sr_1_46?crid=1EAMOLVYHA0EG&keywords=Perfumes&qid=1681214465&sprefix=suncream%2Caps%2C303&sr=8-46,375,650,4.2,"5,991","  #1,242 in Beauty     #22 in Perfume       #22 in Perfume",54%,26%,12%,3%,5%,https://amazon.in/Fogg-Queen-Scent-Women-100ml/product-reviews/B016BVZTPC/ref=cm_cr_dp_d_show_all_btm?ie=UTF8&reviewerType=all_reviews,Not available,FOGG,Sprays,100 Millilitres,Floral,Natural Ingredients,6 x 6 x 14 cm; 222 Grams,1 January 2017,"Fogg, Helios Packaging pvt.Ltd.,A-140,EPIP Industrial Area Neemrana Dist-Alwar ,Rajasthan- 301705 Contact email: dinesh.patwal@vinisales.co.in",B016BVZTPC,I am Queen,India,"Helios Packaging pvt.Ltd.,A-140,EPIP Industrial Area Neemrana Dist-Alwar ,Rajasthan- 301705 Contact email: dinesh.patwal@vinisales.co.in",6 x 6 x 14 Centimeters,100.0 millilitre,Perfume,222 g,Not available,Not available,No,1 Perfume,Not available,Not available,Not available,Not available,Not available,Not available
Layer'r Wottagirl Body Splash Mystic Island 135ml,https://m.media-amazon.com/images/I/513Ke5EBtaL._AC_UL320_.jpg,https://amazon.in/Layerr-Wottagirl-Spray-Mystic-Island/dp/B00J59ND2O/ref=sr_1_47_mod_primary_new?crid=1EAMOLVYHA0EG&keywords=Perfumes&qid=1681214465&sbo=RZvfv%2F%2FHxDF%2BO5021pAnSA%3D%3D&sprefix=suncream%2Caps%2C303&sr=8-47,190203,225₹215,4.1,"6,355","  #1,735 in Beauty     #79 in Deodorant       #79 in Deodorant",53%,23%,12%,5%,7%,https://amazon.in/Layerr-Wottagirl-Spray-Mystic-Island/product-reviews/B00J59ND2O/ref=cm_cr_dp_d_show_all_btm?ie=UTF8&reviewerType=all_reviews,Not available,Layer'r,Spray,135 Millilitres,Floral,Travel Size,42.4 x 10.1 x 9.6 cm; 150 Grams,21 March 2014,Layer'r,B00J59ND2O,8906055790182,India,"Adjavis Venture Ltd S-18, Vrindavan Garden, Behind Aradhana Cinema, Sahibabad, Distt - Ghaziabad Contact No: 0120-4120318",42.4 x 10.1 x 9.6 Centimeters,135.00 millilitre,Not available,150 g,Not available,Not available,No,Not available,Not available,Not available,Not available,Not available,Not available,Not available
"Park Avenue Neo Perfume For Men Fresh Long Lasting Fragrance Super Saver Mega Pack 220 ml, Multicolor",https://m.media-amazon.com/images/I/61vLtVe3x6L._AC_UL320_.jpg,https://amazon.in/Park-Avenue-Mega-Signature-235ml/dp/B077P7T61W/ref=sr_1_48?crid=1EAMOLVYHA0EG&keywords=Perfumes&qid=1681214465&sprefix=suncream%2Caps%2C303&sr=8-48,281,329,4.3,"1,135","  #5,942 in Beauty     #126 in Perfume       #126 in Perfume",60%,23%,8%,4%,6%,https://amazon.in/Park-Avenue-Mega-Signature-235ml/product-reviews/B077P7T61W/ref=cm_cr_dp_d_show_all_btm?ie=UTF8&reviewerType=all_reviews,Not available,Park Avenue,Aerosol,220 Millilitres,Fresh,Not available,53 x 53 x 203 cm; 167 Grams,22 November 2017,"Helios Packaging, M/s Helios Packaging Pvt Ltd, A-140, EPIP, Neemrana Ind. Area, Dist Alwar-301705, Rajasthan Suhan Aerosol, Radheshyam Ind. Comples, Asangaon (W), Tal Shahapur, Thane 421601, Maharashtra legal@heliospack.com",B077P7T61W,NPABDN100007,India,"Helios Packaging, A-140, Ind. Area, EPIP Neemrana, Dist. Alwar - 301 705, Rajasthan; legal@heliospack.com",53 x 53 x 203 Centimeters,235 millilitre,Deodorant Spray,167 g,Not available,Not available,Not available,"Neo Signature Deo For Men, 220ml",Not available,Not available,Not available,Not available,Not available,Body_spray
"Park Avenue Perfume for Men, Harmony 100ml | Eau De Parfum | Premium, Long Lasting, Intense Fragrance Spray | Suitable for every occasion | Ideal Valentines Day Gift",https://m.media-amazon.com/images/I/613pg4Wtl-L._AC_UL320_.jpg,https://amazon.in/Park-Avenue-Perfume-Harmony-100ml/dp/B07845CN2K/ref=sr_1_49?crid=1EAMOLVYHA0EG&keywords=Perfumes&qid=1681214465&sprefix=suncream%2Caps%2C303&sr=8-49,415,749,3.9,"1,257","  #1,319 in Beauty     #24 in Perfume       #24 in Perfume",49%,21%,14%,5%,11%,https://amazon.in/Park-Avenue-Perfume-Harmony-100ml/product-reviews/B07845CN2K/ref=cm_cr_dp_d_show_all_btm?ie=UTF8&reviewerType=all_reviews,Not available,Park Avenue,Spray,100 Millilitres,Amber Wood,Scented,12.7 x 6.1 x 17.2 cm; 350 Grams,22 November 2017,"Helios Packaging, (A) M/s. HELIOS PACKAGING PVT. LTD. A-140, Ind. Area, EPIP Neemrana, Dist. Alwar - 301 705, Rajasthan. M.L. No.: M Raj.2458-C. St. Ex. Lic.No.: 01/2018-2019 ,( B) PRIMACY INDUSTRIES LTD, Unit-4, Plot No.7D, Baikampady Ind.Area, Baikampady, Mangaluru- 575011, Karnataka, India. Mfg. Lic. No.M.KTK/32/309/2017, (C) Suhan Aerosol, J / 1 – 8, Radheyshyam Industrial Complex, Village Asangaon (W), Tal. Shahapur, Thane-421 601, Maharashtra. Mfg.Lic.No.: M KD/C /450, St.Ex.Lic.No.: 92.(D)Pontika Aerotech ltd. Village Johron, PO Puruwala, Nahan Road, Paonta Sahib, Distric Sirmour-173001 Himachal Pradesh Mfg.Lic.No.MN-COS/18/47 State Ex.Lic.In Form L-19A, (E) Aroma De France Block No.324,Near IPCA Laboratory, AT & POST : Ranu, TA : Padra, DIST:Vadodara,Gujarat-391445 Mfg Lic. No. – M GC/942.",B07845CN2K,8901277015778,India,"(A) M/s. HELIOS PACKAGING PVT. LTD. A-140, Ind. Area, EPIP Neemrana, Dist. Alwar - 301 705, Rajasthan. M.L. No.: M Raj.2458-C. St. Ex. Lic.No.: 01/2018-2019 ,( B) PRIMACY INDUSTRIES LTD, Unit-4, Plot No.7D, Baikampady Ind.Area, Baikampady, Mangaluru- 575011, Karnataka, India. Mfg. Lic. No.M.KTK/32/309/2017, (C) Suhan Aerosol, J / 1 – 8, Radheyshyam Industrial Complex, Village Asangaon (W), Tal. Shahapur, Thane-421 601, Maharashtra. Mfg.Lic.No.: M KD/C /450, St.Ex.Lic.No.: 92.(D)Pontika Aerotech ltd. Village Johron, PO Puruwala, Nahan Road, Paonta Sahib, Distric Sirmour-173001 Himachal Pradesh Mfg.Lic.No.MN-COS/18/47 State Ex.Lic.In Form L-19A, (E) Aroma De France Block No.324,Near IPCA Laboratory, AT & POST : Ranu, TA : Padra, DIST:Vadodara,Gujarat-391445 Mfg Lic. No. – M GC/942.",12.7 x 6.1 x 17.2 Centimeters,100.0 millilitre,Perfume,350 g,Not available,Not available,Not available,"Eau De Perfume, Harmony, 100ml",Not available,Not available,Not available,Not available,Not available,Not available
"Engage W3 Perfume Spray For Women, Citrus and Floral, Skin Friendly, 120ml",https://m.media-amazon.com/images/I/61ZgqCMYYDL._AC_UL320_.jpg,https://amazon.in/Engage-W3-Perfume-Spray-120ml/dp/B0742DD3VC/ref=sr_1_50?crid=1EAMOLVYHA0EG&keywords=Perfumes&qid=1681214465&sprefix=suncream%2Caps%2C303&sr=8-50,180,225,4.1,"1,949","  #1,356 in Beauty     #25 in Perfume   #61 in Deodorant       #25 in Perfume #61 in Deodorant",54%,22%,13%,5%,7%,https://amazon.in/Engage-W3-Perfume-Spray-120ml/product-reviews/B0742DD3VC/ref=cm_cr_dp_d_show_all_btm?ie=UTF8&reviewerType=all_reviews,Not available,Engage,Spray,120 Millilitres,"Floral,Citrus",Long Lasting,4.2 x 15.7 x 4.2 cm; 109 Grams,18 July 2017,"Engage, 1. MIDAS-CARE PHARMACEUTICALS PVT. LTD., B-16, MIDC, WALUJ, AURANGABAD - 431136 Maharashtra , Licence No. AD/009, +91-9890225544 2. Vanesa Cosmetics 196/186/11/3-4, Village Johron, Trilokpur Road, Kala Amb, District Sirmour-173030, Himachal Pradesh. Licence No-HIM/COS/6/93, +91-6307384140 3. ITC LIMITED, MANPURA, BADDI, SOLAN, HIMACHAL PRADESH-174101, M HIM/COS/09/134, +91-9593024442",B0742DD3VC,8901725959203,India,"1. MIDAS-CARE PHARMACEUTICALS PVT. LTD., B-16, MIDC, WALUJ, AURANGABAD - 431136 Maharashtra , Licence No. AD/009, +91-9890225544 2. Vanesa Cosmetics 196/186/11/3-4, Village Johron, Trilokpur Road, Kala Amb, District Sirmour-173030, Himachal Pradesh. Licence No-HIM/COS/6/93, +91-6307384140 3. ITC LIMITED, MANPURA, BADDI, SOLAN, HIMACHAL PRADESH-174101, M HIM/COS/09/134, +91-9593024442",42 x 157 x 42 Millimeters,120.0 millilitre,Not available,109 g,Not available,Not available,No,1 Bottle with cap,Not available,Not available,Not available,Not available,Not available,Not available
